Transaction_ID,Order_Date,Region,Category,Quantity,Unit_Price,Shipping_Cost
TXN-100000,01/01/2025 00:00,East,Office Supplies,19,320.01,16.99
TXN-100001,01/01/2025 01:00,West,Office Supplies,8,418.2,23.19
TXN-100002,01/01/2025 02:00,North,Office Supplies,7,178.6,36.58
TXN-100003,01/01/2025 03:00,East,Office Supplies,16,120.47,6.75
TXN-100004,01/01/2025 04:00,East,Industrial Machinery,19,256.59,48.07
TXN-100005,01/01/2025 05:00,West,Office Supplies,6,361.44,7.08
TXN-100006,01/01/2025 06:00,North,Electronics,11,17.14,44.66
TXN-100007,01/01/2025 07:00,North,Office Supplies,5,289.83,45.25
TXN-100008,01/01/2025 08:00,East,Industrial Machinery,16,274.69,28.6
TXN-100009,01/01/2025 09:00,South,Office Supplies,7,153.74,11.16
TXN-100010,01/01/2025 10:00,East,Electronics,5,211.64,30.43
TXN-100011,01/01/2025 11:00,East,Industrial Machinery,11,122.81,33.29
TXN-100012,01/01/2025 12:00,East,Industrial Machinery,15,358.71,43.6
TXN-100013,01/01/2025 13:00,East,Electronics,3,291.21,29.79
TXN-100014,01/01/2025 14:00,West,Electronics,5,246.96,23.48
TXN-100015,01/01/2025 15:00,North,Electronics,5,186.05,42.72
TXN-100016,01/01/2025 16:00,West,Electronics,9,142.11,49.14
TXN-100017,01/01/2025 17:00,West,Electronics,15,372.98,34.03
TXN-100018,01/01/2025 18:00,West,Industrial Machinery,3,211.64,44.35
TXN-100019,01/01/2025 19:00,East,Industrial Machinery,6,233.38,31.94
TXN-100020,01/01/2025 20:00,South,Office Supplies,17,241.8,36.04
TXN-100021,01/01/2025 21:00,North,Office Supplies,8,210.32,35.97
TXN-100022,01/01/2025 22:00,South,Home Appliances,11,126.77,36.72
TXN-100023,01/01/2025 23:00,West,Office Supplies,6,67.79,19.45
TXN-100024,02/01/2025 00:00,West,Office Supplies,8,58.31,30.9
TXN-100025,02/01/2025 01:00,South,Electronics,10,344.62,31.74
TXN-100026,02/01/2025 02:00,South,Electronics,3,112.62,19.18
TXN-100027,02/01/2025 03:00,South,Office Supplies,14,39.69,20.74
TXN-100028,02/01/2025 04:00,West,Home Appliances,14,362.02,39.3
TXN-100029,02/01/2025 05:00,West,Electronics,10,82.44,31.22
TXN-100030,02/01/2025 06:00,North,Office Supplies,12,287.13,11.71
TXN-100031,02/01/2025 07:00,North,Office Supplies,6,162.64,42.69
TXN-100032,02/01/2025 08:00,West,Industrial Machinery,12,70.46,44.74
TXN-100033,02/01/2025 09:00,South,Home Appliances,14,195.59,25.98
TXN-100034,02/01/2025 10:00,South,Industrial Machinery,2,21.93,14.4
TXN-100035,02/01/2025 11:00,North,Home Appliances,9,380.93,47.64
TXN-100036,02/01/2025 12:00,West,Electronics,10,238.61,44.7
TXN-100037,02/01/2025 13:00,North,Home Appliances,17,75.97,16
TXN-100038,02/01/2025 14:00,North,Office Supplies,17,118.47,9.3
TXN-100039,02/01/2025 15:00,East,Office Supplies,3,210.15,24.83
TXN-100040,02/01/2025 16:00,East,Home Appliances,19,97.56,35.44
TXN-100041,02/01/2025 17:00,East,Home Appliances,1,132.21,12.89
TXN-100042,02/01/2025 18:00,South,Home Appliances,12,247.69,28.09
TXN-100043,02/01/2025 19:00,West,Industrial Machinery,7,377.27,24.14
TXN-100044,02/01/2025 20:00,West,Home Appliances,4,190.1,45.07
TXN-100045,02/01/2025 21:00,West,Electronics,10,327.03,24.33
TXN-100046,02/01/2025 22:00,West,Industrial Machinery,13,396.42,29.02
TXN-100047,02/01/2025 23:00,East,Industrial Machinery,2,109.48,47.99
TXN-100048,03/01/2025 00:00,South,Home Appliances,10,366.22,18.49
TXN-100049,03/01/2025 01:00,South,Electronics,4,344.59,18
TXN-100050,03/01/2025 02:00,East,Industrial Machinery,18,170.59,40.98
TXN-100051,03/01/2025 03:00,South,Office Supplies,5,445.45,17.49
TXN-100052,03/01/2025 04:00,East,Industrial Machinery,19,129.59,42.43
TXN-100053,03/01/2025 05:00,West,Home Appliances,2,126.21,9.3
TXN-100054,03/01/2025 06:00,East,Electronics,12,351.05,10.01
TXN-100055,03/01/2025 07:00,West,Home Appliances,17,204.36,45.56
TXN-100056,03/01/2025 08:00,West,Office Supplies,10,159.23,29.34
TXN-100057,03/01/2025 09:00,North,Office Supplies,2,93.13,37.35
TXN-100058,03/01/2025 10:00,East,Office Supplies,6,348.04,15.14
TXN-100059,03/01/2025 11:00,North,Home Appliances,8,357.16,12.48
TXN-100060,03/01/2025 12:00,East,Industrial Machinery,19,261.67,42.57
TXN-100061,03/01/2025 13:00,East,Home Appliances,11,431.45,21.14
TXN-100062,03/01/2025 14:00,North,Electronics,12,153.74,25.48
TXN-100063,03/01/2025 15:00,North,Industrial Machinery,9,110.92,6.26
TXN-100064,03/01/2025 16:00,East,Office Supplies,2,309.86,22.36
TXN-100065,03/01/2025 17:00,South,Home Appliances,8,345.03,39.67
TXN-100066,03/01/2025 18:00,West,Office Supplies,11,113.22,41.96
TXN-100067,03/01/2025 19:00,North,Office Supplies,4,48.79,36.44
TXN-100068,03/01/2025 20:00,West,Electronics,10,367.67,36.15
TXN-100069,03/01/2025 21:00,South,Industrial Machinery,16,439.79,27.78
TXN-100070,03/01/2025 22:00,South,Electronics,8,295.61,29.22
TXN-100071,03/01/2025 23:00,South,Electronics,4,136.23,38.42
TXN-100072,04/01/2025 00:00,North,Electronics,10,448.55,16.13
TXN-100073,04/01/2025 01:00,South,Office Supplies,12,403.62,15.42
TXN-100074,04/01/2025 02:00,North,Electronics,14,238.56,47.75
TXN-100075,04/01/2025 03:00,South,Electronics,16,374.1,6.25
TXN-100076,04/01/2025 04:00,West,Industrial Machinery,18,369.97,11.28
TXN-100077,04/01/2025 05:00,West,Industrial Machinery,12,421.67,30.66
TXN-100078,04/01/2025 06:00,East,Electronics,18,380.88,38.2
TXN-100079,04/01/2025 07:00,West,Industrial Machinery,7,295.18,29.21
TXN-100080,04/01/2025 08:00,East,Industrial Machinery,7,280.24,20.98
TXN-100081,04/01/2025 09:00,West,Electronics,9,218.57,49.01
TXN-100082,04/01/2025 10:00,North,Office Supplies,1,287.71,36.67
TXN-100083,04/01/2025 11:00,West,Electronics,6,361.02,42.41
TXN-100084,04/01/2025 12:00,East,Industrial Machinery,6,436.55,6.81
TXN-100085,04/01/2025 13:00,East,Office Supplies,12,218.54,15.62
TXN-100086,04/01/2025 14:00,South,Home Appliances,12,264.75,21.84
TXN-100087,04/01/2025 15:00,North,Office Supplies,10,208.77,13.22
TXN-100088,04/01/2025 16:00,West,Industrial Machinery,6,305.96,8.28
TXN-100089,04/01/2025 17:00,South,Office Supplies,17,289.2,15.13
TXN-100090,04/01/2025 18:00,West,Electronics,19,23.25,29.01
TXN-100091,04/01/2025 19:00,West,Home Appliances,18,250.63,36.31
TXN-100092,04/01/2025 20:00,South,Home Appliances,6,53.95,39.83
TXN-100093,04/01/2025 21:00,South,Home Appliances,19,26.96,6.93
TXN-100094,04/01/2025 22:00,South,Industrial Machinery,10,359.28,24.26
TXN-100095,04/01/2025 23:00,South,Industrial Machinery,8,127.88,10.5
TXN-100096,05/01/2025 00:00,South,Home Appliances,6,163.51,24.4
TXN-100097,05/01/2025 01:00,West,Office Supplies,7,43.34,24.53
TXN-100098,05/01/2025 02:00,South,Home Appliances,1,93.49,27.42
TXN-100099,05/01/2025 03:00,North,Office Supplies,18,348.16,45.18
TXN-100100,05/01/2025 04:00,East,Office Supplies,12,229.94,41.23
TXN-100101,05/01/2025 05:00,South,Industrial Machinery,16,398.15,33.65
TXN-100102,05/01/2025 06:00,South,Office Supplies,10,188.1,44.84
TXN-100103,05/01/2025 07:00,West,Home Appliances,10,132.25,35.53
TXN-100104,05/01/2025 08:00,South,Industrial Machinery,14,166.53,41.85
TXN-100105,05/01/2025 09:00,South,Electronics,10,325.2,30.37
TXN-100106,05/01/2025 10:00,South,Electronics,10,256.65,28.63
TXN-100107,05/01/2025 11:00,West,Industrial Machinery,11,408.37,37.58
TXN-100108,05/01/2025 12:00,South,Home Appliances,2,277.14,5.89
TXN-100109,05/01/2025 13:00,East,Electronics,8,229.72,36.07
TXN-100110,05/01/2025 14:00,West,Electronics,7,356.91,47.05
TXN-100111,05/01/2025 15:00,East,Office Supplies,8,427.2,37.13
TXN-100112,05/01/2025 16:00,West,Office Supplies,1,170.12,6.66
TXN-100113,05/01/2025 17:00,South,Home Appliances,2,124.07,22
TXN-100114,05/01/2025 18:00,East,Industrial Machinery,18,283.25,41.43
TXN-100115,05/01/2025 19:00,West,Home Appliances,15,232.26,48.14
TXN-100116,05/01/2025 20:00,North,Industrial Machinery,1,445.3,21.66
TXN-100117,05/01/2025 21:00,South,Electronics,5,216.4,42.85
TXN-100118,05/01/2025 22:00,West,Office Supplies,2,47.8,43.87
TXN-100119,05/01/2025 23:00,North,Home Appliances,3,440.17,10.55
TXN-100120,06/01/2025 00:00,West,Home Appliances,19,382.04,43.06
TXN-100121,06/01/2025 01:00,North,Industrial Machinery,18,92.95,19.59
TXN-100122,06/01/2025 02:00,South,Industrial Machinery,18,408.55,31.7
TXN-100123,06/01/2025 03:00,East,Home Appliances,14,163.52,29.25
TXN-100124,06/01/2025 04:00,North,Industrial Machinery,8,179.36,34.84
TXN-100125,06/01/2025 05:00,West,Home Appliances,12,409.33,38.32
TXN-100126,06/01/2025 06:00,South,Home Appliances,10,245.84,24.84
TXN-100127,06/01/2025 07:00,North,Home Appliances,17,75.36,44.97
TXN-100128,06/01/2025 08:00,West,Electronics,11,175.85,41.43
TXN-100129,06/01/2025 09:00,West,Industrial Machinery,2,329.25,40.34
TXN-100130,06/01/2025 10:00,West,Office Supplies,4,91.18,25.62
TXN-100131,06/01/2025 11:00,North,Office Supplies,1,271.96,6.69
TXN-100132,06/01/2025 12:00,North,Industrial Machinery,15,317.6,27.15
TXN-100133,06/01/2025 13:00,North,Home Appliances,13,164.9,45.43
TXN-100134,06/01/2025 14:00,East,Office Supplies,8,316.99,13.57
TXN-100135,06/01/2025 15:00,North,Office Supplies,4,399.69,49.22
TXN-100136,06/01/2025 16:00,North,Industrial Machinery,10,220.63,41.35
TXN-100137,06/01/2025 17:00,North,Office Supplies,19,181.87,36.94
TXN-100138,06/01/2025 18:00,East,Home Appliances,18,124.63,35.47
TXN-100139,06/01/2025 19:00,North,Industrial Machinery,5,278.03,31.42
TXN-100140,06/01/2025 20:00,West,Home Appliances,19,397.8,37.43
TXN-100141,06/01/2025 21:00,North,Office Supplies,16,156.57,23.99
TXN-100142,06/01/2025 22:00,West,Office Supplies,1,187.66,43.04
TXN-100143,06/01/2025 23:00,West,Home Appliances,12,192.18,36.34
TXN-100144,07/01/2025 00:00,West,Electronics,2,259.17,39.71
TXN-100145,07/01/2025 01:00,East,Office Supplies,8,114.74,40.66
TXN-100146,07/01/2025 02:00,East,Electronics,18,372.75,9.14
TXN-100147,07/01/2025 03:00,East,Office Supplies,16,143.94,7.5
TXN-100148,07/01/2025 04:00,North,Electronics,5,321.98,41.04
TXN-100149,07/01/2025 05:00,West,Electronics,13,238.49,16.67
TXN-100150,07/01/2025 06:00,East,Electronics,19,270.07,31.19
TXN-100151,07/01/2025 07:00,East,Home Appliances,3,93.54,24.97
TXN-100152,07/01/2025 08:00,North,Electronics,8,334.87,5.99
TXN-100153,07/01/2025 09:00,East,Electronics,12,97.46,6.81
TXN-100154,07/01/2025 10:00,North,Electronics,2,64.8,42.22
TXN-100155,07/01/2025 11:00,South,Office Supplies,11,253.03,32.35
TXN-100156,07/01/2025 12:00,East,Electronics,12,323.69,28.57
TXN-100157,07/01/2025 13:00,South,Office Supplies,18,37.24,47.5
TXN-100158,07/01/2025 14:00,North,Electronics,13,45.65,12.79
TXN-100159,07/01/2025 15:00,West,Electronics,5,364.26,16.61
TXN-100160,07/01/2025 16:00,East,Home Appliances,12,367.02,39.05
TXN-100161,07/01/2025 17:00,North,Office Supplies,2,122.08,39.89
TXN-100162,07/01/2025 18:00,West,Electronics,5,282.82,23.22
TXN-100163,07/01/2025 19:00,West,Office Supplies,7,208.06,47.79
TXN-100164,07/01/2025 20:00,South,Office Supplies,12,290.41,47.22
TXN-100165,07/01/2025 21:00,North,Industrial Machinery,16,390.42,5.56
TXN-100166,07/01/2025 22:00,West,Home Appliances,8,50.2,12.75
TXN-100167,07/01/2025 23:00,East,Home Appliances,9,353.53,41.91
TXN-100168,08/01/2025 00:00,East,Home Appliances,15,229.72,20.08
TXN-100169,08/01/2025 01:00,South,Industrial Machinery,5,260.61,9.3
TXN-100170,08/01/2025 02:00,West,Industrial Machinery,13,299.63,40.32
TXN-100171,08/01/2025 03:00,North,Home Appliances,5,416.38,25.46
TXN-100172,08/01/2025 04:00,East,Industrial Machinery,11,40.14,27.16
TXN-100173,08/01/2025 05:00,West,Industrial Machinery,10,28.31,13.39
TXN-100174,08/01/2025 06:00,West,Industrial Machinery,13,92.95,34.74
TXN-100175,08/01/2025 07:00,South,Home Appliances,9,444.11,29.81
TXN-100176,08/01/2025 08:00,East,Home Appliances,14,326.2,14.3
TXN-100177,08/01/2025 09:00,East,Home Appliances,18,282.56,20.31
TXN-100178,08/01/2025 10:00,North,Industrial Machinery,15,35.94,31.86
TXN-100179,08/01/2025 11:00,East,Home Appliances,10,397.47,46.62
TXN-100180,08/01/2025 12:00,North,Industrial Machinery,7,368.64,46.42
TXN-100181,08/01/2025 13:00,East,Electronics,8,304.36,17.96
TXN-100182,08/01/2025 14:00,South,Industrial Machinery,3,162.85,38.1
TXN-100183,08/01/2025 15:00,East,Office Supplies,15,46.13,39.9
TXN-100184,08/01/2025 16:00,North,Home Appliances,16,267.53,41.4
TXN-100185,08/01/2025 17:00,North,Home Appliances,4,328.21,30.68
TXN-100186,08/01/2025 18:00,South,Office Supplies,6,56.45,5.47
TXN-100187,08/01/2025 19:00,East,Industrial Machinery,1,290.87,39.28
TXN-100188,08/01/2025 20:00,East,Electronics,4,139.93,9.8
TXN-100189,08/01/2025 21:00,South,Office Supplies,11,347.56,10.26
TXN-100190,08/01/2025 22:00,East,Office Supplies,12,249.96,32.25
TXN-100191,08/01/2025 23:00,East,Industrial Machinery,5,71.57,49.26
TXN-100192,09/01/2025 00:00,North,Home Appliances,16,244.27,15.91
TXN-100193,09/01/2025 01:00,East,Industrial Machinery,13,187.45,34.06
TXN-100194,09/01/2025 02:00,East,Office Supplies,13,93.86,18.66
TXN-100195,09/01/2025 03:00,South,Office Supplies,17,381.14,45.44
TXN-100196,09/01/2025 04:00,South,Home Appliances,7,20.29,31.71
TXN-100197,09/01/2025 05:00,West,Home Appliances,8,151.12,14.34
TXN-100198,09/01/2025 06:00,North,Home Appliances,13,20.97,16.8
TXN-100199,09/01/2025 07:00,East,Industrial Machinery,16,57.22,24.46
TXN-100200,09/01/2025 08:00,East,Home Appliances,4,144.59,10.49
TXN-100201,09/01/2025 09:00,West,Office Supplies,8,39.08,8.54
TXN-100202,09/01/2025 10:00,East,Office Supplies,16,274.74,35.6
TXN-100203,09/01/2025 11:00,North,Electronics,10,53.24,23.32
TXN-100204,09/01/2025 12:00,West,Industrial Machinery,12,320.39,37.68
TXN-100205,09/01/2025 13:00,North,Electronics,12,38.37,9.95
TXN-100206,09/01/2025 14:00,West,Office Supplies,5,41.27,32.44
TXN-100207,09/01/2025 15:00,West,Electronics,16,148.16,24.95
TXN-100208,09/01/2025 16:00,South,Office Supplies,1,405.06,7.61
TXN-100209,09/01/2025 17:00,North,Electronics,9,294.19,29.52
TXN-100210,09/01/2025 18:00,East,Home Appliances,12,350.12,8.73
TXN-100211,09/01/2025 19:00,East,Electronics,5,77,42.25
TXN-100212,09/01/2025 20:00,North,Home Appliances,3,377.93,33.44
TXN-100213,09/01/2025 21:00,East,Home Appliances,5,19.04,30.06
TXN-100214,09/01/2025 22:00,East,Industrial Machinery,2,108.07,11.01
TXN-100215,09/01/2025 23:00,North,Home Appliances,14,283.19,17.94
TXN-100216,10/01/2025 00:00,West,Home Appliances,2,178.54,27.18
TXN-100217,10/01/2025 01:00,North,Electronics,13,443.13,33.5
TXN-100218,10/01/2025 02:00,West,Office Supplies,7,28.68,13.25
TXN-100219,10/01/2025 03:00,East,Industrial Machinery,10,449.39,5.4
TXN-100220,10/01/2025 04:00,East,Home Appliances,13,286.47,20.51
TXN-100221,10/01/2025 05:00,East,Industrial Machinery,16,258.26,26.73
TXN-100222,10/01/2025 06:00,South,Electronics,14,41.36,13.3
TXN-100223,10/01/2025 07:00,West,Home Appliances,11,134.26,27.15
TXN-100224,10/01/2025 08:00,South,Electronics,10,417.27,20.23
TXN-100225,10/01/2025 09:00,South,Industrial Machinery,6,169.42,25.48
TXN-100226,10/01/2025 10:00,North,Electronics,4,302.99,20.64
TXN-100227,10/01/2025 11:00,South,Industrial Machinery,1,449.78,33.28
TXN-100228,10/01/2025 12:00,North,Electronics,7,129.8,6.93
TXN-100229,10/01/2025 13:00,North,Industrial Machinery,9,265.81,12.69
TXN-100230,10/01/2025 14:00,South,Office Supplies,8,318.1,24.47
TXN-100231,10/01/2025 15:00,West,Electronics,5,87.03,21.03
TXN-100232,10/01/2025 16:00,West,Electronics,19,80.1,22.62
TXN-100233,10/01/2025 17:00,West,Office Supplies,10,213.77,41.17
TXN-100234,10/01/2025 18:00,West,Office Supplies,11,183.14,44.88
TXN-100235,10/01/2025 19:00,West,Electronics,15,325.83,16.19
TXN-100236,10/01/2025 20:00,South,Office Supplies,6,45.7,42.64
TXN-100237,10/01/2025 21:00,South,Home Appliances,15,437.91,25.65
TXN-100238,10/01/2025 22:00,East,Industrial Machinery,5,21.7,17.32
TXN-100239,10/01/2025 23:00,West,Industrial Machinery,19,276.77,49.35
TXN-100240,11/01/2025 00:00,South,Industrial Machinery,19,259.96,42.12
TXN-100241,11/01/2025 01:00,East,Home Appliances,10,74.03,49.74
TXN-100242,11/01/2025 02:00,West,Office Supplies,12,81.07,12.57
TXN-100243,11/01/2025 03:00,North,Office Supplies,4,359.92,11.47
TXN-100244,11/01/2025 04:00,East,Electronics,18,401.15,27.65
TXN-100245,11/01/2025 05:00,South,Office Supplies,16,138.47,33.74
TXN-100246,11/01/2025 06:00,North,Electronics,8,205.8,12.7
TXN-100247,11/01/2025 07:00,North,Home Appliances,4,169.75,43.72
TXN-100248,11/01/2025 08:00,North,Industrial Machinery,12,47.02,28.94
TXN-100249,11/01/2025 09:00,East,Industrial Machinery,2,308.01,23.49
TXN-100250,11/01/2025 10:00,South,Industrial Machinery,4,374.05,32.09
TXN-100251,11/01/2025 11:00,North,Office Supplies,5,147.97,33.57
TXN-100252,11/01/2025 12:00,West,Electronics,3,445.73,6.93
TXN-100253,11/01/2025 13:00,North,Electronics,9,48.46,50
TXN-100254,11/01/2025 14:00,North,Home Appliances,18,303.05,21.38
TXN-100255,11/01/2025 15:00,East,Office Supplies,11,210.26,7.77
TXN-100256,11/01/2025 16:00,East,Home Appliances,3,209.55,43.35
TXN-100257,11/01/2025 17:00,South,Electronics,2,214.35,49.69
TXN-100258,11/01/2025 18:00,West,Electronics,9,127.9,41.74
TXN-100259,11/01/2025 19:00,East,Industrial Machinery,14,326.41,43.33
TXN-100260,11/01/2025 20:00,North,Office Supplies,4,329.03,33.17
TXN-100261,11/01/2025 21:00,South,Electronics,9,138.2,46.5
TXN-100262,11/01/2025 22:00,North,Industrial Machinery,13,378.44,6.61
TXN-100263,11/01/2025 23:00,North,Office Supplies,18,153.17,39.5
TXN-100264,12/01/2025 00:00,East,Home Appliances,15,330.55,35.18
TXN-100265,12/01/2025 01:00,South,Office Supplies,10,68.07,7.23
TXN-100266,12/01/2025 02:00,West,Office Supplies,16,88.8,29.48
TXN-100267,12/01/2025 03:00,West,Electronics,12,152.71,28.18
TXN-100268,12/01/2025 04:00,East,Electronics,5,273.54,36.12
TXN-100269,12/01/2025 05:00,East,Office Supplies,2,295.97,8.49
TXN-100270,12/01/2025 06:00,South,Electronics,10,187.72,41.24
TXN-100271,12/01/2025 07:00,West,Electronics,1,49.32,11.27
TXN-100272,12/01/2025 08:00,West,Electronics,7,177.84,23.84
TXN-100273,12/01/2025 09:00,West,Industrial Machinery,17,314.77,44.66
TXN-100274,12/01/2025 10:00,North,Industrial Machinery,16,307.05,30.22
TXN-100275,12/01/2025 11:00,West,Office Supplies,3,85.11,22.08
TXN-100276,12/01/2025 12:00,North,Electronics,14,18.88,7.17
TXN-100277,12/01/2025 13:00,South,Industrial Machinery,10,342.67,35.25
TXN-100278,12/01/2025 14:00,North,Office Supplies,7,61.72,49.39
TXN-100279,12/01/2025 15:00,South,Electronics,17,51.28,46.03
TXN-100280,12/01/2025 16:00,West,Home Appliances,6,16.67,37.28
TXN-100281,12/01/2025 17:00,West,Electronics,4,203.47,9.74
TXN-100282,12/01/2025 18:00,South,Electronics,17,234.17,15.77
TXN-100283,12/01/2025 19:00,East,Industrial Machinery,9,292.57,13.41
TXN-100284,12/01/2025 20:00,South,Office Supplies,4,144.14,21
TXN-100285,12/01/2025 21:00,East,Office Supplies,7,324.18,15.6
TXN-100286,12/01/2025 22:00,North,Industrial Machinery,2,89.07,16
TXN-100287,12/01/2025 23:00,North,Electronics,17,377,32.75
TXN-100288,13/01/2025 00:00,North,Home Appliances,8,263.97,19.34
TXN-100289,13/01/2025 01:00,West,Electronics,15,269.2,35.47
TXN-100290,13/01/2025 02:00,North,Electronics,15,106.65,47.66
TXN-100291,13/01/2025 03:00,East,Home Appliances,8,47.7,33.73
TXN-100292,13/01/2025 04:00,North,Industrial Machinery,16,217.42,38.82
TXN-100293,13/01/2025 05:00,South,Office Supplies,19,282.98,38.82
TXN-100294,13/01/2025 06:00,South,Industrial Machinery,11,56.8,19.88
TXN-100295,13/01/2025 07:00,West,Industrial Machinery,2,428.51,5.67
TXN-100296,13/01/2025 08:00,South,Electronics,17,441.49,7.48
TXN-100297,13/01/2025 09:00,East,Office Supplies,16,252.5,17.69
TXN-100298,13/01/2025 10:00,North,Office Supplies,15,428.31,36.03
TXN-100299,13/01/2025 11:00,West,Industrial Machinery,13,93.47,45.8
TXN-100300,13/01/2025 12:00,North,Home Appliances,15,26.55,48.15
TXN-100301,13/01/2025 13:00,North,Industrial Machinery,4,32.62,6.16
TXN-100302,13/01/2025 14:00,East,Home Appliances,16,270.77,49.55
TXN-100303,13/01/2025 15:00,South,Office Supplies,12,42.28,19.51
TXN-100304,13/01/2025 16:00,South,Industrial Machinery,4,431.99,42.93
TXN-100305,13/01/2025 17:00,North,Electronics,3,77.17,13.11
TXN-100306,13/01/2025 18:00,West,Industrial Machinery,17,147.9,7.83
TXN-100307,13/01/2025 19:00,South,Office Supplies,18,372.88,22.03
TXN-100308,13/01/2025 20:00,West,Electronics,18,110.54,43.65
TXN-100309,13/01/2025 21:00,South,Electronics,17,121.07,14.94
TXN-100310,13/01/2025 22:00,West,Home Appliances,12,294.58,11.93
TXN-100311,13/01/2025 23:00,East,Electronics,4,135.46,45.94
TXN-100312,14/01/2025 00:00,West,Electronics,12,109.98,47.23
TXN-100313,14/01/2025 01:00,East,Industrial Machinery,15,125.94,5.56
TXN-100314,14/01/2025 02:00,East,Office Supplies,16,228.69,37.73
TXN-100315,14/01/2025 03:00,West,Home Appliances,5,435.27,18.91
TXN-100316,14/01/2025 04:00,East,Industrial Machinery,15,377.11,21.86
TXN-100317,14/01/2025 05:00,North,Electronics,17,139.16,26.11
TXN-100318,14/01/2025 06:00,East,Electronics,18,173.39,24.21
TXN-100319,14/01/2025 07:00,South,Home Appliances,5,217.33,28.17
TXN-100320,14/01/2025 08:00,West,Office Supplies,13,440.84,31.21
TXN-100321,14/01/2025 09:00,North,Home Appliances,19,90.4,25.95
TXN-100322,14/01/2025 10:00,West,Industrial Machinery,13,170.83,36.57
TXN-100323,14/01/2025 11:00,South,Home Appliances,18,332.44,37.34
TXN-100324,14/01/2025 12:00,South,Electronics,14,434.33,24.82
TXN-100325,14/01/2025 13:00,South,Industrial Machinery,4,83.14,11.41
TXN-100326,14/01/2025 14:00,East,Electronics,4,114.3,33.83
TXN-100327,14/01/2025 15:00,East,Office Supplies,19,113.56,39.78
TXN-100328,14/01/2025 16:00,West,Electronics,13,24.59,33.71
TXN-100329,14/01/2025 17:00,West,Electronics,12,277.99,31.46
TXN-100330,14/01/2025 18:00,North,Home Appliances,7,306.92,15.32
TXN-100331,14/01/2025 19:00,North,Electronics,12,277.3,34.03
TXN-100332,14/01/2025 20:00,West,Industrial Machinery,4,46.49,20.07
TXN-100333,14/01/2025 21:00,East,Industrial Machinery,2,45.58,46.38
TXN-100334,14/01/2025 22:00,South,Office Supplies,2,106.91,34.42
TXN-100335,14/01/2025 23:00,West,Industrial Machinery,5,141.63,17.52
TXN-100336,15/01/2025 00:00,North,Home Appliances,10,357.25,26.28
TXN-100337,15/01/2025 01:00,East,Office Supplies,10,84.76,43.1
TXN-100338,15/01/2025 02:00,West,Industrial Machinery,9,34.66,20.1
TXN-100339,15/01/2025 03:00,West,Home Appliances,13,186.69,28.64
TXN-100340,15/01/2025 04:00,East,Industrial Machinery,7,196.42,35.59
TXN-100341,15/01/2025 05:00,West,Industrial Machinery,5,211.42,38.95
TXN-100342,15/01/2025 06:00,East,Electronics,10,374.79,12.83
TXN-100343,15/01/2025 07:00,South,Industrial Machinery,10,58.08,30.43
TXN-100344,15/01/2025 08:00,East,Industrial Machinery,6,321.36,46.05
TXN-100345,15/01/2025 09:00,East,Home Appliances,19,162.34,48.58
TXN-100346,15/01/2025 10:00,East,Home Appliances,8,150.19,34.53
TXN-100347,15/01/2025 11:00,West,Electronics,1,420.69,49.26
TXN-100348,15/01/2025 12:00,West,Industrial Machinery,17,123.46,30.68
TXN-100349,15/01/2025 13:00,East,Electronics,7,294.68,24.92
TXN-100350,15/01/2025 14:00,West,Industrial Machinery,14,135.04,29.82
TXN-100351,15/01/2025 15:00,North,Office Supplies,17,235.85,10.21
TXN-100352,15/01/2025 16:00,North,Office Supplies,9,357.14,23.08
TXN-100353,15/01/2025 17:00,West,Electronics,17,398.61,25.63
TXN-100354,15/01/2025 18:00,West,Electronics,5,379.91,43.19
TXN-100355,15/01/2025 19:00,East,Electronics,8,268.46,39.14
TXN-100356,15/01/2025 20:00,South,Home Appliances,6,123.61,32.06
TXN-100357,15/01/2025 21:00,West,Home Appliances,11,302.81,20.63
TXN-100358,15/01/2025 22:00,North,Home Appliances,19,323.95,13.42
TXN-100359,15/01/2025 23:00,East,Electronics,4,20.15,20.65
TXN-100360,16/01/2025 00:00,West,Industrial Machinery,18,206.34,35.59
TXN-100361,16/01/2025 01:00,North,Office Supplies,1,381.9,16.84
TXN-100362,16/01/2025 02:00,North,Electronics,13,228.23,24.21
TXN-100363,16/01/2025 03:00,South,Home Appliances,14,150.79,22.4
TXN-100364,16/01/2025 04:00,East,Home Appliances,1,394.3,39.45
TXN-100365,16/01/2025 05:00,East,Electronics,11,83.23,44.77
TXN-100366,16/01/2025 06:00,South,Electronics,17,105.2,36.47
TXN-100367,16/01/2025 07:00,South,Home Appliances,4,314.16,20.37
TXN-100368,16/01/2025 08:00,East,Industrial Machinery,12,168.63,24.49
TXN-100369,16/01/2025 09:00,East,Home Appliances,10,325.31,11.45
TXN-100370,16/01/2025 10:00,West,Home Appliances,6,84.02,12.56
TXN-100371,16/01/2025 11:00,West,Electronics,1,125.11,12.39
TXN-100372,16/01/2025 12:00,South,Industrial Machinery,7,83.56,10.88
TXN-100373,16/01/2025 13:00,West,Home Appliances,16,429.54,13.08
TXN-100374,16/01/2025 14:00,North,Home Appliances,14,191.65,14.12
TXN-100375,16/01/2025 15:00,West,Office Supplies,6,162.02,10.03
TXN-100376,16/01/2025 16:00,West,Electronics,5,21.67,33.81
TXN-100377,16/01/2025 17:00,North,Office Supplies,18,82.16,49.57
TXN-100378,16/01/2025 18:00,South,Office Supplies,15,198.48,44.56
TXN-100379,16/01/2025 19:00,North,Home Appliances,6,45.26,7.05
TXN-100380,16/01/2025 20:00,West,Electronics,19,237.42,24.04
TXN-100381,16/01/2025 21:00,South,Industrial Machinery,1,213.2,43.67
TXN-100382,16/01/2025 22:00,West,Home Appliances,1,348.83,11.06
TXN-100383,16/01/2025 23:00,North,Industrial Machinery,13,302.18,43.14
TXN-100384,17/01/2025 00:00,North,Industrial Machinery,3,209.26,31.67
TXN-100385,17/01/2025 01:00,West,Electronics,10,113.12,46.91
TXN-100386,17/01/2025 02:00,East,Office Supplies,3,331.32,44.42
TXN-100387,17/01/2025 03:00,East,Electronics,9,323.07,35.47
TXN-100388,17/01/2025 04:00,North,Industrial Machinery,8,82.11,34.6
TXN-100389,17/01/2025 05:00,North,Home Appliances,3,412.96,14.59
TXN-100390,17/01/2025 06:00,East,Industrial Machinery,13,43.48,10.25
TXN-100391,17/01/2025 07:00,East,Home Appliances,6,39.41,23.69
TXN-100392,17/01/2025 08:00,West,Home Appliances,13,96.9,13.4
TXN-100393,17/01/2025 09:00,West,Electronics,12,410.66,9.61
TXN-100394,17/01/2025 10:00,East,Industrial Machinery,13,241.44,18.6
TXN-100395,17/01/2025 11:00,West,Office Supplies,2,357.86,43.72
TXN-100396,17/01/2025 12:00,West,Industrial Machinery,16,114.5,5.77
TXN-100397,17/01/2025 13:00,South,Industrial Machinery,6,228.5,18.17
TXN-100398,17/01/2025 14:00,West,Office Supplies,19,171.18,24.08
TXN-100399,17/01/2025 15:00,North,Electronics,13,375.19,27.98
TXN-100400,17/01/2025 16:00,West,Industrial Machinery,17,25.32,13.17
TXN-100401,17/01/2025 17:00,West,Industrial Machinery,9,121.45,48.39
TXN-100402,17/01/2025 18:00,East,Home Appliances,17,81.79,31.05
TXN-100403,17/01/2025 19:00,North,Industrial Machinery,2,388.82,28.49
TXN-100404,17/01/2025 20:00,West,Office Supplies,19,218.65,5.4
TXN-100405,17/01/2025 21:00,West,Home Appliances,19,191.13,26.86
TXN-100406,17/01/2025 22:00,South,Electronics,7,210.8,42.7
TXN-100407,17/01/2025 23:00,West,Home Appliances,10,437.8,14.88
TXN-100408,18/01/2025 00:00,West,Office Supplies,10,384.94,20.8
TXN-100409,18/01/2025 01:00,South,Office Supplies,9,322.42,5.93
TXN-100410,18/01/2025 02:00,East,Home Appliances,17,141.71,48.96
TXN-100411,18/01/2025 03:00,West,Electronics,15,87.27,8
TXN-100412,18/01/2025 04:00,South,Home Appliances,2,415.86,45.42
TXN-100413,18/01/2025 05:00,North,Electronics,4,199.33,19.08
TXN-100414,18/01/2025 06:00,East,Home Appliances,19,136.62,31.44
TXN-100415,18/01/2025 07:00,North,Office Supplies,17,220.12,35.57
TXN-100416,18/01/2025 08:00,North,Industrial Machinery,5,414.3,11.34
TXN-100417,18/01/2025 09:00,South,Industrial Machinery,7,183.68,24.97
TXN-100418,18/01/2025 10:00,West,Electronics,18,259.97,19.65
TXN-100419,18/01/2025 11:00,South,Electronics,7,364.39,7.55
TXN-100420,18/01/2025 12:00,South,Electronics,17,201.09,42.49
TXN-100421,18/01/2025 13:00,South,Office Supplies,7,116.97,7.03
TXN-100422,18/01/2025 14:00,South,Home Appliances,4,447.62,34.4
TXN-100423,18/01/2025 15:00,East,Office Supplies,8,431.13,19.13
TXN-100424,18/01/2025 16:00,West,Industrial Machinery,13,381.99,13.65
TXN-100425,18/01/2025 17:00,North,Electronics,4,314.6,35.02
TXN-100426,18/01/2025 18:00,North,Home Appliances,6,143.62,30.85
TXN-100427,18/01/2025 19:00,West,Industrial Machinery,5,412.38,19.19
TXN-100428,18/01/2025 20:00,North,Industrial Machinery,12,135.23,28.08
TXN-100429,18/01/2025 21:00,West,Industrial Machinery,4,363.45,16.08
TXN-100430,18/01/2025 22:00,North,Office Supplies,9,414.48,43.87
TXN-100431,18/01/2025 23:00,South,Electronics,4,277.51,19.12
TXN-100432,19/01/2025 00:00,North,Industrial Machinery,19,364.43,16.03
TXN-100433,19/01/2025 01:00,West,Electronics,14,359.49,38.83
TXN-100434,19/01/2025 02:00,West,Office Supplies,5,99.43,5.79
TXN-100435,19/01/2025 03:00,West,Industrial Machinery,18,305.71,17.06
TXN-100436,19/01/2025 04:00,West,Office Supplies,10,56.11,21.89
TXN-100437,19/01/2025 05:00,West,Office Supplies,19,236.16,44.7
TXN-100438,19/01/2025 06:00,East,Electronics,12,85.99,47.77
TXN-100439,19/01/2025 07:00,East,Industrial Machinery,18,196.4,37.24
TXN-100440,19/01/2025 08:00,North,Office Supplies,17,377.43,27.16
TXN-100441,19/01/2025 09:00,West,Industrial Machinery,11,444.42,33.83
TXN-100442,19/01/2025 10:00,North,Electronics,3,153.65,23.63
TXN-100443,19/01/2025 11:00,West,Office Supplies,17,246.63,18.45
TXN-100444,19/01/2025 12:00,West,Electronics,1,237.66,47.78
TXN-100445,19/01/2025 13:00,East,Industrial Machinery,15,430.19,10.19
TXN-100446,19/01/2025 14:00,East,Industrial Machinery,9,223.44,20.59
TXN-100447,19/01/2025 15:00,South,Electronics,15,319.26,45.46
TXN-100448,19/01/2025 16:00,East,Home Appliances,3,416.02,37.54
TXN-100449,19/01/2025 17:00,South,Office Supplies,19,177.73,6.31
TXN-100450,19/01/2025 18:00,South,Industrial Machinery,13,407.47,6.04
TXN-100451,19/01/2025 19:00,South,Industrial Machinery,12,414.13,28.24
TXN-100452,19/01/2025 20:00,South,Office Supplies,1,419.87,26.79
TXN-100453,19/01/2025 21:00,South,Electronics,17,133.01,24.93
TXN-100454,19/01/2025 22:00,North,Electronics,13,189.45,18.61
TXN-100455,19/01/2025 23:00,East,Electronics,1,393.69,49.4
TXN-100456,20/01/2025 00:00,South,Home Appliances,10,171.56,17.24
TXN-100457,20/01/2025 01:00,West,Home Appliances,15,276.31,27.05
TXN-100458,20/01/2025 02:00,East,Industrial Machinery,7,66.79,23.22
TXN-100459,20/01/2025 03:00,East,Electronics,18,39.95,12.66
TXN-100460,20/01/2025 04:00,South,Office Supplies,16,194.51,14.12
TXN-100461,20/01/2025 05:00,North,Industrial Machinery,14,267.04,46.32
TXN-100462,20/01/2025 06:00,South,Office Supplies,18,186.13,43.62
TXN-100463,20/01/2025 07:00,North,Industrial Machinery,7,266.53,13.96
TXN-100464,20/01/2025 08:00,West,Home Appliances,17,239.3,44.4
TXN-100465,20/01/2025 09:00,East,Industrial Machinery,18,313.44,14.41
TXN-100466,20/01/2025 10:00,West,Home Appliances,12,297.72,33.19
TXN-100467,20/01/2025 11:00,North,Industrial Machinery,8,199.83,8.66
TXN-100468,20/01/2025 12:00,North,Electronics,2,200.16,44.62
TXN-100469,20/01/2025 13:00,West,Office Supplies,7,76.67,7.32
TXN-100470,20/01/2025 14:00,North,Electronics,4,238.5,29.97
TXN-100471,20/01/2025 15:00,West,Industrial Machinery,18,270.63,40.09
TXN-100472,20/01/2025 16:00,East,Industrial Machinery,6,222.53,10.26
TXN-100473,20/01/2025 17:00,West,Industrial Machinery,9,157.02,23.2
TXN-100474,20/01/2025 18:00,East,Home Appliances,9,329.06,6.89
TXN-100475,20/01/2025 19:00,West,Office Supplies,14,47.94,35.72
TXN-100476,20/01/2025 20:00,North,Office Supplies,8,412.82,18.84
TXN-100477,20/01/2025 21:00,West,Industrial Machinery,19,24.47,30.17
TXN-100478,20/01/2025 22:00,North,Industrial Machinery,3,433.64,46.97
TXN-100479,20/01/2025 23:00,West,Home Appliances,18,216.39,18.76
TXN-100480,21/01/2025 00:00,West,Electronics,5,194.81,7.19
TXN-100481,21/01/2025 01:00,South,Electronics,14,126.92,35.4
TXN-100482,21/01/2025 02:00,North,Office Supplies,4,19.88,40.41
TXN-100483,21/01/2025 03:00,South,Home Appliances,7,134.9,48.1
TXN-100484,21/01/2025 04:00,North,Industrial Machinery,12,63.03,12.1
TXN-100485,21/01/2025 05:00,South,Office Supplies,2,302.19,22.65
TXN-100486,21/01/2025 06:00,East,Home Appliances,11,154.14,42.99
TXN-100487,21/01/2025 07:00,West,Electronics,14,348.84,41.31
TXN-100488,21/01/2025 08:00,North,Home Appliances,16,105.41,33.12
TXN-100489,21/01/2025 09:00,North,Electronics,6,406.65,17.12
TXN-100490,21/01/2025 10:00,West,Home Appliances,4,242.74,17.78
TXN-100491,21/01/2025 11:00,North,Office Supplies,15,65.25,10.58
TXN-100492,21/01/2025 12:00,North,Electronics,1,189.67,46.48
TXN-100493,21/01/2025 13:00,South,Office Supplies,7,105.34,12.78
TXN-100494,21/01/2025 14:00,North,Office Supplies,12,102.26,30.78
TXN-100495,21/01/2025 15:00,East,Electronics,10,235.52,31.3
TXN-100496,21/01/2025 16:00,East,Electronics,5,307.44,21.63
TXN-100497,21/01/2025 17:00,West,Industrial Machinery,12,411.6,20.86
TXN-100498,21/01/2025 18:00,North,Industrial Machinery,18,233.69,35.09
TXN-100499,21/01/2025 19:00,West,Industrial Machinery,10,435.16,22.47
TXN-100500,21/01/2025 20:00,East,Office Supplies,6,424.64,16.48
TXN-100501,21/01/2025 21:00,North,Office Supplies,12,391.37,22.96
TXN-100502,21/01/2025 22:00,North,Industrial Machinery,7,232.74,41.34
TXN-100503,21/01/2025 23:00,West,Office Supplies,18,76.72,48.49
TXN-100504,22/01/2025 00:00,East,Office Supplies,2,110.18,33.62
TXN-100505,22/01/2025 01:00,North,Electronics,10,296.91,40.19
TXN-100506,22/01/2025 02:00,West,Electronics,15,198.75,28.98
TXN-100507,22/01/2025 03:00,East,Office Supplies,12,79.29,33.12
TXN-100508,22/01/2025 04:00,West,Industrial Machinery,17,223.62,49.46
TXN-100509,22/01/2025 05:00,South,Home Appliances,4,23.07,24.73
TXN-100510,22/01/2025 06:00,North,Industrial Machinery,7,334.38,7.98
TXN-100511,22/01/2025 07:00,South,Home Appliances,9,47.47,48.07
TXN-100512,22/01/2025 08:00,East,Industrial Machinery,19,288.85,40.69
TXN-100513,22/01/2025 09:00,South,Electronics,7,360.06,22.92
TXN-100514,22/01/2025 10:00,South,Office Supplies,2,73.13,49.21
TXN-100515,22/01/2025 11:00,East,Office Supplies,6,240.85,20.55
TXN-100516,22/01/2025 12:00,West,Electronics,18,354,21.75
TXN-100517,22/01/2025 13:00,South,Home Appliances,6,128.75,32.44
TXN-100518,22/01/2025 14:00,West,Home Appliances,13,86.29,17.35
TXN-100519,22/01/2025 15:00,South,Home Appliances,19,161.85,36.44
TXN-100520,22/01/2025 16:00,West,Electronics,2,256.52,11.88
TXN-100521,22/01/2025 17:00,East,Home Appliances,12,265.46,9.86
TXN-100522,22/01/2025 18:00,South,Electronics,15,72.37,29.07
TXN-100523,22/01/2025 19:00,East,Industrial Machinery,14,214.31,30
TXN-100524,22/01/2025 20:00,South,Industrial Machinery,6,132.07,9.8
TXN-100525,22/01/2025 21:00,East,Electronics,18,381.36,48.39
TXN-100526,22/01/2025 22:00,East,Office Supplies,5,151.75,30.8
TXN-100527,22/01/2025 23:00,South,Industrial Machinery,18,379.92,11.8
TXN-100528,23/01/2025 00:00,South,Home Appliances,3,201.71,19.01
TXN-100529,23/01/2025 01:00,South,Electronics,3,331.2,41.01
TXN-100530,23/01/2025 02:00,North,Home Appliances,10,237.12,28.55
TXN-100531,23/01/2025 03:00,West,Home Appliances,19,285.74,13.47
TXN-100532,23/01/2025 04:00,North,Office Supplies,3,187.28,9.63
TXN-100533,23/01/2025 05:00,North,Home Appliances,12,349.29,24.38
TXN-100534,23/01/2025 06:00,East,Office Supplies,16,200.24,20.18
TXN-100535,23/01/2025 07:00,South,Industrial Machinery,17,214.27,34.52
TXN-100536,23/01/2025 08:00,West,Electronics,7,240.43,46.64
TXN-100537,23/01/2025 09:00,East,Home Appliances,13,376.93,16.15
TXN-100538,23/01/2025 10:00,North,Electronics,2,302,43.49
TXN-100539,23/01/2025 11:00,South,Home Appliances,4,167.21,46.42
TXN-100540,23/01/2025 12:00,East,Electronics,10,306.75,45.59
TXN-100541,23/01/2025 13:00,South,Home Appliances,7,294.63,47.84
TXN-100542,23/01/2025 14:00,East,Home Appliances,17,420.03,42.89
TXN-100543,23/01/2025 15:00,South,Home Appliances,6,381.1,31.71
TXN-100544,23/01/2025 16:00,North,Home Appliances,19,296.82,23.44
TXN-100545,23/01/2025 17:00,West,Home Appliances,5,163.88,27.13
TXN-100546,23/01/2025 18:00,North,Home Appliances,10,354.23,44.27
TXN-100547,23/01/2025 19:00,West,Home Appliances,9,265.43,18.56
TXN-100548,23/01/2025 20:00,South,Home Appliances,13,443.6,12.17
TXN-100549,23/01/2025 21:00,East,Home Appliances,19,123.04,11.34
TXN-100550,23/01/2025 22:00,North,Electronics,6,50.11,42.21
TXN-100551,23/01/2025 23:00,West,Office Supplies,4,45.87,39.27
TXN-100552,24/01/2025 00:00,North,Home Appliances,3,293.59,27.39
TXN-100553,24/01/2025 01:00,West,Office Supplies,3,423.61,17.37
TXN-100554,24/01/2025 02:00,North,Home Appliances,4,16.34,35.49
TXN-100555,24/01/2025 03:00,West,Home Appliances,5,330.85,6.73
TXN-100556,24/01/2025 04:00,West,Electronics,8,300.99,30.57
TXN-100557,24/01/2025 05:00,South,Industrial Machinery,16,333.69,22.93
TXN-100558,24/01/2025 06:00,West,Industrial Machinery,3,169.92,49
TXN-100559,24/01/2025 07:00,South,Electronics,12,372.01,27.84
TXN-100560,24/01/2025 08:00,West,Office Supplies,8,34.93,29.85
TXN-100561,24/01/2025 09:00,East,Industrial Machinery,13,343.73,37.06
TXN-100562,24/01/2025 10:00,East,Electronics,4,131.54,26.8
TXN-100563,24/01/2025 11:00,East,Electronics,14,222.69,15.11
TXN-100564,24/01/2025 12:00,West,Industrial Machinery,14,372.94,29.18
TXN-100565,24/01/2025 13:00,South,Office Supplies,13,133.41,47.49
TXN-100566,24/01/2025 14:00,South,Electronics,6,95.97,23.45
TXN-100567,24/01/2025 15:00,West,Home Appliances,17,311.53,35.58
TXN-100568,24/01/2025 16:00,East,Office Supplies,4,247.26,49.01
TXN-100569,24/01/2025 17:00,East,Office Supplies,8,239.01,42.35
TXN-100570,24/01/2025 18:00,South,Industrial Machinery,17,127.07,34.66
TXN-100571,24/01/2025 19:00,East,Industrial Machinery,3,30.66,38.12
TXN-100572,24/01/2025 20:00,North,Home Appliances,17,193.76,47.14
TXN-100573,24/01/2025 21:00,South,Electronics,9,61.8,48.19
TXN-100574,24/01/2025 22:00,East,Industrial Machinery,2,409.15,48.6
TXN-100575,24/01/2025 23:00,South,Industrial Machinery,13,33.42,33.15
TXN-100576,25/01/2025 00:00,North,Office Supplies,2,203.05,22.31
TXN-100577,25/01/2025 01:00,South,Industrial Machinery,11,38.2,10.99
TXN-100578,25/01/2025 02:00,South,Industrial Machinery,15,57.01,22.35
TXN-100579,25/01/2025 03:00,South,Industrial Machinery,11,301.78,47.43
TXN-100580,25/01/2025 04:00,South,Industrial Machinery,3,296.67,45.04
TXN-100581,25/01/2025 05:00,North,Office Supplies,3,29.86,28.56
TXN-100582,25/01/2025 06:00,West,Home Appliances,12,15.99,29.17
TXN-100583,25/01/2025 07:00,South,Home Appliances,5,49.75,18.9
TXN-100584,25/01/2025 08:00,South,Electronics,7,347.02,25.45
TXN-100585,25/01/2025 09:00,East,Industrial Machinery,7,269.5,37.15
TXN-100586,25/01/2025 10:00,South,Office Supplies,13,32.06,23.11
TXN-100587,25/01/2025 11:00,East,Electronics,9,227.58,13.46
TXN-100588,25/01/2025 12:00,West,Electronics,13,324.88,29.34
TXN-100589,25/01/2025 13:00,North,Home Appliances,12,393.06,15.14
TXN-100590,25/01/2025 14:00,North,Office Supplies,13,421.34,48.84
TXN-100591,25/01/2025 15:00,West,Office Supplies,10,157.77,22.57
TXN-100592,25/01/2025 16:00,North,Office Supplies,1,74.52,45.93
TXN-100593,25/01/2025 17:00,West,Home Appliances,8,118.44,15.15
TXN-100594,25/01/2025 18:00,West,Home Appliances,16,352.75,13.51
TXN-100595,25/01/2025 19:00,West,Home Appliances,13,437.61,32.76
TXN-100596,25/01/2025 20:00,North,Home Appliances,3,218.15,40.07
TXN-100597,25/01/2025 21:00,East,Home Appliances,3,148.18,30.5
TXN-100598,25/01/2025 22:00,West,Industrial Machinery,5,201.98,15.34
TXN-100599,25/01/2025 23:00,South,Industrial Machinery,11,147.94,6.71
TXN-100600,26/01/2025 00:00,North,Office Supplies,7,126.94,32.82
TXN-100601,26/01/2025 01:00,West,Electronics,10,273.48,10.9
TXN-100602,26/01/2025 02:00,West,Office Supplies,10,22.34,20.44
TXN-100603,26/01/2025 03:00,South,Electronics,2,128.28,35.41
TXN-100604,26/01/2025 04:00,East,Home Appliances,3,302.87,9.41
TXN-100605,26/01/2025 05:00,East,Electronics,8,29.43,10.73
TXN-100606,26/01/2025 06:00,East,Office Supplies,11,51.65,7.77
TXN-100607,26/01/2025 07:00,West,Office Supplies,13,142.98,49.82
TXN-100608,26/01/2025 08:00,West,Electronics,7,396.91,22.42
TXN-100609,26/01/2025 09:00,West,Industrial Machinery,13,347.84,45.76
TXN-100610,26/01/2025 10:00,North,Home Appliances,2,25.13,18.21
TXN-100611,26/01/2025 11:00,South,Home Appliances,6,233.49,38.89
TXN-100612,26/01/2025 12:00,West,Office Supplies,9,134.85,14.86
TXN-100613,26/01/2025 13:00,South,Industrial Machinery,2,297.34,27.42
TXN-100614,26/01/2025 14:00,South,Electronics,18,329.02,42.11
TXN-100615,26/01/2025 15:00,East,Home Appliances,16,390.41,41.74
TXN-100616,26/01/2025 16:00,North,Industrial Machinery,12,222.07,40.74
TXN-100617,26/01/2025 17:00,West,Home Appliances,7,447.59,42.07
TXN-100618,26/01/2025 18:00,East,Industrial Machinery,7,441.3,14.52
TXN-100619,26/01/2025 19:00,East,Industrial Machinery,17,398.8,26.7
TXN-100620,26/01/2025 20:00,West,Office Supplies,13,265.28,26.82
TXN-100621,26/01/2025 21:00,South,Home Appliances,11,188.43,45.07
TXN-100622,26/01/2025 22:00,East,Electronics,6,173.83,18.36
TXN-100623,26/01/2025 23:00,South,Office Supplies,14,20.77,46.92
TXN-100624,27/01/2025 00:00,North,Office Supplies,6,123.77,25.29
TXN-100625,27/01/2025 01:00,South,Electronics,6,327.82,35.14
TXN-100626,27/01/2025 02:00,North,Office Supplies,2,277.78,17.1
TXN-100627,27/01/2025 03:00,South,Industrial Machinery,15,413.69,23.46
TXN-100628,27/01/2025 04:00,East,Industrial Machinery,17,37.23,36.94
TXN-100629,27/01/2025 05:00,East,Home Appliances,8,82.97,28.07
TXN-100630,27/01/2025 06:00,North,Home Appliances,5,358.43,46.88
TXN-100631,27/01/2025 07:00,West,Electronics,17,171.27,38.17
TXN-100632,27/01/2025 08:00,North,Home Appliances,1,66.92,30.4
TXN-100633,27/01/2025 09:00,North,Industrial Machinery,18,448.46,44.9
TXN-100634,27/01/2025 10:00,South,Electronics,15,357.56,34.95
TXN-100635,27/01/2025 11:00,South,Electronics,5,193.1,34.13
TXN-100636,27/01/2025 12:00,North,Home Appliances,7,373.24,16.09
TXN-100637,27/01/2025 13:00,East,Industrial Machinery,18,311.22,22.77
TXN-100638,27/01/2025 14:00,South,Electronics,6,358.74,35.75
TXN-100639,27/01/2025 15:00,West,Industrial Machinery,5,369.71,45.13
TXN-100640,27/01/2025 16:00,South,Industrial Machinery,19,52.31,19.2
TXN-100641,27/01/2025 17:00,South,Industrial Machinery,10,286.18,14.7
TXN-100642,27/01/2025 18:00,West,Home Appliances,15,18.45,31.72
TXN-100643,27/01/2025 19:00,North,Office Supplies,10,34.38,8.02
TXN-100644,27/01/2025 20:00,West,Office Supplies,16,408.28,37.15
TXN-100645,27/01/2025 21:00,North,Electronics,12,244.73,36.64
TXN-100646,27/01/2025 22:00,North,Industrial Machinery,18,335.25,20.97
TXN-100647,27/01/2025 23:00,North,Home Appliances,1,379.83,45.17
TXN-100648,28/01/2025 00:00,West,Industrial Machinery,16,428.1,27.6
TXN-100649,28/01/2025 01:00,North,Industrial Machinery,6,393.23,34.06
TXN-100650,28/01/2025 02:00,East,Home Appliances,3,225.5,14.43
TXN-100651,28/01/2025 03:00,West,Office Supplies,2,161.48,23.78
TXN-100652,28/01/2025 04:00,East,Industrial Machinery,2,82.63,43.81
TXN-100653,28/01/2025 05:00,North,Industrial Machinery,13,189.44,14.58
TXN-100654,28/01/2025 06:00,South,Office Supplies,9,174.74,22.58
TXN-100655,28/01/2025 07:00,North,Home Appliances,16,258.64,19.31
TXN-100656,28/01/2025 08:00,East,Electronics,5,304.66,11.8
TXN-100657,28/01/2025 09:00,East,Office Supplies,7,440.58,18.04
TXN-100658,28/01/2025 10:00,West,Electronics,13,331.98,15.47
TXN-100659,28/01/2025 11:00,South,Electronics,13,295.21,46.56
TXN-100660,28/01/2025 12:00,West,Office Supplies,7,161.1,38.35
TXN-100661,28/01/2025 13:00,East,Industrial Machinery,10,30.49,19.22
TXN-100662,28/01/2025 14:00,North,Electronics,15,140.69,39.35
TXN-100663,28/01/2025 15:00,South,Electronics,6,349.39,6
TXN-100664,28/01/2025 16:00,North,Home Appliances,5,104.69,28.69
TXN-100665,28/01/2025 17:00,North,Industrial Machinery,2,324.95,16.27
TXN-100666,28/01/2025 18:00,South,Electronics,15,267.41,10.14
TXN-100667,28/01/2025 19:00,West,Home Appliances,16,90.17,44.77
TXN-100668,28/01/2025 20:00,North,Industrial Machinery,19,129.18,13.97
TXN-100669,28/01/2025 21:00,East,Office Supplies,9,231.14,42.01
TXN-100670,28/01/2025 22:00,North,Office Supplies,19,197.28,23.6
TXN-100671,28/01/2025 23:00,South,Home Appliances,7,353.79,5.64
TXN-100672,29/01/2025 00:00,South,Office Supplies,4,334.6,37.96
TXN-100673,29/01/2025 01:00,South,Electronics,3,265.15,31.84
TXN-100674,29/01/2025 02:00,West,Industrial Machinery,11,372.78,20.49
TXN-100675,29/01/2025 03:00,North,Electronics,1,259.98,17.67
TXN-100676,29/01/2025 04:00,West,Electronics,6,434.53,8.32
TXN-100677,29/01/2025 05:00,West,Office Supplies,11,109.88,47.36
TXN-100678,29/01/2025 06:00,South,Electronics,1,325.79,27.23
TXN-100679,29/01/2025 07:00,South,Office Supplies,7,176.24,8.85
TXN-100680,29/01/2025 08:00,West,Industrial Machinery,6,136.71,44.09
TXN-100681,29/01/2025 09:00,North,Industrial Machinery,14,93.88,17.55
TXN-100682,29/01/2025 10:00,East,Electronics,2,255.56,14.16
TXN-100683,29/01/2025 11:00,West,Home Appliances,4,109.12,17.64
TXN-100684,29/01/2025 12:00,North,Office Supplies,11,102.55,30.41
TXN-100685,29/01/2025 13:00,South,Office Supplies,15,445.89,8.33
TXN-100686,29/01/2025 14:00,South,Electronics,18,363.86,26.68
TXN-100687,29/01/2025 15:00,North,Office Supplies,1,340.63,45.31
TXN-100688,29/01/2025 16:00,East,Office Supplies,3,360.52,13.47
TXN-100689,29/01/2025 17:00,South,Home Appliances,3,436.5,19.9
TXN-100690,29/01/2025 18:00,South,Home Appliances,7,264.59,22.83
TXN-100691,29/01/2025 19:00,South,Electronics,1,111.2,31.38
TXN-100692,29/01/2025 20:00,North,Home Appliances,11,390.13,46.37
TXN-100693,29/01/2025 21:00,West,Electronics,6,338.22,22.75
TXN-100694,29/01/2025 22:00,South,Industrial Machinery,3,195.52,8.11
TXN-100695,29/01/2025 23:00,West,Electronics,19,221.27,20.66
TXN-100696,30/01/2025 00:00,East,Industrial Machinery,2,194.19,13.55
TXN-100697,30/01/2025 01:00,South,Electronics,18,419.56,34.33
TXN-100698,30/01/2025 02:00,South,Office Supplies,12,164.76,6.32
TXN-100699,30/01/2025 03:00,East,Home Appliances,10,434.13,18.14
TXN-100700,30/01/2025 04:00,South,Industrial Machinery,5,411.01,29.53
TXN-100701,30/01/2025 05:00,West,Electronics,9,289.46,17.48
TXN-100702,30/01/2025 06:00,North,Home Appliances,2,267.43,29.79
TXN-100703,30/01/2025 07:00,West,Electronics,2,176.3,10.16
TXN-100704,30/01/2025 08:00,North,Home Appliances,6,23.47,47.43
TXN-100705,30/01/2025 09:00,North,Home Appliances,10,70.95,18.09
TXN-100706,30/01/2025 10:00,West,Electronics,18,343.21,46.54
TXN-100707,30/01/2025 11:00,West,Industrial Machinery,12,220.38,19.66
TXN-100708,30/01/2025 12:00,West,Industrial Machinery,4,80.6,40.18
TXN-100709,30/01/2025 13:00,West,Office Supplies,17,130.19,16.08
TXN-100710,30/01/2025 14:00,East,Home Appliances,15,427.34,35.14
TXN-100711,30/01/2025 15:00,South,Office Supplies,6,175.02,19.57
TXN-100712,30/01/2025 16:00,North,Office Supplies,16,409.89,27.91
TXN-100713,30/01/2025 17:00,West,Electronics,17,147.86,35.32
TXN-100714,30/01/2025 18:00,West,Electronics,3,251.53,31.5
TXN-100715,30/01/2025 19:00,West,Electronics,10,24.4,30.93
TXN-100716,30/01/2025 20:00,East,Home Appliances,5,242.25,7.96
TXN-100717,30/01/2025 21:00,West,Electronics,14,292.25,16.21
TXN-100718,30/01/2025 22:00,West,Electronics,13,117.31,30.73
TXN-100719,30/01/2025 23:00,West,Home Appliances,6,267.05,5.82
TXN-100720,31/01/2025 00:00,South,Home Appliances,12,296.69,16.28
TXN-100721,31/01/2025 01:00,East,Industrial Machinery,8,313.95,15.31
TXN-100722,31/01/2025 02:00,West,Electronics,5,352.85,16.24
TXN-100723,31/01/2025 03:00,North,Electronics,15,150.78,29.1
TXN-100724,31/01/2025 04:00,North,Electronics,16,262.2,31.19
TXN-100725,31/01/2025 05:00,North,Industrial Machinery,1,442,45.9
TXN-100726,31/01/2025 06:00,East,Electronics,16,405.74,22.37
TXN-100727,31/01/2025 07:00,East,Industrial Machinery,5,429.43,46.7
TXN-100728,31/01/2025 08:00,North,Office Supplies,3,183.28,34.34
TXN-100729,31/01/2025 09:00,West,Industrial Machinery,15,357.42,46.07
TXN-100730,31/01/2025 10:00,East,Office Supplies,13,284.85,42.51
TXN-100731,31/01/2025 11:00,North,Electronics,16,51.45,35.94
TXN-100732,31/01/2025 12:00,North,Office Supplies,11,373.52,21.02
TXN-100733,31/01/2025 13:00,West,Industrial Machinery,2,309.7,15.85
TXN-100734,31/01/2025 14:00,South,Home Appliances,6,101.93,15.01
TXN-100735,31/01/2025 15:00,East,Office Supplies,6,50.15,47.85
TXN-100736,31/01/2025 16:00,West,Office Supplies,14,379.19,48.14
TXN-100737,31/01/2025 17:00,North,Electronics,11,49.78,37.62
TXN-100738,31/01/2025 18:00,North,Industrial Machinery,8,55.19,44.77
TXN-100739,31/01/2025 19:00,West,Office Supplies,8,201.21,46.35
TXN-100740,31/01/2025 20:00,East,Office Supplies,1,74.07,28.02
TXN-100741,31/01/2025 21:00,South,Office Supplies,7,412.49,33.31
TXN-100742,31/01/2025 22:00,South,Office Supplies,6,219.84,23.84
TXN-100743,31/01/2025 23:00,North,Home Appliances,8,262.8,23.83
TXN-100744,01/02/2025 00:00,East,Industrial Machinery,19,418.76,6.73
TXN-100745,01/02/2025 01:00,South,Electronics,8,245.9,24.52
TXN-100746,01/02/2025 02:00,East,Electronics,14,169.14,35.31
TXN-100747,01/02/2025 03:00,East,Home Appliances,18,361.86,23.99
TXN-100748,01/02/2025 04:00,North,Industrial Machinery,16,207.92,44.26
TXN-100749,01/02/2025 05:00,South,Office Supplies,9,153.87,19.97
TXN-100750,01/02/2025 06:00,West,Home Appliances,15,329.74,10.97
TXN-100751,01/02/2025 07:00,North,Industrial Machinery,10,363.8,41.52
TXN-100752,01/02/2025 08:00,South,Office Supplies,16,359.5,35.33
TXN-100753,01/02/2025 09:00,South,Home Appliances,4,440.3,15.88
TXN-100754,01/02/2025 10:00,South,Industrial Machinery,13,357.31,29.14
TXN-100755,01/02/2025 11:00,South,Electronics,5,350.04,23.08
TXN-100756,01/02/2025 12:00,South,Electronics,7,388.08,47.25
TXN-100757,01/02/2025 13:00,East,Industrial Machinery,9,15.58,32.33
TXN-100758,01/02/2025 14:00,North,Electronics,8,172.98,12.13
TXN-100759,01/02/2025 15:00,East,Industrial Machinery,16,335.99,27.6
TXN-100760,01/02/2025 16:00,West,Office Supplies,6,276.08,43.82
TXN-100761,01/02/2025 17:00,South,Industrial Machinery,16,92.66,35.22
TXN-100762,01/02/2025 18:00,North,Office Supplies,6,147.47,42.91
TXN-100763,01/02/2025 19:00,South,Home Appliances,14,161.84,16.27
TXN-100764,01/02/2025 20:00,North,Industrial Machinery,1,262.22,44.98
TXN-100765,01/02/2025 21:00,East,Home Appliances,9,376.83,39
TXN-100766,01/02/2025 22:00,North,Electronics,13,420.67,37.8
TXN-100767,01/02/2025 23:00,West,Office Supplies,19,341.42,20.59
TXN-100768,02/02/2025 00:00,West,Industrial Machinery,17,381.76,44.94
TXN-100769,02/02/2025 01:00,North,Home Appliances,11,219.76,33.71
TXN-100770,02/02/2025 02:00,North,Office Supplies,8,184.86,43.33
TXN-100771,02/02/2025 03:00,North,Office Supplies,5,186.13,21.24
TXN-100772,02/02/2025 04:00,North,Electronics,10,283.17,11.55
TXN-100773,02/02/2025 05:00,West,Electronics,7,69.48,19.96
TXN-100774,02/02/2025 06:00,South,Office Supplies,10,267.29,25.49
TXN-100775,02/02/2025 07:00,North,Office Supplies,4,304.5,29
TXN-100776,02/02/2025 08:00,North,Industrial Machinery,9,206.21,27.99
TXN-100777,02/02/2025 09:00,West,Office Supplies,14,429.65,29.57
TXN-100778,02/02/2025 10:00,West,Industrial Machinery,2,279.77,42.88
TXN-100779,02/02/2025 11:00,East,Office Supplies,9,111.09,12.65
TXN-100780,02/02/2025 12:00,North,Electronics,1,223.72,19.22
TXN-100781,02/02/2025 13:00,East,Industrial Machinery,10,308.96,44.99
TXN-100782,02/02/2025 14:00,West,Home Appliances,10,156.12,30.22
TXN-100783,02/02/2025 15:00,West,Electronics,3,50.1,31.25
TXN-100784,02/02/2025 16:00,South,Industrial Machinery,6,269,26.51
TXN-100785,02/02/2025 17:00,North,Industrial Machinery,6,427.35,29.7
TXN-100786,02/02/2025 18:00,East,Home Appliances,2,226.26,13.91
TXN-100787,02/02/2025 19:00,West,Industrial Machinery,18,409.2,29.61
TXN-100788,02/02/2025 20:00,West,Office Supplies,2,378.32,49.87
TXN-100789,02/02/2025 21:00,East,Home Appliances,12,79.55,30.47
TXN-100790,02/02/2025 22:00,South,Electronics,5,323.2,7
TXN-100791,02/02/2025 23:00,West,Electronics,7,204.71,40.84
TXN-100792,03/02/2025 00:00,North,Office Supplies,16,124.23,22.84
TXN-100793,03/02/2025 01:00,West,Electronics,1,313.97,11.92
TXN-100794,03/02/2025 02:00,North,Industrial Machinery,1,338.19,43.81
TXN-100795,03/02/2025 03:00,East,Industrial Machinery,17,93.66,13.91
TXN-100796,03/02/2025 04:00,North,Office Supplies,1,412.83,46.43
TXN-100797,03/02/2025 05:00,East,Electronics,13,341.87,24.88
TXN-100798,03/02/2025 06:00,North,Electronics,9,421.05,38.43
TXN-100799,03/02/2025 07:00,East,Office Supplies,15,153.27,29.61
TXN-100800,03/02/2025 08:00,North,Home Appliances,3,423.64,16.55
TXN-100801,03/02/2025 09:00,South,Electronics,14,175.62,35.2
TXN-100802,03/02/2025 10:00,North,Home Appliances,11,38.95,48.11
TXN-100803,03/02/2025 11:00,North,Electronics,12,347.01,39.63
TXN-100804,03/02/2025 12:00,South,Electronics,13,321.17,32.18
TXN-100805,03/02/2025 13:00,West,Electronics,13,275.29,49.58
TXN-100806,03/02/2025 14:00,West,Electronics,1,228.36,16.94
TXN-100807,03/02/2025 15:00,North,Industrial Machinery,10,29.48,7.81
TXN-100808,03/02/2025 16:00,South,Home Appliances,3,286.89,6.45
TXN-100809,03/02/2025 17:00,North,Home Appliances,4,196.61,36.98
TXN-100810,03/02/2025 18:00,East,Electronics,16,258.91,42.36
TXN-100811,03/02/2025 19:00,East,Electronics,8,202.04,33.58
TXN-100812,03/02/2025 20:00,North,Home Appliances,16,435.25,45.73
TXN-100813,03/02/2025 21:00,West,Industrial Machinery,17,277.99,36.41
TXN-100814,03/02/2025 22:00,West,Office Supplies,19,341.04,21.69
TXN-100815,03/02/2025 23:00,North,Office Supplies,15,422.34,13.16
TXN-100816,04/02/2025 00:00,North,Home Appliances,16,272.55,46.61
TXN-100817,04/02/2025 01:00,East,Electronics,15,20.74,9.66
TXN-100818,04/02/2025 02:00,West,Electronics,2,30.4,29.43
TXN-100819,04/02/2025 03:00,North,Industrial Machinery,11,320.67,19.13
TXN-100820,04/02/2025 04:00,East,Office Supplies,1,136.76,17.21
TXN-100821,04/02/2025 05:00,West,Industrial Machinery,15,267.24,34.06
TXN-100822,04/02/2025 06:00,South,Office Supplies,19,103.39,15.41
TXN-100823,04/02/2025 07:00,East,Home Appliances,4,132.92,46.24
TXN-100824,04/02/2025 08:00,West,Office Supplies,11,234.77,23.27
TXN-100825,04/02/2025 09:00,West,Industrial Machinery,5,439.38,35.48
TXN-100826,04/02/2025 10:00,East,Industrial Machinery,3,283.27,37.75
TXN-100827,04/02/2025 11:00,South,Industrial Machinery,13,422.26,35.73
TXN-100828,04/02/2025 12:00,East,Home Appliances,10,432.35,45.65
TXN-100829,04/02/2025 13:00,West,Office Supplies,11,105.92,15.4
TXN-100830,04/02/2025 14:00,North,Office Supplies,18,150.71,8.87
TXN-100831,04/02/2025 15:00,North,Industrial Machinery,2,350.06,7.5
TXN-100832,04/02/2025 16:00,East,Office Supplies,7,392.11,44.5
TXN-100833,04/02/2025 17:00,West,Electronics,9,241.1,48.8
TXN-100834,04/02/2025 18:00,North,Electronics,10,447.06,18.61
TXN-100835,04/02/2025 19:00,West,Electronics,18,20.53,36.21
TXN-100836,04/02/2025 20:00,East,Office Supplies,7,145.67,5.4
TXN-100837,04/02/2025 21:00,North,Home Appliances,7,286.26,13.49
TXN-100838,04/02/2025 22:00,West,Home Appliances,3,219.41,36.02
TXN-100839,04/02/2025 23:00,North,Home Appliances,12,66.16,7.96
TXN-100840,05/02/2025 00:00,East,Home Appliances,7,175.3,26.08
TXN-100841,05/02/2025 01:00,West,Electronics,17,26.56,34.82
TXN-100842,05/02/2025 02:00,North,Electronics,1,294.77,39.47
TXN-100843,05/02/2025 03:00,East,Industrial Machinery,5,403.4,25.42
TXN-100844,05/02/2025 04:00,North,Office Supplies,16,399.98,33.36
TXN-100845,05/02/2025 05:00,North,Office Supplies,15,319.45,29.28
TXN-100846,05/02/2025 06:00,South,Home Appliances,2,217.88,7.35
TXN-100847,05/02/2025 07:00,South,Electronics,9,237.98,38.43
TXN-100848,05/02/2025 08:00,East,Home Appliances,7,74.99,12.76
TXN-100849,05/02/2025 09:00,South,Industrial Machinery,4,163.67,6.43
TXN-100850,05/02/2025 10:00,East,Office Supplies,18,97.07,25.3
TXN-100851,05/02/2025 11:00,South,Office Supplies,4,372.31,43.95
TXN-100852,05/02/2025 12:00,North,Home Appliances,13,412.96,11.79
TXN-100853,05/02/2025 13:00,East,Industrial Machinery,1,248.79,5.58
TXN-100854,05/02/2025 14:00,East,Office Supplies,3,331.71,9.95
TXN-100855,05/02/2025 15:00,North,Industrial Machinery,16,68.28,21.36
TXN-100856,05/02/2025 16:00,East,Industrial Machinery,4,279.91,31.11
TXN-100857,05/02/2025 17:00,East,Home Appliances,16,320.86,13.69
TXN-100858,05/02/2025 18:00,South,Electronics,19,212.23,41.09
TXN-100859,05/02/2025 19:00,East,Home Appliances,1,121.2,38.9
TXN-100860,05/02/2025 20:00,West,Electronics,5,396.72,36.31
TXN-100861,05/02/2025 21:00,North,Industrial Machinery,19,338.29,26.94
TXN-100862,05/02/2025 22:00,South,Electronics,11,406.49,21.43
TXN-100863,05/02/2025 23:00,South,Industrial Machinery,13,371.1,21.9
TXN-100864,06/02/2025 00:00,West,Office Supplies,5,445.82,27.64
TXN-100865,06/02/2025 01:00,North,Office Supplies,4,99,8.48
TXN-100866,06/02/2025 02:00,North,Office Supplies,4,53.19,35.7
TXN-100867,06/02/2025 03:00,South,Home Appliances,4,161.93,20.82
TXN-100868,06/02/2025 04:00,East,Home Appliances,4,71.55,15.11
TXN-100869,06/02/2025 05:00,South,Industrial Machinery,18,242.8,17.52
TXN-100870,06/02/2025 06:00,North,Office Supplies,18,290.55,13.11
TXN-100871,06/02/2025 07:00,West,Home Appliances,16,266.77,45.57
TXN-100872,06/02/2025 08:00,South,Office Supplies,9,128.14,12.61
TXN-100873,06/02/2025 09:00,North,Home Appliances,18,410.38,44.73
TXN-100874,06/02/2025 10:00,South,Electronics,2,24.7,30.75
TXN-100875,06/02/2025 11:00,East,Electronics,4,166.71,44.04
TXN-100876,06/02/2025 12:00,South,Office Supplies,12,327.9,26.33
TXN-100877,06/02/2025 13:00,South,Industrial Machinery,7,348.73,46.74
TXN-100878,06/02/2025 14:00,North,Home Appliances,15,196.3,14.52
TXN-100879,06/02/2025 15:00,North,Home Appliances,7,22.85,29.96
TXN-100880,06/02/2025 16:00,North,Electronics,17,284.04,10.66
TXN-100881,06/02/2025 17:00,South,Electronics,16,42.91,25.12
TXN-100882,06/02/2025 18:00,East,Industrial Machinery,19,62.36,30.65
TXN-100883,06/02/2025 19:00,West,Industrial Machinery,9,298.03,32.26
TXN-100884,06/02/2025 20:00,West,Industrial Machinery,14,151.28,21.45
TXN-100885,06/02/2025 21:00,North,Office Supplies,17,166.72,8.44
TXN-100886,06/02/2025 22:00,North,Electronics,5,227.02,34.49
TXN-100887,06/02/2025 23:00,South,Office Supplies,2,440.69,26.98
TXN-100888,07/02/2025 00:00,West,Electronics,16,434.98,11.16
TXN-100889,07/02/2025 01:00,North,Electronics,14,196.37,47.11
TXN-100890,07/02/2025 02:00,East,Home Appliances,14,130.86,48.01
TXN-100891,07/02/2025 03:00,East,Electronics,1,146.98,43.55
TXN-100892,07/02/2025 04:00,North,Electronics,3,132.29,42.97
TXN-100893,07/02/2025 05:00,North,Office Supplies,7,246.76,9.44
TXN-100894,07/02/2025 06:00,West,Electronics,15,279.18,49.7
TXN-100895,07/02/2025 07:00,West,Office Supplies,19,227.87,23.02
TXN-100896,07/02/2025 08:00,South,Industrial Machinery,2,192.77,12.34
TXN-100897,07/02/2025 09:00,West,Electronics,19,107.3,41.54
TXN-100898,07/02/2025 10:00,East,Electronics,9,225.15,15.16
TXN-100899,07/02/2025 11:00,East,Office Supplies,19,163.71,28.68
TXN-100900,07/02/2025 12:00,North,Industrial Machinery,5,250.82,10.76
TXN-100901,07/02/2025 13:00,West,Home Appliances,18,308.87,26.36
TXN-100902,07/02/2025 14:00,South,Industrial Machinery,16,290.67,30.12
TXN-100903,07/02/2025 15:00,East,Office Supplies,4,216.45,25.07
TXN-100904,07/02/2025 16:00,East,Industrial Machinery,12,257.1,8.13
TXN-100905,07/02/2025 17:00,South,Office Supplies,7,139.27,26.82
TXN-100906,07/02/2025 18:00,South,Office Supplies,14,26.03,26.1
TXN-100907,07/02/2025 19:00,East,Home Appliances,12,287.07,16.77
TXN-100908,07/02/2025 20:00,East,Electronics,3,125.24,46.47
TXN-100909,07/02/2025 21:00,South,Office Supplies,5,306.16,23.8
TXN-100910,07/02/2025 22:00,East,Office Supplies,17,340.08,43.89
TXN-100911,07/02/2025 23:00,North,Home Appliances,10,413.47,9.93
TXN-100912,08/02/2025 00:00,North,Office Supplies,10,431.8,19.35
TXN-100913,08/02/2025 01:00,South,Electronics,11,20.07,12.93
TXN-100914,08/02/2025 02:00,West,Home Appliances,17,445.82,23.38
TXN-100915,08/02/2025 03:00,South,Electronics,5,312.27,10.02
TXN-100916,08/02/2025 04:00,South,Electronics,13,295.11,24.85
TXN-100917,08/02/2025 05:00,West,Home Appliances,10,22.11,20.92
TXN-100918,08/02/2025 06:00,West,Office Supplies,9,389.71,15.05
TXN-100919,08/02/2025 07:00,West,Electronics,17,78.72,33.9
TXN-100920,08/02/2025 08:00,North,Electronics,1,379.32,47.79
TXN-100921,08/02/2025 09:00,East,Electronics,4,22.26,14.32
TXN-100922,08/02/2025 10:00,North,Electronics,4,296.17,37.03
TXN-100923,08/02/2025 11:00,East,Home Appliances,18,204.42,38.41
TXN-100924,08/02/2025 12:00,North,Home Appliances,9,102.73,27.42
TXN-100925,08/02/2025 13:00,East,Industrial Machinery,18,62.24,45.4
TXN-100926,08/02/2025 14:00,North,Industrial Machinery,14,206.74,48.49
TXN-100927,08/02/2025 15:00,West,Electronics,15,69.08,21.3
TXN-100928,08/02/2025 16:00,South,Office Supplies,6,226.86,34.3
TXN-100929,08/02/2025 17:00,North,Electronics,10,287.16,34.8
TXN-100930,08/02/2025 18:00,East,Office Supplies,15,375,23.16
TXN-100931,08/02/2025 19:00,West,Electronics,4,310.37,19.26
TXN-100932,08/02/2025 20:00,North,Industrial Machinery,18,43.83,47.02
TXN-100933,08/02/2025 21:00,North,Industrial Machinery,18,149.08,40.55
TXN-100934,08/02/2025 22:00,West,Office Supplies,17,140.63,10.15
TXN-100935,08/02/2025 23:00,North,Electronics,12,413.08,10.39
TXN-100936,09/02/2025 00:00,South,Office Supplies,7,392.55,46.51
TXN-100937,09/02/2025 01:00,North,Industrial Machinery,16,176.33,8.66
TXN-100938,09/02/2025 02:00,South,Electronics,11,46.42,35.98
TXN-100939,09/02/2025 03:00,South,Electronics,14,403.99,15.2
TXN-100940,09/02/2025 04:00,West,Office Supplies,3,401.42,6.58
TXN-100941,09/02/2025 05:00,North,Home Appliances,19,386.89,7.68
TXN-100942,09/02/2025 06:00,West,Office Supplies,18,382.69,21.81
TXN-100943,09/02/2025 07:00,North,Industrial Machinery,10,224.17,8.49
TXN-100944,09/02/2025 08:00,North,Industrial Machinery,6,92.59,31.85
TXN-100945,09/02/2025 09:00,East,Industrial Machinery,13,222.97,34.13
TXN-100946,09/02/2025 10:00,North,Industrial Machinery,10,230.4,21.81
TXN-100947,09/02/2025 11:00,West,Industrial Machinery,18,228.38,38.43
TXN-100948,09/02/2025 12:00,South,Home Appliances,16,249.6,27.05
TXN-100949,09/02/2025 13:00,North,Electronics,6,127.45,24.36
TXN-100950,09/02/2025 14:00,East,Office Supplies,13,174.63,23.31
TXN-100951,09/02/2025 15:00,West,Office Supplies,4,204.15,24.4
TXN-100952,09/02/2025 16:00,North,Industrial Machinery,14,72.47,48.55
TXN-100953,09/02/2025 17:00,West,Office Supplies,1,213.36,35.66
TXN-100954,09/02/2025 18:00,East,Industrial Machinery,5,367.65,19.18
TXN-100955,09/02/2025 19:00,East,Home Appliances,8,375.29,38.02
TXN-100956,09/02/2025 20:00,West,Home Appliances,12,194.32,19.86
TXN-100957,09/02/2025 21:00,North,Electronics,2,240.92,10.66
TXN-100958,09/02/2025 22:00,South,Home Appliances,12,30.12,26.39
TXN-100959,09/02/2025 23:00,East,Home Appliances,5,308.54,38.8
TXN-100960,10/02/2025 00:00,North,Electronics,5,191.3,21.99
TXN-100961,10/02/2025 01:00,North,Office Supplies,13,209.06,44.11
TXN-100962,10/02/2025 02:00,South,Industrial Machinery,9,395.11,22.41
TXN-100963,10/02/2025 03:00,East,Industrial Machinery,10,216.17,20.74
TXN-100964,10/02/2025 04:00,East,Office Supplies,1,24.71,49.92
TXN-100965,10/02/2025 05:00,North,Electronics,3,114.34,26.71
TXN-100966,10/02/2025 06:00,North,Office Supplies,18,222.16,41.23
TXN-100967,10/02/2025 07:00,South,Home Appliances,12,199.9,41.22
TXN-100968,10/02/2025 08:00,South,Electronics,3,389.33,46.69
TXN-100969,10/02/2025 09:00,East,Electronics,9,251.06,8.82
TXN-100970,10/02/2025 10:00,West,Electronics,2,315.15,17.2
TXN-100971,10/02/2025 11:00,East,Industrial Machinery,3,219.42,39.55
TXN-100972,10/02/2025 12:00,North,Office Supplies,14,206.53,30.32
TXN-100973,10/02/2025 13:00,East,Electronics,4,209.41,30.18
TXN-100974,10/02/2025 14:00,West,Electronics,19,194.05,12.48
TXN-100975,10/02/2025 15:00,South,Electronics,13,249.51,17.65
TXN-100976,10/02/2025 16:00,West,Office Supplies,7,124.32,28.46
TXN-100977,10/02/2025 17:00,West,Industrial Machinery,12,402.66,17.47
TXN-100978,10/02/2025 18:00,West,Home Appliances,3,160.23,14.46
TXN-100979,10/02/2025 19:00,South,Industrial Machinery,9,79.6,8.95
TXN-100980,10/02/2025 20:00,West,Electronics,2,57.45,12.01
TXN-100981,10/02/2025 21:00,West,Industrial Machinery,9,21.33,39.6
TXN-100982,10/02/2025 22:00,West,Industrial Machinery,12,199.23,37.35
TXN-100983,10/02/2025 23:00,North,Home Appliances,12,97.02,7.06
TXN-100984,11/02/2025 00:00,West,Office Supplies,15,24.91,14.15
TXN-100985,11/02/2025 01:00,South,Office Supplies,2,241.45,30.22
TXN-100986,11/02/2025 02:00,West,Industrial Machinery,18,310.95,19.52
TXN-100987,11/02/2025 03:00,West,Industrial Machinery,13,52.76,42.05
TXN-100988,11/02/2025 04:00,South,Office Supplies,14,215.77,40.32
TXN-100989,11/02/2025 05:00,West,Office Supplies,5,338.61,45.12
TXN-100990,11/02/2025 06:00,South,Home Appliances,10,443.83,30.33
TXN-100991,11/02/2025 07:00,West,Electronics,12,305.39,20.84
TXN-100992,11/02/2025 08:00,South,Industrial Machinery,10,121.88,32.27
TXN-100993,11/02/2025 09:00,West,Office Supplies,11,326.84,9.01
TXN-100994,11/02/2025 10:00,West,Industrial Machinery,2,275.3,5.43
TXN-100995,11/02/2025 11:00,North,Industrial Machinery,5,107.53,5.77
TXN-100996,11/02/2025 12:00,North,Office Supplies,7,385.31,23.34
TXN-100997,11/02/2025 13:00,West,Home Appliances,6,201.21,15.26
TXN-100998,11/02/2025 14:00,West,Industrial Machinery,3,433.48,12.08
TXN-100999,11/02/2025 15:00,East,Home Appliances,13,329.6,32.69
TXN-101000,11/02/2025 16:00,South,Office Supplies,3,295.56,49.78
TXN-101001,11/02/2025 17:00,East,Electronics,6,331.97,13
TXN-101002,11/02/2025 18:00,North,Electronics,11,223.23,29.59
TXN-101003,11/02/2025 19:00,North,Industrial Machinery,17,235.02,10.39
TXN-101004,11/02/2025 20:00,North,Office Supplies,10,385.35,47.04
TXN-101005,11/02/2025 21:00,North,Home Appliances,12,311.36,18.13
TXN-101006,11/02/2025 22:00,West,Industrial Machinery,17,405.35,44.53
TXN-101007,11/02/2025 23:00,North,Office Supplies,4,402.56,17.74
TXN-101008,12/02/2025 00:00,West,Office Supplies,2,439.78,41.27
TXN-101009,12/02/2025 01:00,West,Home Appliances,11,319.74,14.42
TXN-101010,12/02/2025 02:00,North,Industrial Machinery,7,233.75,18.18
TXN-101011,12/02/2025 03:00,North,Office Supplies,2,87.76,13.66
TXN-101012,12/02/2025 04:00,South,Office Supplies,18,321.99,16.89
TXN-101013,12/02/2025 05:00,East,Office Supplies,4,142.19,42.57
TXN-101014,12/02/2025 06:00,North,Home Appliances,8,138.44,33.76
TXN-101015,12/02/2025 07:00,South,Industrial Machinery,14,119.04,23.26
TXN-101016,12/02/2025 08:00,South,Industrial Machinery,12,395.74,48.72
TXN-101017,12/02/2025 09:00,East,Industrial Machinery,18,392.63,25.92
TXN-101018,12/02/2025 10:00,West,Industrial Machinery,11,289.66,48.64
TXN-101019,12/02/2025 11:00,North,Electronics,8,221.01,13.85
TXN-101020,12/02/2025 12:00,East,Electronics,2,307.53,45.71
TXN-101021,12/02/2025 13:00,North,Industrial Machinery,15,279.34,5.62
TXN-101022,12/02/2025 14:00,South,Home Appliances,9,196.14,29.54
TXN-101023,12/02/2025 15:00,South,Electronics,19,180.45,24.04
TXN-101024,12/02/2025 16:00,West,Office Supplies,8,181.82,28.63
TXN-101025,12/02/2025 17:00,South,Electronics,19,271.48,29.91
TXN-101026,12/02/2025 18:00,South,Office Supplies,5,296.91,22.51
TXN-101027,12/02/2025 19:00,East,Industrial Machinery,11,211.78,49.92
TXN-101028,12/02/2025 20:00,North,Electronics,15,436.4,48.94
TXN-101029,12/02/2025 21:00,North,Home Appliances,8,51.93,48.28
TXN-101030,12/02/2025 22:00,East,Electronics,19,166.29,49.06
TXN-101031,12/02/2025 23:00,West,Electronics,8,197.59,40.69
TXN-101032,13/02/2025 00:00,North,Electronics,19,22.85,49.49
TXN-101033,13/02/2025 01:00,South,Industrial Machinery,18,174.07,45.16
TXN-101034,13/02/2025 02:00,North,Home Appliances,10,134.43,23.72
TXN-101035,13/02/2025 03:00,South,Electronics,7,235.37,40.31
TXN-101036,13/02/2025 04:00,West,Home Appliances,9,161.67,46.04
TXN-101037,13/02/2025 05:00,East,Industrial Machinery,1,331.03,37.07
TXN-101038,13/02/2025 06:00,North,Office Supplies,19,237.07,24.03
TXN-101039,13/02/2025 07:00,East,Electronics,5,71.88,7.96
TXN-101040,13/02/2025 08:00,North,Home Appliances,19,341.4,41.44
TXN-101041,13/02/2025 09:00,South,Home Appliances,1,58.61,47.87
TXN-101042,13/02/2025 10:00,East,Industrial Machinery,15,380.07,21.31
TXN-101043,13/02/2025 11:00,North,Electronics,16,420.2,11.84
TXN-101044,13/02/2025 12:00,South,Office Supplies,7,155.6,19.69
TXN-101045,13/02/2025 13:00,East,Home Appliances,12,417.91,31.22
TXN-101046,13/02/2025 14:00,East,Electronics,8,360.06,19.26
TXN-101047,13/02/2025 15:00,North,Office Supplies,5,416.3,32.48
TXN-101048,13/02/2025 16:00,North,Home Appliances,10,304.99,48.51
TXN-101049,13/02/2025 17:00,North,Home Appliances,5,117.89,35.18
TXN-101050,13/02/2025 18:00,South,Office Supplies,17,404.17,21.32
TXN-101051,13/02/2025 19:00,North,Office Supplies,5,95.56,47.11
TXN-101052,13/02/2025 20:00,East,Industrial Machinery,15,108.07,30.45
TXN-101053,13/02/2025 21:00,East,Electronics,13,133.28,10.78
TXN-101054,13/02/2025 22:00,North,Electronics,1,147.7,27.45
TXN-101055,13/02/2025 23:00,North,Industrial Machinery,11,239.04,34.41
TXN-101056,14/02/2025 00:00,West,Home Appliances,1,325.5,42.72
TXN-101057,14/02/2025 01:00,East,Office Supplies,11,417.94,47.14
TXN-101058,14/02/2025 02:00,South,Office Supplies,18,53.93,19.28
TXN-101059,14/02/2025 03:00,West,Office Supplies,18,430.17,12
TXN-101060,14/02/2025 04:00,North,Home Appliances,16,415.81,8.32
TXN-101061,14/02/2025 05:00,North,Office Supplies,13,38.96,38.23
TXN-101062,14/02/2025 06:00,East,Office Supplies,7,172.06,40.78
TXN-101063,14/02/2025 07:00,North,Industrial Machinery,1,368.81,23.42
TXN-101064,14/02/2025 08:00,South,Home Appliances,16,281.23,22.82
TXN-101065,14/02/2025 09:00,East,Electronics,1,354.02,47.94
TXN-101066,14/02/2025 10:00,North,Industrial Machinery,17,327.92,46.25
TXN-101067,14/02/2025 11:00,East,Industrial Machinery,6,231.35,15.5
TXN-101068,14/02/2025 12:00,North,Electronics,2,33.41,40.14
TXN-101069,14/02/2025 13:00,North,Industrial Machinery,17,269.36,33.02
TXN-101070,14/02/2025 14:00,North,Home Appliances,6,36.6,11.94
TXN-101071,14/02/2025 15:00,South,Office Supplies,14,277.82,21.05
TXN-101072,14/02/2025 16:00,South,Home Appliances,18,363.28,12.99
TXN-101073,14/02/2025 17:00,East,Electronics,6,269.68,18.28
TXN-101074,14/02/2025 18:00,North,Electronics,10,448.71,32.69
TXN-101075,14/02/2025 19:00,North,Industrial Machinery,18,213.57,21.89
TXN-101076,14/02/2025 20:00,South,Home Appliances,9,340.87,22.73
TXN-101077,14/02/2025 21:00,North,Home Appliances,8,305.4,29.28
TXN-101078,14/02/2025 22:00,South,Electronics,10,446.28,8.93
TXN-101079,14/02/2025 23:00,North,Home Appliances,17,325.39,38.25
TXN-101080,15/02/2025 00:00,East,Electronics,6,86.77,23.08
TXN-101081,15/02/2025 01:00,North,Home Appliances,14,430.67,26.62
TXN-101082,15/02/2025 02:00,North,Home Appliances,6,305.65,48.84
TXN-101083,15/02/2025 03:00,West,Home Appliances,7,41.28,20.5
TXN-101084,15/02/2025 04:00,South,Electronics,12,301.21,34.17
TXN-101085,15/02/2025 05:00,North,Industrial Machinery,3,399.22,22.66
TXN-101086,15/02/2025 06:00,North,Home Appliances,14,266.22,45.24
TXN-101087,15/02/2025 07:00,West,Electronics,19,169.32,43.1
TXN-101088,15/02/2025 08:00,West,Electronics,16,372.19,15.87
TXN-101089,15/02/2025 09:00,South,Home Appliances,7,355.5,36.13
TXN-101090,15/02/2025 10:00,West,Home Appliances,8,251.95,7.93
TXN-101091,15/02/2025 11:00,East,Industrial Machinery,18,82.57,48.34
TXN-101092,15/02/2025 12:00,West,Electronics,13,124.55,20.7
TXN-101093,15/02/2025 13:00,East,Electronics,9,336.37,42.43
TXN-101094,15/02/2025 14:00,South,Office Supplies,10,365.74,19.33
TXN-101095,15/02/2025 15:00,South,Electronics,9,136.84,33.47
TXN-101096,15/02/2025 16:00,South,Industrial Machinery,15,175.39,49.26
TXN-101097,15/02/2025 17:00,South,Office Supplies,2,49.23,44.45
TXN-101098,15/02/2025 18:00,South,Office Supplies,13,325.5,12.22
TXN-101099,15/02/2025 19:00,East,Office Supplies,2,17.05,29.64
TXN-101100,15/02/2025 20:00,East,Home Appliances,19,35.72,20.68
TXN-101101,15/02/2025 21:00,South,Home Appliances,2,17.39,24.55
TXN-101102,15/02/2025 22:00,West,Electronics,3,295.89,20.08
TXN-101103,15/02/2025 23:00,North,Office Supplies,6,196.85,20.12
TXN-101104,16/02/2025 00:00,South,Industrial Machinery,3,144.78,29.41
TXN-101105,16/02/2025 01:00,West,Home Appliances,10,412.07,13.64
TXN-101106,16/02/2025 02:00,North,Industrial Machinery,6,99.27,29.18
TXN-101107,16/02/2025 03:00,South,Industrial Machinery,16,184.68,17.55
TXN-101108,16/02/2025 04:00,South,Home Appliances,17,424.07,18
TXN-101109,16/02/2025 05:00,East,Home Appliances,19,201.08,38.24
TXN-101110,16/02/2025 06:00,North,Home Appliances,3,256.51,6.33
TXN-101111,16/02/2025 07:00,North,Home Appliances,18,50.41,22.14
TXN-101112,16/02/2025 08:00,West,Office Supplies,7,358.83,23.34
TXN-101113,16/02/2025 09:00,East,Office Supplies,9,199.19,26.83
TXN-101114,16/02/2025 10:00,East,Office Supplies,12,363.32,35.11
TXN-101115,16/02/2025 11:00,East,Office Supplies,5,125.78,21.64
TXN-101116,16/02/2025 12:00,East,Electronics,3,199.07,14.59
TXN-101117,16/02/2025 13:00,North,Office Supplies,11,357.26,44.82
TXN-101118,16/02/2025 14:00,North,Home Appliances,4,438.65,49.15
TXN-101119,16/02/2025 15:00,South,Industrial Machinery,5,41.41,5.9
TXN-101120,16/02/2025 16:00,South,Office Supplies,1,368.51,29.59
TXN-101121,16/02/2025 17:00,East,Electronics,18,146.15,20.38
TXN-101122,16/02/2025 18:00,East,Home Appliances,12,254.8,17.46
TXN-101123,16/02/2025 19:00,East,Industrial Machinery,13,141.55,20.11
TXN-101124,16/02/2025 20:00,South,Industrial Machinery,9,282.04,33.75
TXN-101125,16/02/2025 21:00,West,Office Supplies,2,169.23,13.58
TXN-101126,16/02/2025 22:00,West,Industrial Machinery,5,160.46,46.08
TXN-101127,16/02/2025 23:00,South,Office Supplies,13,31.98,25.98
TXN-101128,17/02/2025 00:00,South,Office Supplies,16,79.35,19.65
TXN-101129,17/02/2025 01:00,South,Home Appliances,16,413.97,39.45
TXN-101130,17/02/2025 02:00,South,Home Appliances,3,449.25,5.74
TXN-101131,17/02/2025 03:00,South,Electronics,4,354.64,24.43
TXN-101132,17/02/2025 04:00,South,Home Appliances,11,140.12,20.99
TXN-101133,17/02/2025 05:00,East,Home Appliances,14,190.36,20.22
TXN-101134,17/02/2025 06:00,East,Office Supplies,3,336.81,20.17
TXN-101135,17/02/2025 07:00,East,Home Appliances,16,436.32,6.41
TXN-101136,17/02/2025 08:00,East,Office Supplies,15,213.4,11.85
TXN-101137,17/02/2025 09:00,South,Office Supplies,10,375.93,11.38
TXN-101138,17/02/2025 10:00,West,Home Appliances,9,439.17,49.49
TXN-101139,17/02/2025 11:00,North,Electronics,11,395.02,6
TXN-101140,17/02/2025 12:00,South,Electronics,16,114.2,12.52
TXN-101141,17/02/2025 13:00,North,Industrial Machinery,10,18.99,48.84
TXN-101142,17/02/2025 14:00,West,Industrial Machinery,17,229.31,33.27
TXN-101143,17/02/2025 15:00,East,Home Appliances,19,246.38,25.28
TXN-101144,17/02/2025 16:00,West,Electronics,2,102.94,8.54
TXN-101145,17/02/2025 17:00,South,Office Supplies,2,139.19,35.13
TXN-101146,17/02/2025 18:00,East,Industrial Machinery,6,347.96,11.2
TXN-101147,17/02/2025 19:00,South,Office Supplies,19,219.87,35.2
TXN-101148,17/02/2025 20:00,East,Industrial Machinery,8,153.39,49.06
TXN-101149,17/02/2025 21:00,North,Home Appliances,3,286.03,28.94
TXN-101150,17/02/2025 22:00,North,Electronics,14,299.12,14.63
TXN-101151,17/02/2025 23:00,North,Industrial Machinery,16,349.8,33.14
TXN-101152,18/02/2025 00:00,West,Electronics,1,83.59,28.08
TXN-101153,18/02/2025 01:00,South,Office Supplies,3,337.69,28.99
TXN-101154,18/02/2025 02:00,West,Home Appliances,18,275.95,26.51
TXN-101155,18/02/2025 03:00,North,Electronics,9,40.51,35.32
TXN-101156,18/02/2025 04:00,South,Home Appliances,6,353.3,30.74
TXN-101157,18/02/2025 05:00,North,Electronics,1,181.95,49.41
TXN-101158,18/02/2025 06:00,West,Office Supplies,10,159.05,42.16
TXN-101159,18/02/2025 07:00,West,Office Supplies,6,210.19,16.91
TXN-101160,18/02/2025 08:00,West,Home Appliances,12,165.91,37.66
TXN-101161,18/02/2025 09:00,North,Office Supplies,4,162.49,14.64
TXN-101162,18/02/2025 10:00,South,Industrial Machinery,13,366.61,40.21
TXN-101163,18/02/2025 11:00,South,Electronics,17,69.6,11.64
TXN-101164,18/02/2025 12:00,North,Office Supplies,8,437.23,26.31
TXN-101165,18/02/2025 13:00,South,Industrial Machinery,3,256.62,40.58
TXN-101166,18/02/2025 14:00,North,Home Appliances,12,94.98,17.61
TXN-101167,18/02/2025 15:00,South,Industrial Machinery,7,72.51,42.67
TXN-101168,18/02/2025 16:00,East,Home Appliances,12,272.51,33.99
TXN-101169,18/02/2025 17:00,East,Home Appliances,2,290.54,22.89
TXN-101170,18/02/2025 18:00,West,Electronics,14,38.54,24.05
TXN-101171,18/02/2025 19:00,East,Electronics,5,121.08,46.67
TXN-101172,18/02/2025 20:00,East,Industrial Machinery,9,361.13,14.8
TXN-101173,18/02/2025 21:00,East,Electronics,11,37.06,36.2
TXN-101174,18/02/2025 22:00,North,Electronics,5,387.04,36.83
TXN-101175,18/02/2025 23:00,East,Electronics,3,301.47,46.51
TXN-101176,19/02/2025 00:00,East,Industrial Machinery,17,204.26,37.09
TXN-101177,19/02/2025 01:00,West,Office Supplies,2,166.03,31.3
TXN-101178,19/02/2025 02:00,East,Electronics,1,23.86,45.61
TXN-101179,19/02/2025 03:00,East,Electronics,7,374.06,42.31
TXN-101180,19/02/2025 04:00,South,Industrial Machinery,14,77.51,37.25
TXN-101181,19/02/2025 05:00,West,Office Supplies,5,150,6.47
TXN-101182,19/02/2025 06:00,West,Electronics,19,262.78,21.81
TXN-101183,19/02/2025 07:00,West,Home Appliances,11,122.38,33.44
TXN-101184,19/02/2025 08:00,West,Industrial Machinery,2,231.51,28.5
TXN-101185,19/02/2025 09:00,West,Electronics,8,367.16,19.37
TXN-101186,19/02/2025 10:00,West,Electronics,9,219.95,11.5
TXN-101187,19/02/2025 11:00,North,Home Appliances,3,427.83,29.88
TXN-101188,19/02/2025 12:00,East,Home Appliances,2,383.74,17.87
TXN-101189,19/02/2025 13:00,West,Industrial Machinery,7,160.21,15.49
TXN-101190,19/02/2025 14:00,East,Industrial Machinery,5,189.28,22.95
TXN-101191,19/02/2025 15:00,East,Home Appliances,5,199.44,40.35
TXN-101192,19/02/2025 16:00,North,Industrial Machinery,13,287.57,26.95
TXN-101193,19/02/2025 17:00,West,Home Appliances,6,140.11,14.74
TXN-101194,19/02/2025 18:00,South,Electronics,18,436.64,10.26
TXN-101195,19/02/2025 19:00,North,Home Appliances,2,279.97,27.45
TXN-101196,19/02/2025 20:00,South,Home Appliances,6,189.04,40.75
TXN-101197,19/02/2025 21:00,East,Office Supplies,9,295.76,34.38
TXN-101198,19/02/2025 22:00,East,Home Appliances,3,187.3,15.45
TXN-101199,19/02/2025 23:00,North,Home Appliances,1,370.83,24.65
TXN-101200,20/02/2025 00:00,North,Office Supplies,1,262.23,43.49
TXN-101201,20/02/2025 01:00,South,Industrial Machinery,19,33.74,12.99
TXN-101202,20/02/2025 02:00,West,Office Supplies,5,92.3,28.94
TXN-101203,20/02/2025 03:00,South,Electronics,13,391.34,21.03
TXN-101204,20/02/2025 04:00,North,Office Supplies,19,260.08,10.59
TXN-101205,20/02/2025 05:00,South,Electronics,12,428.42,7.25
TXN-101206,20/02/2025 06:00,North,Industrial Machinery,16,46.97,30.01
TXN-101207,20/02/2025 07:00,South,Office Supplies,19,143.79,5.93
TXN-101208,20/02/2025 08:00,North,Office Supplies,3,99.59,9.66
TXN-101209,20/02/2025 09:00,North,Industrial Machinery,12,256.14,20.64
TXN-101210,20/02/2025 10:00,North,Electronics,5,181.82,6.96
TXN-101211,20/02/2025 11:00,West,Office Supplies,2,83.84,23.02
TXN-101212,20/02/2025 12:00,South,Electronics,7,294.78,10.87
TXN-101213,20/02/2025 13:00,South,Office Supplies,13,248.52,20.74
TXN-101214,20/02/2025 14:00,South,Home Appliances,15,134.87,40.6
TXN-101215,20/02/2025 15:00,North,Office Supplies,3,223.96,33.19
TXN-101216,20/02/2025 16:00,South,Industrial Machinery,5,339.52,25.04
TXN-101217,20/02/2025 17:00,South,Industrial Machinery,8,104.69,9.13
TXN-101218,20/02/2025 18:00,North,Electronics,1,142.77,32.86
TXN-101219,20/02/2025 19:00,East,Office Supplies,8,165.89,12.37
TXN-101220,20/02/2025 20:00,North,Electronics,18,339.95,8.45
TXN-101221,20/02/2025 21:00,South,Electronics,16,383.49,34.88
TXN-101222,20/02/2025 22:00,North,Home Appliances,18,179.04,46.04
TXN-101223,20/02/2025 23:00,East,Home Appliances,12,144.38,25.73
TXN-101224,21/02/2025 00:00,North,Industrial Machinery,13,401.96,6.84
TXN-101225,21/02/2025 01:00,South,Electronics,13,449.72,44.61
TXN-101226,21/02/2025 02:00,East,Industrial Machinery,10,306.77,8.01
TXN-101227,21/02/2025 03:00,West,Office Supplies,7,445.65,44.04
TXN-101228,21/02/2025 04:00,South,Electronics,14,302.26,22.63
TXN-101229,21/02/2025 05:00,East,Electronics,16,334.19,21.44
TXN-101230,21/02/2025 06:00,East,Office Supplies,15,184.37,29.43
TXN-101231,21/02/2025 07:00,West,Office Supplies,12,203.62,48.07
TXN-101232,21/02/2025 08:00,North,Industrial Machinery,9,78.13,45.44
TXN-101233,21/02/2025 09:00,North,Industrial Machinery,8,372.98,26.16
TXN-101234,21/02/2025 10:00,South,Office Supplies,18,420.05,36.31
TXN-101235,21/02/2025 11:00,West,Industrial Machinery,18,286.38,31.12
TXN-101236,21/02/2025 12:00,North,Office Supplies,13,164.81,36.21
TXN-101237,21/02/2025 13:00,West,Electronics,18,82.42,42.32
TXN-101238,21/02/2025 14:00,North,Electronics,15,130.71,6.55
TXN-101239,21/02/2025 15:00,East,Home Appliances,4,126.48,19.66
TXN-101240,21/02/2025 16:00,North,Electronics,17,282.08,48.17
TXN-101241,21/02/2025 17:00,West,Office Supplies,5,426.12,47.72
TXN-101242,21/02/2025 18:00,East,Industrial Machinery,16,36.47,5.5
TXN-101243,21/02/2025 19:00,East,Home Appliances,9,15.94,14.06
TXN-101244,21/02/2025 20:00,East,Industrial Machinery,10,276.28,49.72
TXN-101245,21/02/2025 21:00,West,Office Supplies,18,138.92,27.18
TXN-101246,21/02/2025 22:00,South,Electronics,17,398.1,30.78
TXN-101247,21/02/2025 23:00,South,Home Appliances,18,157.69,12.49
TXN-101248,22/02/2025 00:00,South,Office Supplies,7,141.39,45.25
TXN-101249,22/02/2025 01:00,West,Home Appliances,4,132.6,15.41
TXN-101250,22/02/2025 02:00,East,Home Appliances,5,78.44,13.53
TXN-101251,22/02/2025 03:00,South,Electronics,16,268.17,15.27
TXN-101252,22/02/2025 04:00,West,Office Supplies,3,88.59,46.38
TXN-101253,22/02/2025 05:00,South,Industrial Machinery,18,200,36.63
TXN-101254,22/02/2025 06:00,North,Home Appliances,14,215.79,39.59
TXN-101255,22/02/2025 07:00,South,Home Appliances,15,24.4,21.97
TXN-101256,22/02/2025 08:00,South,Industrial Machinery,17,22.8,45.91
TXN-101257,22/02/2025 09:00,East,Office Supplies,1,241.53,40.52
TXN-101258,22/02/2025 10:00,West,Home Appliances,17,317.93,38.78
TXN-101259,22/02/2025 11:00,East,Home Appliances,11,424.86,48.69
TXN-101260,22/02/2025 12:00,East,Home Appliances,17,93.33,21.48
TXN-101261,22/02/2025 13:00,East,Office Supplies,14,60.37,32.49
TXN-101262,22/02/2025 14:00,East,Office Supplies,19,38.13,45.95
TXN-101263,22/02/2025 15:00,East,Industrial Machinery,7,204.96,40.59
TXN-101264,22/02/2025 16:00,South,Office Supplies,13,286.26,30.35
TXN-101265,22/02/2025 17:00,East,Office Supplies,18,380.72,8.43
TXN-101266,22/02/2025 18:00,East,Electronics,14,312.11,34.37
TXN-101267,22/02/2025 19:00,West,Industrial Machinery,1,106.03,28.7
TXN-101268,22/02/2025 20:00,North,Home Appliances,7,216.14,13.29
TXN-101269,22/02/2025 21:00,South,Office Supplies,8,411.05,44.7
TXN-101270,22/02/2025 22:00,South,Home Appliances,18,157.47,20.45
TXN-101271,22/02/2025 23:00,South,Home Appliances,9,232.2,22.44
TXN-101272,23/02/2025 00:00,East,Electronics,1,432,35.26
TXN-101273,23/02/2025 01:00,East,Office Supplies,17,334.73,27
TXN-101274,23/02/2025 02:00,East,Industrial Machinery,19,340.39,9.02
TXN-101275,23/02/2025 03:00,West,Office Supplies,6,125.14,22.43
TXN-101276,23/02/2025 04:00,North,Home Appliances,3,195.69,9.25
TXN-101277,23/02/2025 05:00,East,Industrial Machinery,5,51.28,13.58
TXN-101278,23/02/2025 06:00,North,Office Supplies,2,279.04,5.32
TXN-101279,23/02/2025 07:00,West,Home Appliances,4,60.57,13.16
TXN-101280,23/02/2025 08:00,South,Home Appliances,10,378.7,19.87
TXN-101281,23/02/2025 09:00,East,Electronics,10,369.42,29.22
TXN-101282,23/02/2025 10:00,North,Electronics,11,247.35,46.37
TXN-101283,23/02/2025 11:00,North,Electronics,16,76.84,29.31
TXN-101284,23/02/2025 12:00,East,Home Appliances,17,26.61,36.75
TXN-101285,23/02/2025 13:00,South,Office Supplies,16,361.67,21.1
TXN-101286,23/02/2025 14:00,South,Electronics,7,276.26,38.82
TXN-101287,23/02/2025 15:00,South,Office Supplies,16,324.4,32.92
TXN-101288,23/02/2025 16:00,West,Electronics,3,147.5,25.69
TXN-101289,23/02/2025 17:00,North,Industrial Machinery,16,236.87,13.72
TXN-101290,23/02/2025 18:00,North,Industrial Machinery,8,340.15,18.66
TXN-101291,23/02/2025 19:00,North,Electronics,12,216.48,32.94
TXN-101292,23/02/2025 20:00,West,Home Appliances,3,276.8,24.17
TXN-101293,23/02/2025 21:00,North,Electronics,17,358.64,45.02
TXN-101294,23/02/2025 22:00,West,Electronics,18,109.01,15.57
TXN-101295,23/02/2025 23:00,South,Home Appliances,11,44.15,8.29
TXN-101296,24/02/2025 00:00,East,Industrial Machinery,4,246.58,31.52
TXN-101297,24/02/2025 01:00,North,Office Supplies,16,42.49,44.87
TXN-101298,24/02/2025 02:00,North,Electronics,17,348.57,21.41
TXN-101299,24/02/2025 03:00,South,Home Appliances,9,328,34.15
TXN-101300,24/02/2025 04:00,East,Electronics,6,398.6,15.41
TXN-101301,24/02/2025 05:00,West,Home Appliances,2,293.39,30.13
TXN-101302,24/02/2025 06:00,East,Office Supplies,9,44.7,40.41
TXN-101303,24/02/2025 07:00,South,Office Supplies,6,125.49,44.02
TXN-101304,24/02/2025 08:00,South,Industrial Machinery,3,366.55,9.73
TXN-101305,24/02/2025 09:00,East,Home Appliances,6,88.12,21.04
TXN-101306,24/02/2025 10:00,West,Home Appliances,7,318.99,33.78
TXN-101307,24/02/2025 11:00,West,Industrial Machinery,1,354.52,6.56
TXN-101308,24/02/2025 12:00,North,Industrial Machinery,1,158.93,36.08
TXN-101309,24/02/2025 13:00,West,Home Appliances,5,155.54,28.76
TXN-101310,24/02/2025 14:00,East,Industrial Machinery,6,257.87,17.99
TXN-101311,24/02/2025 15:00,South,Office Supplies,13,389.73,41.66
TXN-101312,24/02/2025 16:00,North,Electronics,2,112.79,18.05
TXN-101313,24/02/2025 17:00,North,Office Supplies,15,424.48,49.61
TXN-101314,24/02/2025 18:00,South,Industrial Machinery,15,275.82,41.74
TXN-101315,24/02/2025 19:00,West,Home Appliances,13,446.58,36.86
TXN-101316,24/02/2025 20:00,South,Home Appliances,14,54.44,7.76
TXN-101317,24/02/2025 21:00,West,Office Supplies,7,70.49,45.69
TXN-101318,24/02/2025 22:00,South,Home Appliances,14,374.68,40.55
TXN-101319,24/02/2025 23:00,East,Industrial Machinery,10,391.24,15.31
TXN-101320,25/02/2025 00:00,West,Office Supplies,17,209.05,22.65
TXN-101321,25/02/2025 01:00,East,Home Appliances,14,325.76,17.09
TXN-101322,25/02/2025 02:00,North,Electronics,8,392.45,49.3
TXN-101323,25/02/2025 03:00,South,Electronics,4,34.24,43.44
TXN-101324,25/02/2025 04:00,North,Industrial Machinery,16,264.88,46.86
TXN-101325,25/02/2025 05:00,North,Home Appliances,13,386.34,40.49
TXN-101326,25/02/2025 06:00,North,Industrial Machinery,18,188.5,25.54
TXN-101327,25/02/2025 07:00,North,Office Supplies,14,146.89,14.24
TXN-101328,25/02/2025 08:00,South,Electronics,18,361.23,14.36
TXN-101329,25/02/2025 09:00,North,Office Supplies,5,161.4,11.83
TXN-101330,25/02/2025 10:00,South,Home Appliances,9,16.88,29.6
TXN-101331,25/02/2025 11:00,South,Industrial Machinery,3,432.43,46.4
TXN-101332,25/02/2025 12:00,East,Industrial Machinery,8,272.78,49.63
TXN-101333,25/02/2025 13:00,West,Industrial Machinery,10,371.58,17.93
TXN-101334,25/02/2025 14:00,West,Office Supplies,19,374.09,36.38
TXN-101335,25/02/2025 15:00,South,Electronics,3,44.36,31.87
TXN-101336,25/02/2025 16:00,East,Office Supplies,11,89.74,27
TXN-101337,25/02/2025 17:00,South,Office Supplies,11,150.68,34.96
TXN-101338,25/02/2025 18:00,South,Home Appliances,17,154.84,21.71
TXN-101339,25/02/2025 19:00,South,Home Appliances,16,301.74,47.5
TXN-101340,25/02/2025 20:00,East,Home Appliances,7,286.25,36.75
TXN-101341,25/02/2025 21:00,West,Electronics,4,230.4,38.94
TXN-101342,25/02/2025 22:00,East,Electronics,19,107.29,15.91
TXN-101343,25/02/2025 23:00,North,Home Appliances,12,181.47,12.59
TXN-101344,26/02/2025 00:00,East,Home Appliances,15,251.69,22.75
TXN-101345,26/02/2025 01:00,East,Electronics,11,218.84,39.5
TXN-101346,26/02/2025 02:00,East,Industrial Machinery,5,70.81,47.25
TXN-101347,26/02/2025 03:00,East,Electronics,5,297.71,24.23
TXN-101348,26/02/2025 04:00,West,Electronics,15,47.24,39.84
TXN-101349,26/02/2025 05:00,North,Electronics,18,179.83,26.17
TXN-101350,26/02/2025 06:00,West,Home Appliances,11,324.01,18.29
TXN-101351,26/02/2025 07:00,West,Industrial Machinery,12,24.2,38.27
TXN-101352,26/02/2025 08:00,East,Electronics,2,263.16,40.92
TXN-101353,26/02/2025 09:00,South,Home Appliances,15,160.85,14.13
TXN-101354,26/02/2025 10:00,South,Office Supplies,4,19.34,18.73
TXN-101355,26/02/2025 11:00,West,Office Supplies,18,98.22,27.26
TXN-101356,26/02/2025 12:00,West,Electronics,6,424.34,13.39
TXN-101357,26/02/2025 13:00,East,Office Supplies,19,241.94,46.8
TXN-101358,26/02/2025 14:00,West,Industrial Machinery,11,448.8,31.61
TXN-101359,26/02/2025 15:00,East,Office Supplies,2,243.53,10.45
TXN-101360,26/02/2025 16:00,South,Office Supplies,8,251.84,13.28
TXN-101361,26/02/2025 17:00,South,Industrial Machinery,11,185.76,47.95
TXN-101362,26/02/2025 18:00,North,Electronics,5,150.21,38.22
TXN-101363,26/02/2025 19:00,South,Electronics,18,124.8,38.05
TXN-101364,26/02/2025 20:00,West,Industrial Machinery,18,164.72,8.26
TXN-101365,26/02/2025 21:00,South,Industrial Machinery,14,215.31,45.29
TXN-101366,26/02/2025 22:00,East,Industrial Machinery,10,98.92,24.97
TXN-101367,26/02/2025 23:00,South,Office Supplies,3,113.21,34.69
TXN-101368,27/02/2025 00:00,North,Industrial Machinery,9,133.49,48.19
TXN-101369,27/02/2025 01:00,South,Home Appliances,3,210.7,9.5
TXN-101370,27/02/2025 02:00,East,Office Supplies,11,299.15,26.7
TXN-101371,27/02/2025 03:00,East,Electronics,12,387.5,7.23
TXN-101372,27/02/2025 04:00,West,Electronics,12,140.26,27.48
TXN-101373,27/02/2025 05:00,South,Electronics,3,95.33,16.35
TXN-101374,27/02/2025 06:00,East,Office Supplies,7,180.11,46
TXN-101375,27/02/2025 07:00,North,Home Appliances,14,404.11,22.93
TXN-101376,27/02/2025 08:00,West,Industrial Machinery,11,19.78,33.52
TXN-101377,27/02/2025 09:00,North,Industrial Machinery,7,310.03,43.71
TXN-101378,27/02/2025 10:00,South,Electronics,10,222.83,49.27
TXN-101379,27/02/2025 11:00,South,Electronics,11,85.47,27.67
TXN-101380,27/02/2025 12:00,South,Office Supplies,15,154.98,25.51
TXN-101381,27/02/2025 13:00,West,Home Appliances,19,113.24,8.41
TXN-101382,27/02/2025 14:00,East,Industrial Machinery,16,396.92,5.57
TXN-101383,27/02/2025 15:00,West,Office Supplies,12,224.87,32.4
TXN-101384,27/02/2025 16:00,North,Industrial Machinery,18,260.16,7.95
TXN-101385,27/02/2025 17:00,West,Electronics,13,273.46,22.12
TXN-101386,27/02/2025 18:00,North,Industrial Machinery,5,293.41,5.16
TXN-101387,27/02/2025 19:00,West,Home Appliances,4,230.82,32.69
TXN-101388,27/02/2025 20:00,East,Home Appliances,14,23.27,24.14
TXN-101389,27/02/2025 21:00,North,Electronics,8,160.94,10.72
TXN-101390,27/02/2025 22:00,South,Home Appliances,9,95.39,18.34
TXN-101391,27/02/2025 23:00,South,Home Appliances,19,311.02,30.63
TXN-101392,28/02/2025 00:00,West,Office Supplies,3,40.14,34.55
TXN-101393,28/02/2025 01:00,South,Industrial Machinery,5,260.47,25.81
TXN-101394,28/02/2025 02:00,North,Electronics,18,107.02,41.18
TXN-101395,28/02/2025 03:00,South,Electronics,1,427.77,10.06
TXN-101396,28/02/2025 04:00,East,Electronics,8,161.29,8.8
TXN-101397,28/02/2025 05:00,East,Electronics,19,156.81,6.99
TXN-101398,28/02/2025 06:00,West,Electronics,17,416.71,29.11
TXN-101399,28/02/2025 07:00,North,Home Appliances,17,196.84,36.78
TXN-101400,28/02/2025 08:00,East,Office Supplies,11,433.86,10.87
TXN-101401,28/02/2025 09:00,East,Electronics,2,26,33.75
TXN-101402,28/02/2025 10:00,North,Office Supplies,6,148.61,26.46
TXN-101403,28/02/2025 11:00,South,Office Supplies,14,304.96,49.43
TXN-101404,28/02/2025 12:00,South,Home Appliances,3,402.58,37.29
TXN-101405,28/02/2025 13:00,West,Electronics,12,126.91,34.59
TXN-101406,28/02/2025 14:00,South,Home Appliances,4,419.79,30.67
TXN-101407,28/02/2025 15:00,North,Electronics,12,273.65,49.88
TXN-101408,28/02/2025 16:00,East,Home Appliances,13,363.54,49.12
TXN-101409,28/02/2025 17:00,South,Office Supplies,2,188.09,29.22
TXN-101410,28/02/2025 18:00,West,Electronics,2,107.69,25.48
TXN-101411,28/02/2025 19:00,South,Industrial Machinery,15,411.43,25.8
TXN-101412,28/02/2025 20:00,North,Office Supplies,17,420.95,24.28
TXN-101413,28/02/2025 21:00,West,Industrial Machinery,7,231.7,28.91
TXN-101414,28/02/2025 22:00,South,Office Supplies,14,18.32,17.31
TXN-101415,28/02/2025 23:00,West,Home Appliances,12,63.2,46.71
TXN-101416,01/03/2025 00:00,North,Electronics,17,264.48,27.06
TXN-101417,01/03/2025 01:00,East,Office Supplies,14,25.83,42.89
TXN-101418,01/03/2025 02:00,North,Home Appliances,6,187.96,26.39
TXN-101419,01/03/2025 03:00,North,Electronics,19,147.31,37.32
TXN-101420,01/03/2025 04:00,North,Electronics,6,325.88,20.16
TXN-101421,01/03/2025 05:00,North,Office Supplies,18,39.65,33.12
TXN-101422,01/03/2025 06:00,East,Electronics,5,227.85,27.43
TXN-101423,01/03/2025 07:00,East,Office Supplies,6,267.13,21.52
TXN-101424,01/03/2025 08:00,West,Electronics,2,283.71,44.67
TXN-101425,01/03/2025 09:00,South,Industrial Machinery,8,191.54,10.07
TXN-101426,01/03/2025 10:00,East,Home Appliances,15,147.75,26.91
TXN-101427,01/03/2025 11:00,East,Industrial Machinery,15,312.04,13.75
TXN-101428,01/03/2025 12:00,South,Office Supplies,11,383.77,43.75
TXN-101429,01/03/2025 13:00,East,Industrial Machinery,1,316.88,16.41
TXN-101430,01/03/2025 14:00,North,Office Supplies,18,420.5,33.5
TXN-101431,01/03/2025 15:00,North,Electronics,12,327.15,12.45
TXN-101432,01/03/2025 16:00,South,Electronics,12,347.73,23.22
TXN-101433,01/03/2025 17:00,West,Office Supplies,11,88.45,45.47
TXN-101434,01/03/2025 18:00,West,Industrial Machinery,8,197.79,12.47
TXN-101435,01/03/2025 19:00,South,Electronics,7,226.26,34.84
TXN-101436,01/03/2025 20:00,South,Home Appliances,2,126.86,14.2
TXN-101437,01/03/2025 21:00,North,Electronics,11,245.15,23.71
TXN-101438,01/03/2025 22:00,West,Home Appliances,10,141.85,29.33
TXN-101439,01/03/2025 23:00,East,Industrial Machinery,3,314.22,30.98
TXN-101440,02/03/2025 00:00,North,Home Appliances,10,219.84,32.11
TXN-101441,02/03/2025 01:00,South,Home Appliances,18,214.85,33.81
TXN-101442,02/03/2025 02:00,West,Home Appliances,14,442.89,17.23
TXN-101443,02/03/2025 03:00,East,Home Appliances,18,186.02,23.06
TXN-101444,02/03/2025 04:00,East,Electronics,8,172.92,6.68
TXN-101445,02/03/2025 05:00,North,Home Appliances,10,153.93,39.59
TXN-101446,02/03/2025 06:00,West,Electronics,13,404.27,42.67
TXN-101447,02/03/2025 07:00,West,Home Appliances,8,231.33,13.97
TXN-101448,02/03/2025 08:00,South,Office Supplies,4,276.21,14.06
TXN-101449,02/03/2025 09:00,West,Industrial Machinery,4,94.07,6.89
TXN-101450,02/03/2025 10:00,West,Home Appliances,5,250.54,48.67
TXN-101451,02/03/2025 11:00,North,Office Supplies,1,134.83,41.32
TXN-101452,02/03/2025 12:00,West,Home Appliances,17,332.96,21.23
TXN-101453,02/03/2025 13:00,East,Home Appliances,2,377.23,26.69
TXN-101454,02/03/2025 14:00,North,Home Appliances,8,326.09,18.14
TXN-101455,02/03/2025 15:00,North,Office Supplies,7,332.79,31.88
TXN-101456,02/03/2025 16:00,South,Industrial Machinery,15,238.17,37.28
TXN-101457,02/03/2025 17:00,West,Office Supplies,5,324.92,25.13
TXN-101458,02/03/2025 18:00,South,Industrial Machinery,2,199.16,44.31
TXN-101459,02/03/2025 19:00,East,Home Appliances,7,298.57,28.27
TXN-101460,02/03/2025 20:00,North,Electronics,8,128.05,11.49
TXN-101461,02/03/2025 21:00,North,Home Appliances,7,45.81,33
TXN-101462,02/03/2025 22:00,North,Industrial Machinery,7,195.15,25.8
TXN-101463,02/03/2025 23:00,East,Office Supplies,14,216.14,47.11
TXN-101464,03/03/2025 00:00,East,Home Appliances,18,126.91,22.64
TXN-101465,03/03/2025 01:00,South,Office Supplies,6,331.69,23.13
TXN-101466,03/03/2025 02:00,South,Office Supplies,4,47.46,34.28
TXN-101467,03/03/2025 03:00,South,Office Supplies,10,112.28,28.71
TXN-101468,03/03/2025 04:00,West,Home Appliances,18,340.75,21.85
TXN-101469,03/03/2025 05:00,North,Office Supplies,12,205.43,49.54
TXN-101470,03/03/2025 06:00,North,Office Supplies,16,321.95,18.6
TXN-101471,03/03/2025 07:00,South,Home Appliances,7,262.07,17.49
TXN-101472,03/03/2025 08:00,North,Office Supplies,6,428.58,43.9
TXN-101473,03/03/2025 09:00,South,Home Appliances,5,275.24,5.15
TXN-101474,03/03/2025 10:00,West,Industrial Machinery,3,21.96,14.06
TXN-101475,03/03/2025 11:00,West,Industrial Machinery,12,168.83,31.57
TXN-101476,03/03/2025 12:00,East,Industrial Machinery,15,77.66,12.31
TXN-101477,03/03/2025 13:00,West,Office Supplies,10,417.25,49.36
TXN-101478,03/03/2025 14:00,South,Electronics,19,60.69,25.89
TXN-101479,03/03/2025 15:00,West,Electronics,16,183.96,31.88
TXN-101480,03/03/2025 16:00,East,Office Supplies,11,113.74,12.22
TXN-101481,03/03/2025 17:00,North,Electronics,8,383.4,18.02
TXN-101482,03/03/2025 18:00,South,Home Appliances,3,149.57,32.66
TXN-101483,03/03/2025 19:00,North,Electronics,7,446.48,29.73
TXN-101484,03/03/2025 20:00,East,Office Supplies,7,32.28,40.3
TXN-101485,03/03/2025 21:00,East,Office Supplies,14,71.24,17.12
TXN-101486,03/03/2025 22:00,East,Home Appliances,2,113.11,34.41
TXN-101487,03/03/2025 23:00,North,Industrial Machinery,10,367.93,18.09
TXN-101488,04/03/2025 00:00,North,Office Supplies,19,397.22,31.4
TXN-101489,04/03/2025 01:00,North,Home Appliances,9,46.55,32.23
TXN-101490,04/03/2025 02:00,North,Electronics,16,29.6,10.48
TXN-101491,04/03/2025 03:00,East,Electronics,19,339.01,29.69
TXN-101492,04/03/2025 04:00,East,Home Appliances,18,73.44,5.54
TXN-101493,04/03/2025 05:00,South,Home Appliances,9,73.29,27.55
TXN-101494,04/03/2025 06:00,South,Office Supplies,16,25.22,36.39
TXN-101495,04/03/2025 07:00,North,Electronics,13,37.14,8.28
TXN-101496,04/03/2025 08:00,West,Home Appliances,10,130.07,47.24
TXN-101497,04/03/2025 09:00,West,Electronics,14,43.74,25.64
TXN-101498,04/03/2025 10:00,East,Home Appliances,12,175.78,47.23
TXN-101499,04/03/2025 11:00,East,Electronics,19,377.34,9.83
TXN-101500,04/03/2025 12:00,East,Industrial Machinery,7,157.29,47.75
TXN-101501,04/03/2025 13:00,South,Office Supplies,15,331.74,9.91
TXN-101502,04/03/2025 14:00,South,Electronics,16,56.3,25.77
TXN-101503,04/03/2025 15:00,East,Industrial Machinery,8,302,47.21
TXN-101504,04/03/2025 16:00,East,Electronics,10,153.13,15.47
TXN-101505,04/03/2025 17:00,East,Electronics,4,341.27,6.57
TXN-101506,04/03/2025 18:00,West,Industrial Machinery,19,74.7,40.69
TXN-101507,04/03/2025 19:00,South,Electronics,19,405.63,31.81
TXN-101508,04/03/2025 20:00,West,Electronics,15,120.9,28.13
TXN-101509,04/03/2025 21:00,West,Office Supplies,14,168.94,6.55
TXN-101510,04/03/2025 22:00,East,Industrial Machinery,1,428.35,34.4
TXN-101511,04/03/2025 23:00,East,Industrial Machinery,16,266.85,12.72
TXN-101512,05/03/2025 00:00,North,Home Appliances,10,174.43,46.9
TXN-101513,05/03/2025 01:00,North,Electronics,19,428.1,35.86
TXN-101514,05/03/2025 02:00,West,Office Supplies,3,158.48,36.82
TXN-101515,05/03/2025 03:00,South,Electronics,5,56.72,15.47
TXN-101516,05/03/2025 04:00,East,Electronics,9,448.63,44.63
TXN-101517,05/03/2025 05:00,East,Home Appliances,18,131.88,29.2
TXN-101518,05/03/2025 06:00,West,Electronics,11,385.37,43.57
TXN-101519,05/03/2025 07:00,North,Office Supplies,16,87.43,17.19
TXN-101520,05/03/2025 08:00,South,Office Supplies,2,333.27,39
TXN-101521,05/03/2025 09:00,North,Home Appliances,12,243.37,30.86
TXN-101522,05/03/2025 10:00,North,Electronics,6,441.7,7.18
TXN-101523,05/03/2025 11:00,North,Office Supplies,11,255.7,23.24
TXN-101524,05/03/2025 12:00,North,Electronics,8,26.37,13.28
TXN-101525,05/03/2025 13:00,East,Electronics,12,277.88,21.16
TXN-101526,05/03/2025 14:00,East,Electronics,2,78.64,22.25
TXN-101527,05/03/2025 15:00,North,Home Appliances,9,362.47,26.37
TXN-101528,05/03/2025 16:00,South,Electronics,15,387.68,32.01
TXN-101529,05/03/2025 17:00,West,Office Supplies,2,224.97,30.69
TXN-101530,05/03/2025 18:00,South,Electronics,1,355.81,6.75
TXN-101531,05/03/2025 19:00,South,Office Supplies,10,78.55,38.78
TXN-101532,05/03/2025 20:00,South,Electronics,2,229.31,47.71
TXN-101533,05/03/2025 21:00,North,Office Supplies,12,186.67,20.69
TXN-101534,05/03/2025 22:00,East,Office Supplies,8,281.12,13.09
TXN-101535,05/03/2025 23:00,South,Electronics,5,34.83,29.3
TXN-101536,06/03/2025 00:00,North,Electronics,1,342.3,36.72
TXN-101537,06/03/2025 01:00,South,Office Supplies,15,49.88,35.55
TXN-101538,06/03/2025 02:00,South,Industrial Machinery,6,300.74,32.54
TXN-101539,06/03/2025 03:00,North,Home Appliances,12,23.52,11.58
TXN-101540,06/03/2025 04:00,East,Industrial Machinery,8,376.96,42.66
TXN-101541,06/03/2025 05:00,East,Industrial Machinery,13,91.41,24.15
TXN-101542,06/03/2025 06:00,West,Electronics,19,239.48,14.97
TXN-101543,06/03/2025 07:00,North,Home Appliances,1,129.12,8.88
TXN-101544,06/03/2025 08:00,West,Industrial Machinery,11,329.49,23.75
TXN-101545,06/03/2025 09:00,West,Electronics,1,155.13,32.81
TXN-101546,06/03/2025 10:00,West,Industrial Machinery,8,330.34,34.94
TXN-101547,06/03/2025 11:00,East,Industrial Machinery,5,139.28,48.32
TXN-101548,06/03/2025 12:00,North,Electronics,17,342.45,11.89
TXN-101549,06/03/2025 13:00,West,Electronics,8,28.8,49.36
TXN-101550,06/03/2025 14:00,North,Electronics,10,138.6,34.46
TXN-101551,06/03/2025 15:00,North,Home Appliances,2,232.16,25.44
TXN-101552,06/03/2025 16:00,East,Industrial Machinery,9,35.08,44.97
TXN-101553,06/03/2025 17:00,West,Electronics,3,96.33,36.25
TXN-101554,06/03/2025 18:00,West,Office Supplies,18,421.56,20.69
TXN-101555,06/03/2025 19:00,North,Industrial Machinery,7,439.93,44.78
TXN-101556,06/03/2025 20:00,South,Office Supplies,15,336.92,35
TXN-101557,06/03/2025 21:00,East,Home Appliances,18,125.08,36.45
TXN-101558,06/03/2025 22:00,East,Electronics,3,128.69,45.34
TXN-101559,06/03/2025 23:00,East,Office Supplies,14,296.1,25.18
TXN-101560,07/03/2025 00:00,East,Home Appliances,2,66.6,34.56
TXN-101561,07/03/2025 01:00,West,Electronics,14,427.54,38.51
TXN-101562,07/03/2025 02:00,West,Office Supplies,11,113.18,25.43
TXN-101563,07/03/2025 03:00,South,Office Supplies,16,449.84,8.76
TXN-101564,07/03/2025 04:00,East,Home Appliances,8,230.9,39.71
TXN-101565,07/03/2025 05:00,East,Electronics,7,350.69,7.15
TXN-101566,07/03/2025 06:00,North,Electronics,11,16.45,37.31
TXN-101567,07/03/2025 07:00,West,Office Supplies,3,401.66,45.99
TXN-101568,07/03/2025 08:00,East,Office Supplies,17,132.82,20.61
TXN-101569,07/03/2025 09:00,South,Office Supplies,14,305.72,9.59
TXN-101570,07/03/2025 10:00,South,Electronics,6,365.86,15.48
TXN-101571,07/03/2025 11:00,West,Home Appliances,8,86.82,30.3
TXN-101572,07/03/2025 12:00,South,Home Appliances,5,207.77,47.42
TXN-101573,07/03/2025 13:00,South,Electronics,8,230.07,28.05
TXN-101574,07/03/2025 14:00,West,Industrial Machinery,2,151.12,10.07
TXN-101575,07/03/2025 15:00,East,Home Appliances,15,224.82,33.25
TXN-101576,07/03/2025 16:00,East,Office Supplies,12,153.47,37.98
TXN-101577,07/03/2025 17:00,South,Industrial Machinery,17,172.24,22.7
TXN-101578,07/03/2025 18:00,South,Industrial Machinery,1,306.32,37.47
TXN-101579,07/03/2025 19:00,East,Home Appliances,15,290.36,19.62
TXN-101580,07/03/2025 20:00,West,Industrial Machinery,14,116.42,40.51
TXN-101581,07/03/2025 21:00,South,Industrial Machinery,16,405.46,20.35
TXN-101582,07/03/2025 22:00,North,Home Appliances,9,390.38,16.52
TXN-101583,07/03/2025 23:00,West,Home Appliances,1,236.7,44.56
TXN-101584,08/03/2025 00:00,South,Industrial Machinery,17,203.75,29.68
TXN-101585,08/03/2025 01:00,South,Office Supplies,13,179.24,17.83
TXN-101586,08/03/2025 02:00,North,Electronics,5,322.81,47.08
TXN-101587,08/03/2025 03:00,North,Industrial Machinery,10,307.34,36.09
TXN-101588,08/03/2025 04:00,East,Industrial Machinery,6,100.74,14.93
TXN-101589,08/03/2025 05:00,West,Office Supplies,19,307.25,32.66
TXN-101590,08/03/2025 06:00,West,Industrial Machinery,13,125.18,44.17
TXN-101591,08/03/2025 07:00,East,Industrial Machinery,1,23.56,36.33
TXN-101592,08/03/2025 08:00,West,Electronics,15,319.31,16.01
TXN-101593,08/03/2025 09:00,West,Electronics,14,295.66,34.2
TXN-101594,08/03/2025 10:00,West,Electronics,8,194,32.86
TXN-101595,08/03/2025 11:00,West,Home Appliances,10,243.91,41.94
TXN-101596,08/03/2025 12:00,West,Home Appliances,9,427.05,13.02
TXN-101597,08/03/2025 13:00,North,Electronics,17,274.11,36.48
TXN-101598,08/03/2025 14:00,West,Electronics,9,301.35,6.23
TXN-101599,08/03/2025 15:00,North,Home Appliances,3,43.27,36.33
TXN-101600,08/03/2025 16:00,West,Office Supplies,11,87.62,48.22
TXN-101601,08/03/2025 17:00,East,Industrial Machinery,12,146.26,12.85
TXN-101602,08/03/2025 18:00,South,Industrial Machinery,10,249.86,19.01
TXN-101603,08/03/2025 19:00,North,Electronics,17,352.93,31.23
TXN-101604,08/03/2025 20:00,West,Office Supplies,17,155.08,37.96
TXN-101605,08/03/2025 21:00,East,Home Appliances,11,170.35,20.5
TXN-101606,08/03/2025 22:00,South,Electronics,4,126.8,34.89
TXN-101607,08/03/2025 23:00,North,Office Supplies,7,126.13,45.47
TXN-101608,09/03/2025 00:00,South,Office Supplies,14,427.78,37.7
TXN-101609,09/03/2025 01:00,East,Office Supplies,7,291.61,37
TXN-101610,09/03/2025 02:00,North,Home Appliances,8,83.24,22.19
TXN-101611,09/03/2025 03:00,South,Home Appliances,1,329.32,46.01
TXN-101612,09/03/2025 04:00,West,Industrial Machinery,4,329.22,17.48
TXN-101613,09/03/2025 05:00,North,Industrial Machinery,12,305.08,14.24
TXN-101614,09/03/2025 06:00,South,Office Supplies,3,74.04,21.39
TXN-101615,09/03/2025 07:00,East,Office Supplies,13,192.77,34.26
TXN-101616,09/03/2025 08:00,East,Home Appliances,6,61.89,43.78
TXN-101617,09/03/2025 09:00,North,Industrial Machinery,11,370.32,10.94
TXN-101618,09/03/2025 10:00,South,Office Supplies,4,300.17,41.62
TXN-101619,09/03/2025 11:00,North,Industrial Machinery,16,235.88,41.58
TXN-101620,09/03/2025 12:00,North,Industrial Machinery,7,164.54,31.41
TXN-101621,09/03/2025 13:00,South,Office Supplies,11,95.56,39.23
TXN-101622,09/03/2025 14:00,South,Home Appliances,1,61.75,13.18
TXN-101623,09/03/2025 15:00,West,Office Supplies,7,436.64,12.63
TXN-101624,09/03/2025 16:00,South,Office Supplies,12,102.25,43.83
TXN-101625,09/03/2025 17:00,East,Industrial Machinery,7,41.52,27.42
TXN-101626,09/03/2025 18:00,North,Office Supplies,7,433.34,16.07
TXN-101627,09/03/2025 19:00,North,Home Appliances,10,254.02,35.99
TXN-101628,09/03/2025 20:00,East,Office Supplies,16,361.65,45.13
TXN-101629,09/03/2025 21:00,South,Home Appliances,8,34.52,33.45
TXN-101630,09/03/2025 22:00,East,Home Appliances,9,261.84,20.63
TXN-101631,09/03/2025 23:00,East,Industrial Machinery,9,188.52,26.75
TXN-101632,10/03/2025 00:00,West,Electronics,2,350.92,38.85
TXN-101633,10/03/2025 01:00,East,Electronics,13,32.2,8.04
TXN-101634,10/03/2025 02:00,North,Industrial Machinery,13,190.03,14.77
TXN-101635,10/03/2025 03:00,East,Office Supplies,4,362.7,25.82
TXN-101636,10/03/2025 04:00,North,Industrial Machinery,12,242.61,32.19
TXN-101637,10/03/2025 05:00,North,Home Appliances,17,254.49,20.26
TXN-101638,10/03/2025 06:00,North,Electronics,2,57.72,18.43
TXN-101639,10/03/2025 07:00,South,Industrial Machinery,13,73,6.86
TXN-101640,10/03/2025 08:00,West,Office Supplies,18,309.66,6.47
TXN-101641,10/03/2025 09:00,North,Industrial Machinery,15,308.81,17.54
TXN-101642,10/03/2025 10:00,North,Electronics,8,440.92,28.87
TXN-101643,10/03/2025 11:00,South,Industrial Machinery,15,324.84,30.04
TXN-101644,10/03/2025 12:00,North,Industrial Machinery,1,229.81,27.23
TXN-101645,10/03/2025 13:00,East,Electronics,10,388.01,23.44
TXN-101646,10/03/2025 14:00,East,Home Appliances,12,60.89,16.35
TXN-101647,10/03/2025 15:00,West,Home Appliances,5,210.72,23.03
TXN-101648,10/03/2025 16:00,North,Electronics,9,140.25,11.24
TXN-101649,10/03/2025 17:00,South,Industrial Machinery,8,60.97,10.19
TXN-101650,10/03/2025 18:00,East,Electronics,16,347.24,18.5
TXN-101651,10/03/2025 19:00,South,Home Appliances,14,237.44,49.79
TXN-101652,10/03/2025 20:00,South,Office Supplies,13,257.42,19.69
TXN-101653,10/03/2025 21:00,East,Industrial Machinery,13,194.19,47.14
TXN-101654,10/03/2025 22:00,South,Home Appliances,5,215.52,22.65
TXN-101655,10/03/2025 23:00,East,Industrial Machinery,16,65.91,24.76
TXN-101656,11/03/2025 00:00,South,Electronics,11,307.88,40.87
TXN-101657,11/03/2025 01:00,East,Office Supplies,5,203.4,9.21
TXN-101658,11/03/2025 02:00,North,Electronics,13,370.39,13.2
TXN-101659,11/03/2025 03:00,West,Office Supplies,11,100.79,48.82
TXN-101660,11/03/2025 04:00,East,Industrial Machinery,19,104.6,27.77
TXN-101661,11/03/2025 05:00,East,Industrial Machinery,3,296.08,6.99
TXN-101662,11/03/2025 06:00,West,Electronics,15,383.09,7.13
TXN-101663,11/03/2025 07:00,East,Office Supplies,7,220.67,45.83
TXN-101664,11/03/2025 08:00,East,Office Supplies,7,331.36,44.3
TXN-101665,11/03/2025 09:00,South,Industrial Machinery,6,449.71,25.63
TXN-101666,11/03/2025 10:00,West,Electronics,3,445.77,12.34
TXN-101667,11/03/2025 11:00,North,Office Supplies,13,338.91,42.36
TXN-101668,11/03/2025 12:00,East,Industrial Machinery,7,336.85,19.61
TXN-101669,11/03/2025 13:00,West,Home Appliances,5,123.09,23.86
TXN-101670,11/03/2025 14:00,South,Electronics,18,377.67,35.71
TXN-101671,11/03/2025 15:00,North,Home Appliances,8,191.52,20.9
TXN-101672,11/03/2025 16:00,West,Electronics,17,433.49,33.29
TXN-101673,11/03/2025 17:00,North,Industrial Machinery,1,50.88,44.84
TXN-101674,11/03/2025 18:00,North,Office Supplies,14,204.87,40.88
TXN-101675,11/03/2025 19:00,North,Office Supplies,17,257.01,22.17
TXN-101676,11/03/2025 20:00,East,Office Supplies,10,191.54,17.96
TXN-101677,11/03/2025 21:00,East,Electronics,12,107,17.85
TXN-101678,11/03/2025 22:00,South,Industrial Machinery,16,273.15,20.69
TXN-101679,11/03/2025 23:00,South,Home Appliances,14,343.95,27.21
TXN-101680,12/03/2025 00:00,West,Industrial Machinery,16,295.68,23.75
TXN-101681,12/03/2025 01:00,South,Home Appliances,8,117.37,10.99
TXN-101682,12/03/2025 02:00,North,Electronics,10,333.38,12.36
TXN-101683,12/03/2025 03:00,North,Electronics,17,127.12,20.43
TXN-101684,12/03/2025 04:00,East,Home Appliances,18,91.63,30.29
TXN-101685,12/03/2025 05:00,North,Home Appliances,16,315.6,31.67
TXN-101686,12/03/2025 06:00,West,Home Appliances,17,381.69,26.88
TXN-101687,12/03/2025 07:00,North,Industrial Machinery,16,224.73,38.24
TXN-101688,12/03/2025 08:00,North,Home Appliances,19,246.39,38.18
TXN-101689,12/03/2025 09:00,West,Electronics,8,147.04,24.24
TXN-101690,12/03/2025 10:00,South,Electronics,6,230.41,10.6
TXN-101691,12/03/2025 11:00,South,Office Supplies,6,72.85,28.86
TXN-101692,12/03/2025 12:00,West,Home Appliances,9,430.81,22.17
TXN-101693,12/03/2025 13:00,East,Industrial Machinery,4,363.26,11.21
TXN-101694,12/03/2025 14:00,North,Industrial Machinery,12,305.73,49.18
TXN-101695,12/03/2025 15:00,West,Industrial Machinery,12,249.35,21.64
TXN-101696,12/03/2025 16:00,North,Office Supplies,17,359.7,33.16
TXN-101697,12/03/2025 17:00,East,Electronics,15,230.47,27.06
TXN-101698,12/03/2025 18:00,North,Industrial Machinery,9,145.84,11.43
TXN-101699,12/03/2025 19:00,West,Electronics,7,85.18,7.5
TXN-101700,12/03/2025 20:00,North,Office Supplies,10,296.88,33.16
TXN-101701,12/03/2025 21:00,South,Home Appliances,16,419.34,16.12
TXN-101702,12/03/2025 22:00,East,Home Appliances,12,82.25,15.96
TXN-101703,12/03/2025 23:00,East,Home Appliances,7,93.72,48.06
TXN-101704,13/03/2025 00:00,East,Industrial Machinery,18,203.9,25.78
TXN-101705,13/03/2025 01:00,West,Home Appliances,15,366.1,6.32
TXN-101706,13/03/2025 02:00,East,Industrial Machinery,6,143.21,20.29
TXN-101707,13/03/2025 03:00,South,Office Supplies,12,125.83,31.3
TXN-101708,13/03/2025 04:00,West,Office Supplies,11,284.88,19.79
TXN-101709,13/03/2025 05:00,South,Industrial Machinery,3,248.22,6.21
TXN-101710,13/03/2025 06:00,North,Electronics,2,41.67,24.99
TXN-101711,13/03/2025 07:00,North,Home Appliances,6,50.91,9.77
TXN-101712,13/03/2025 08:00,North,Home Appliances,5,294.89,32.86
TXN-101713,13/03/2025 09:00,North,Home Appliances,18,217.6,32.88
TXN-101714,13/03/2025 10:00,South,Industrial Machinery,16,437.39,6.7
TXN-101715,13/03/2025 11:00,West,Office Supplies,8,310.32,18.08
TXN-101716,13/03/2025 12:00,West,Home Appliances,11,19.88,23.62
TXN-101717,13/03/2025 13:00,East,Office Supplies,10,224.5,29.76
TXN-101718,13/03/2025 14:00,South,Home Appliances,12,195.58,18.32
TXN-101719,13/03/2025 15:00,North,Home Appliances,6,61.87,17.95
TXN-101720,13/03/2025 16:00,South,Industrial Machinery,5,416.63,49.24
TXN-101721,13/03/2025 17:00,East,Electronics,9,365.28,6.88
TXN-101722,13/03/2025 18:00,East,Industrial Machinery,16,115.47,49.51
TXN-101723,13/03/2025 19:00,South,Home Appliances,14,126.72,7.15
TXN-101724,13/03/2025 20:00,South,Home Appliances,8,29.41,17.98
TXN-101725,13/03/2025 21:00,South,Electronics,19,144.42,27.22
TXN-101726,13/03/2025 22:00,West,Office Supplies,14,269.52,11.45
TXN-101727,13/03/2025 23:00,North,Office Supplies,7,198.36,11.07
TXN-101728,14/03/2025 00:00,South,Home Appliances,5,436.64,16.53
TXN-101729,14/03/2025 01:00,South,Office Supplies,18,39.87,48.81
TXN-101730,14/03/2025 02:00,South,Home Appliances,2,272.48,22.11
TXN-101731,14/03/2025 03:00,East,Electronics,11,388.44,30.47
TXN-101732,14/03/2025 04:00,East,Electronics,8,224.38,36.69
TXN-101733,14/03/2025 05:00,West,Home Appliances,1,16.79,38.4
TXN-101734,14/03/2025 06:00,North,Electronics,12,121,35.96
TXN-101735,14/03/2025 07:00,West,Industrial Machinery,2,156.18,20.16
TXN-101736,14/03/2025 08:00,North,Industrial Machinery,18,435.22,10.03
TXN-101737,14/03/2025 09:00,East,Electronics,7,411.67,17.68
TXN-101738,14/03/2025 10:00,East,Home Appliances,17,427.91,14.46
TXN-101739,14/03/2025 11:00,East,Home Appliances,14,374.29,11.13
TXN-101740,14/03/2025 12:00,West,Electronics,7,168.29,6.1
TXN-101741,14/03/2025 13:00,South,Office Supplies,3,409.1,47.11
TXN-101742,14/03/2025 14:00,South,Industrial Machinery,6,442.04,46.45
TXN-101743,14/03/2025 15:00,East,Office Supplies,2,167.61,7.27
TXN-101744,14/03/2025 16:00,South,Home Appliances,17,128.71,12.79
TXN-101745,14/03/2025 17:00,South,Home Appliances,12,253.14,11.28
TXN-101746,14/03/2025 18:00,West,Office Supplies,12,96.82,17.66
TXN-101747,14/03/2025 19:00,North,Electronics,17,29.68,14.18
TXN-101748,14/03/2025 20:00,East,Office Supplies,10,426.46,47.56
TXN-101749,14/03/2025 21:00,East,Office Supplies,3,417.73,8.79
TXN-101750,14/03/2025 22:00,West,Industrial Machinery,18,86.17,14.53
TXN-101751,14/03/2025 23:00,West,Industrial Machinery,13,192.66,8.63
TXN-101752,15/03/2025 00:00,South,Office Supplies,12,376.59,49.12
TXN-101753,15/03/2025 01:00,East,Office Supplies,17,302.7,46.33
TXN-101754,15/03/2025 02:00,North,Home Appliances,4,187.04,37.25
TXN-101755,15/03/2025 03:00,West,Industrial Machinery,10,338.84,24.17
TXN-101756,15/03/2025 04:00,North,Industrial Machinery,11,405.27,13.56
TXN-101757,15/03/2025 05:00,North,Home Appliances,6,417.92,14.97
TXN-101758,15/03/2025 06:00,East,Electronics,6,180.11,24.94
TXN-101759,15/03/2025 07:00,East,Industrial Machinery,9,90.91,39.57
TXN-101760,15/03/2025 08:00,West,Industrial Machinery,15,412.13,16.91
TXN-101761,15/03/2025 09:00,East,Electronics,2,55.72,18.99
TXN-101762,15/03/2025 10:00,East,Industrial Machinery,4,329.07,32
TXN-101763,15/03/2025 11:00,East,Industrial Machinery,5,76.55,15.7
TXN-101764,15/03/2025 12:00,North,Electronics,17,184.69,31.29
TXN-101765,15/03/2025 13:00,West,Electronics,8,194.32,22.42
TXN-101766,15/03/2025 14:00,South,Office Supplies,8,84.48,6.55
TXN-101767,15/03/2025 15:00,North,Home Appliances,12,416.41,23.12
TXN-101768,15/03/2025 16:00,East,Home Appliances,8,16.66,46.38
TXN-101769,15/03/2025 17:00,North,Electronics,19,403.86,18.19
TXN-101770,15/03/2025 18:00,East,Electronics,3,399.52,19.53
TXN-101771,15/03/2025 19:00,East,Industrial Machinery,18,153.22,7.97
TXN-101772,15/03/2025 20:00,North,Office Supplies,19,321.51,32.68
TXN-101773,15/03/2025 21:00,West,Office Supplies,19,125.35,43.22
TXN-101774,15/03/2025 22:00,East,Electronics,15,345.19,20.88
TXN-101775,15/03/2025 23:00,West,Industrial Machinery,6,259.31,15.81
TXN-101776,16/03/2025 00:00,South,Industrial Machinery,16,145.95,48.05
TXN-101777,16/03/2025 01:00,East,Home Appliances,8,189.4,38.53
TXN-101778,16/03/2025 02:00,West,Home Appliances,16,315.26,30.52
TXN-101779,16/03/2025 03:00,West,Industrial Machinery,18,409.2,18.75
TXN-101780,16/03/2025 04:00,South,Home Appliances,16,72.3,14.94
TXN-101781,16/03/2025 05:00,West,Electronics,11,263.76,37.21
TXN-101782,16/03/2025 06:00,West,Industrial Machinery,7,125.75,28.48
TXN-101783,16/03/2025 07:00,South,Home Appliances,17,363.7,28.43
TXN-101784,16/03/2025 08:00,East,Office Supplies,17,46.02,8.32
TXN-101785,16/03/2025 09:00,West,Industrial Machinery,12,314.85,28.05
TXN-101786,16/03/2025 10:00,West,Industrial Machinery,13,91.51,42.02
TXN-101787,16/03/2025 11:00,West,Office Supplies,10,274.63,47.61
TXN-101788,16/03/2025 12:00,North,Electronics,7,378.61,9.8
TXN-101789,16/03/2025 13:00,South,Office Supplies,14,343.58,33.4
TXN-101790,16/03/2025 14:00,North,Industrial Machinery,1,342.65,30.58
TXN-101791,16/03/2025 15:00,South,Electronics,17,240.5,45.06
TXN-101792,16/03/2025 16:00,East,Home Appliances,4,402.53,38.81
TXN-101793,16/03/2025 17:00,East,Home Appliances,5,271.03,48.44
TXN-101794,16/03/2025 18:00,West,Home Appliances,7,414.16,48.2
TXN-101795,16/03/2025 19:00,South,Industrial Machinery,10,252.96,15.16
TXN-101796,16/03/2025 20:00,East,Office Supplies,17,235.34,37.64
TXN-101797,16/03/2025 21:00,South,Electronics,7,112.11,28.87
TXN-101798,16/03/2025 22:00,East,Home Appliances,1,252.21,14.66
TXN-101799,16/03/2025 23:00,North,Electronics,7,76.58,13.77
TXN-101800,17/03/2025 00:00,East,Industrial Machinery,11,393.38,8.65
TXN-101801,17/03/2025 01:00,North,Home Appliances,9,309.18,40.8
TXN-101802,17/03/2025 02:00,East,Industrial Machinery,12,447.23,19.6
TXN-101803,17/03/2025 03:00,West,Office Supplies,3,55.52,43.56
TXN-101804,17/03/2025 04:00,North,Industrial Machinery,4,120.07,32.37
TXN-101805,17/03/2025 05:00,East,Industrial Machinery,4,396.63,35.31
TXN-101806,17/03/2025 06:00,West,Office Supplies,13,187.24,18.13
TXN-101807,17/03/2025 07:00,North,Electronics,19,218.11,25.58
TXN-101808,17/03/2025 08:00,West,Office Supplies,10,389.45,23.55
TXN-101809,17/03/2025 09:00,South,Office Supplies,5,242.23,15.61
TXN-101810,17/03/2025 10:00,South,Industrial Machinery,7,99.57,42.46
TXN-101811,17/03/2025 11:00,North,Electronics,16,403.09,32.99
TXN-101812,17/03/2025 12:00,East,Home Appliances,1,29,6.68
TXN-101813,17/03/2025 13:00,North,Office Supplies,12,404.55,41.9
TXN-101814,17/03/2025 14:00,West,Electronics,2,37.45,9.77
TXN-101815,17/03/2025 15:00,East,Office Supplies,7,304.81,23.17
TXN-101816,17/03/2025 16:00,South,Office Supplies,11,46.64,30.71
TXN-101817,17/03/2025 17:00,East,Office Supplies,13,322.35,5.34
TXN-101818,17/03/2025 18:00,South,Office Supplies,2,30.26,34.38
TXN-101819,17/03/2025 19:00,East,Industrial Machinery,7,381.55,34.69
TXN-101820,17/03/2025 20:00,East,Electronics,15,217.95,34.36
TXN-101821,17/03/2025 21:00,East,Electronics,11,56.11,12.36
TXN-101822,17/03/2025 22:00,West,Electronics,2,322.61,16.51
TXN-101823,17/03/2025 23:00,West,Office Supplies,7,228.1,16.13
TXN-101824,18/03/2025 00:00,North,Industrial Machinery,4,98.47,48.2
TXN-101825,18/03/2025 01:00,North,Office Supplies,11,22.31,8.04
TXN-101826,18/03/2025 02:00,South,Office Supplies,2,197.12,24.29
TXN-101827,18/03/2025 03:00,West,Electronics,16,52.71,44.21
TXN-101828,18/03/2025 04:00,South,Office Supplies,7,56.42,39.63
TXN-101829,18/03/2025 05:00,North,Home Appliances,13,131.65,42.01
TXN-101830,18/03/2025 06:00,South,Office Supplies,5,289.43,48.75
TXN-101831,18/03/2025 07:00,North,Home Appliances,17,245.75,22.43
TXN-101832,18/03/2025 08:00,West,Office Supplies,12,45.47,18.93
TXN-101833,18/03/2025 09:00,East,Industrial Machinery,19,436.28,6.38
TXN-101834,18/03/2025 10:00,West,Industrial Machinery,7,400.97,11.75
TXN-101835,18/03/2025 11:00,South,Electronics,6,128.13,30.29
TXN-101836,18/03/2025 12:00,South,Office Supplies,8,68.66,12.09
TXN-101837,18/03/2025 13:00,West,Home Appliances,13,424.97,38.13
TXN-101838,18/03/2025 14:00,West,Home Appliances,5,215.87,6.68
TXN-101839,18/03/2025 15:00,North,Office Supplies,2,150.7,16.68
TXN-101840,18/03/2025 16:00,South,Home Appliances,9,228.56,36.3
TXN-101841,18/03/2025 17:00,South,Industrial Machinery,11,351.26,16.5
TXN-101842,18/03/2025 18:00,West,Home Appliances,6,88.66,37.79
TXN-101843,18/03/2025 19:00,East,Electronics,7,348.98,49.81
TXN-101844,18/03/2025 20:00,South,Industrial Machinery,7,341.13,40.87
TXN-101845,18/03/2025 21:00,East,Industrial Machinery,19,249.85,20.38
TXN-101846,18/03/2025 22:00,West,Industrial Machinery,6,391.71,45.53
TXN-101847,18/03/2025 23:00,West,Office Supplies,11,72.92,7.3
TXN-101848,19/03/2025 00:00,North,Office Supplies,11,274.24,37.63
TXN-101849,19/03/2025 01:00,South,Industrial Machinery,7,210.74,6.05
TXN-101850,19/03/2025 02:00,East,Office Supplies,2,198.99,12.85
TXN-101851,19/03/2025 03:00,North,Home Appliances,19,125.24,49.44
TXN-101852,19/03/2025 04:00,South,Office Supplies,4,177.26,21.24
TXN-101853,19/03/2025 05:00,North,Office Supplies,6,62.49,41.92
TXN-101854,19/03/2025 06:00,West,Industrial Machinery,17,124.82,21.92
TXN-101855,19/03/2025 07:00,South,Electronics,5,133.67,42.8
TXN-101856,19/03/2025 08:00,North,Electronics,7,328.63,48.44
TXN-101857,19/03/2025 09:00,North,Electronics,9,36.6,24.6
TXN-101858,19/03/2025 10:00,East,Home Appliances,1,298.44,30.17
TXN-101859,19/03/2025 11:00,North,Office Supplies,1,111.7,33.29
TXN-101860,19/03/2025 12:00,South,Electronics,19,51.07,47.07
TXN-101861,19/03/2025 13:00,South,Industrial Machinery,6,146.2,16.55
TXN-101862,19/03/2025 14:00,East,Electronics,18,113.03,32.51
TXN-101863,19/03/2025 15:00,South,Electronics,10,255.36,19.61
TXN-101864,19/03/2025 16:00,West,Office Supplies,11,170.78,14.76
TXN-101865,19/03/2025 17:00,South,Office Supplies,1,435.22,8.82
TXN-101866,19/03/2025 18:00,South,Office Supplies,1,434.16,32.93
TXN-101867,19/03/2025 19:00,North,Home Appliances,13,208.29,44.69
TXN-101868,19/03/2025 20:00,North,Home Appliances,5,360.97,20.81
TXN-101869,19/03/2025 21:00,South,Electronics,1,21.27,29.87
TXN-101870,19/03/2025 22:00,East,Office Supplies,3,253.52,33.9
TXN-101871,19/03/2025 23:00,North,Electronics,18,338.46,23.66
TXN-101872,20/03/2025 00:00,East,Industrial Machinery,9,109.76,45.65
TXN-101873,20/03/2025 01:00,South,Industrial Machinery,14,42.08,21.32
TXN-101874,20/03/2025 02:00,South,Office Supplies,17,83.25,10.63
TXN-101875,20/03/2025 03:00,West,Office Supplies,14,207.48,11.48
TXN-101876,20/03/2025 04:00,North,Industrial Machinery,4,235.52,45.09
TXN-101877,20/03/2025 05:00,South,Office Supplies,5,180.99,49.46
TXN-101878,20/03/2025 06:00,West,Home Appliances,17,206.67,18
TXN-101879,20/03/2025 07:00,North,Home Appliances,2,219.82,11.46
TXN-101880,20/03/2025 08:00,South,Office Supplies,5,349.82,26.7
TXN-101881,20/03/2025 09:00,South,Industrial Machinery,4,61.23,36.93
TXN-101882,20/03/2025 10:00,North,Electronics,4,349.61,32.56
TXN-101883,20/03/2025 11:00,North,Office Supplies,6,314.71,47.8
TXN-101884,20/03/2025 12:00,North,Office Supplies,13,337.75,41.8
TXN-101885,20/03/2025 13:00,South,Electronics,5,334.63,44.1
TXN-101886,20/03/2025 14:00,South,Office Supplies,7,219.97,29.38
TXN-101887,20/03/2025 15:00,West,Electronics,1,107.35,19.73
TXN-101888,20/03/2025 16:00,East,Industrial Machinery,14,248.67,36.58
TXN-101889,20/03/2025 17:00,North,Home Appliances,4,431.74,24.76
TXN-101890,20/03/2025 18:00,South,Industrial Machinery,17,271.21,17.95
TXN-101891,20/03/2025 19:00,South,Home Appliances,14,20.3,11.85
TXN-101892,20/03/2025 20:00,North,Electronics,16,41.44,28.75
TXN-101893,20/03/2025 21:00,East,Home Appliances,14,446.9,31.74
TXN-101894,20/03/2025 22:00,North,Industrial Machinery,16,46.76,30.6
TXN-101895,20/03/2025 23:00,East,Home Appliances,8,35.51,10.24
TXN-101896,21/03/2025 00:00,South,Electronics,3,168.89,30.65
TXN-101897,21/03/2025 01:00,East,Home Appliances,19,436.67,12.58
TXN-101898,21/03/2025 02:00,West,Office Supplies,1,153.96,34.87
TXN-101899,21/03/2025 03:00,South,Industrial Machinery,2,193.59,24.32
TXN-101900,21/03/2025 04:00,West,Office Supplies,15,291.01,43.2
TXN-101901,21/03/2025 05:00,North,Electronics,10,25.98,40.02
TXN-101902,21/03/2025 06:00,North,Home Appliances,18,405.58,37.6
TXN-101903,21/03/2025 07:00,North,Office Supplies,14,241.2,36.53
TXN-101904,21/03/2025 08:00,East,Office Supplies,17,218.33,30.22
TXN-101905,21/03/2025 09:00,South,Home Appliances,13,389.49,7.75
TXN-101906,21/03/2025 10:00,North,Home Appliances,1,429.61,34.5
TXN-101907,21/03/2025 11:00,North,Industrial Machinery,5,199.48,26.01
TXN-101908,21/03/2025 12:00,South,Office Supplies,13,90.43,26.13
TXN-101909,21/03/2025 13:00,North,Office Supplies,14,369.93,22.06
TXN-101910,21/03/2025 14:00,West,Electronics,3,190.72,46.81
TXN-101911,21/03/2025 15:00,South,Industrial Machinery,15,421.99,16.23
TXN-101912,21/03/2025 16:00,South,Electronics,19,428.23,19.25
TXN-101913,21/03/2025 17:00,South,Office Supplies,17,65.39,48.34
TXN-101914,21/03/2025 18:00,West,Electronics,3,431.12,41.46
TXN-101915,21/03/2025 19:00,South,Office Supplies,16,175.51,5.63
TXN-101916,21/03/2025 20:00,West,Office Supplies,14,296.3,45.77
TXN-101917,21/03/2025 21:00,South,Electronics,12,30.6,15.2
TXN-101918,21/03/2025 22:00,East,Electronics,12,401.72,36.77
TXN-101919,21/03/2025 23:00,North,Home Appliances,11,294.27,29.89
TXN-101920,22/03/2025 00:00,East,Home Appliances,17,295.12,29.16
TXN-101921,22/03/2025 01:00,North,Home Appliances,8,407.5,37.31
TXN-101922,22/03/2025 02:00,West,Office Supplies,17,236.38,14.32
TXN-101923,22/03/2025 03:00,East,Electronics,11,193.87,12.16
TXN-101924,22/03/2025 04:00,South,Industrial Machinery,2,391.83,34.34
TXN-101925,22/03/2025 05:00,North,Office Supplies,10,338.08,18.08
TXN-101926,22/03/2025 06:00,North,Industrial Machinery,10,427.83,48.83
TXN-101927,22/03/2025 07:00,East,Electronics,11,423.98,25.32
TXN-101928,22/03/2025 08:00,West,Office Supplies,6,181.62,10.02
TXN-101929,22/03/2025 09:00,East,Industrial Machinery,4,209.72,35.86
TXN-101930,22/03/2025 10:00,West,Industrial Machinery,12,126.73,18.78
TXN-101931,22/03/2025 11:00,West,Home Appliances,11,302.55,11.69
TXN-101932,22/03/2025 12:00,North,Home Appliances,13,173.89,24.03
TXN-101933,22/03/2025 13:00,East,Home Appliances,5,357.06,48.39
TXN-101934,22/03/2025 14:00,East,Office Supplies,6,68.31,23.51
TXN-101935,22/03/2025 15:00,West,Electronics,1,66.08,20.63
TXN-101936,22/03/2025 16:00,East,Electronics,6,104.34,25
TXN-101937,22/03/2025 17:00,South,Home Appliances,18,52.12,5.55
TXN-101938,22/03/2025 18:00,South,Home Appliances,9,284.9,10.99
TXN-101939,22/03/2025 19:00,East,Home Appliances,15,79.52,43.24
TXN-101940,22/03/2025 20:00,East,Industrial Machinery,8,85,49.01
TXN-101941,22/03/2025 21:00,West,Home Appliances,19,21.68,12.11
TXN-101942,22/03/2025 22:00,South,Industrial Machinery,16,355.32,29.1
TXN-101943,22/03/2025 23:00,South,Electronics,6,368.44,48.49
TXN-101944,23/03/2025 00:00,North,Office Supplies,6,85.9,12.05
TXN-101945,23/03/2025 01:00,West,Office Supplies,3,336.82,13.38
TXN-101946,23/03/2025 02:00,North,Office Supplies,10,203.88,46.71
TXN-101947,23/03/2025 03:00,South,Office Supplies,1,119.6,36.76
TXN-101948,23/03/2025 04:00,West,Industrial Machinery,14,285.49,11.84
TXN-101949,23/03/2025 05:00,East,Industrial Machinery,4,93.05,22.71
TXN-101950,23/03/2025 06:00,West,Home Appliances,12,344.37,7.53
TXN-101951,23/03/2025 07:00,East,Industrial Machinery,6,36.19,24.47
TXN-101952,23/03/2025 08:00,East,Home Appliances,11,432.24,40.01
TXN-101953,23/03/2025 09:00,West,Home Appliances,12,46.73,29.93
TXN-101954,23/03/2025 10:00,East,Office Supplies,10,267.27,34.13
TXN-101955,23/03/2025 11:00,North,Industrial Machinery,18,407.5,19.71
TXN-101956,23/03/2025 12:00,South,Industrial Machinery,7,20.67,12.26
TXN-101957,23/03/2025 13:00,East,Home Appliances,7,232.1,5.59
TXN-101958,23/03/2025 14:00,North,Home Appliances,11,167.58,41.96
TXN-101959,23/03/2025 15:00,East,Electronics,4,267.65,33.65
TXN-101960,23/03/2025 16:00,South,Electronics,1,113.46,15.32
TXN-101961,23/03/2025 17:00,North,Home Appliances,13,43.7,23.83
TXN-101962,23/03/2025 18:00,South,Electronics,18,287.47,41.06
TXN-101963,23/03/2025 19:00,South,Electronics,9,196.62,29.24
TXN-101964,23/03/2025 20:00,North,Home Appliances,9,285.97,18.51
TXN-101965,23/03/2025 21:00,North,Home Appliances,9,106.98,17.02
TXN-101966,23/03/2025 22:00,North,Industrial Machinery,10,162.68,14.79
TXN-101967,23/03/2025 23:00,West,Home Appliances,2,259.55,42.07
TXN-101968,24/03/2025 00:00,North,Home Appliances,6,273.21,31.18
TXN-101969,24/03/2025 01:00,North,Office Supplies,15,177.27,36.91
TXN-101970,24/03/2025 02:00,North,Industrial Machinery,3,137.18,43.71
TXN-101971,24/03/2025 03:00,North,Industrial Machinery,11,134.42,49.41
TXN-101972,24/03/2025 04:00,East,Industrial Machinery,6,91.41,16.23
TXN-101973,24/03/2025 05:00,West,Office Supplies,3,156.89,13.14
TXN-101974,24/03/2025 06:00,South,Home Appliances,11,102.16,25.79
TXN-101975,24/03/2025 07:00,North,Industrial Machinery,15,290.89,6.58
TXN-101976,24/03/2025 08:00,East,Industrial Machinery,13,262.76,40.63
TXN-101977,24/03/2025 09:00,East,Electronics,10,181.73,44.77
TXN-101978,24/03/2025 10:00,East,Industrial Machinery,6,157.07,35.87
TXN-101979,24/03/2025 11:00,South,Home Appliances,15,118.74,17.06
TXN-101980,24/03/2025 12:00,North,Home Appliances,18,248.16,10.54
TXN-101981,24/03/2025 13:00,West,Electronics,18,414.76,22.2
TXN-101982,24/03/2025 14:00,West,Industrial Machinery,7,313.44,42.5
TXN-101983,24/03/2025 15:00,East,Industrial Machinery,15,338.95,20.65
TXN-101984,24/03/2025 16:00,South,Industrial Machinery,18,378.04,6.54
TXN-101985,24/03/2025 17:00,South,Office Supplies,18,168.29,17.34
TXN-101986,24/03/2025 18:00,South,Industrial Machinery,9,42.82,49.55
TXN-101987,24/03/2025 19:00,West,Home Appliances,2,286,35.45
TXN-101988,24/03/2025 20:00,East,Home Appliances,8,97.48,45.54
TXN-101989,24/03/2025 21:00,North,Office Supplies,2,262.75,39.87
TXN-101990,24/03/2025 22:00,West,Office Supplies,11,336.82,29.29
TXN-101991,24/03/2025 23:00,East,Industrial Machinery,7,355.99,11.69
TXN-101992,25/03/2025 00:00,East,Electronics,6,146.65,20.69
TXN-101993,25/03/2025 01:00,North,Office Supplies,10,238.15,31.27
TXN-101994,25/03/2025 02:00,North,Office Supplies,5,285.31,44.18
TXN-101995,25/03/2025 03:00,North,Industrial Machinery,11,371.56,17.09
TXN-101996,25/03/2025 04:00,South,Industrial Machinery,1,346.32,10.46
TXN-101997,25/03/2025 05:00,North,Office Supplies,2,444.78,30.15
TXN-101998,25/03/2025 06:00,East,Electronics,1,19.01,12.94
TXN-101999,25/03/2025 07:00,North,Office Supplies,19,205.59,32.47
TXN-102000,25/03/2025 08:00,East,Industrial Machinery,2,126.75,16.86
TXN-102001,25/03/2025 09:00,West,Industrial Machinery,4,67.59,15.39
TXN-102002,25/03/2025 10:00,South,Office Supplies,12,411.55,22.96
TXN-102003,25/03/2025 11:00,West,Electronics,18,449.11,31.69
TXN-102004,25/03/2025 12:00,West,Office Supplies,1,93.97,29.54
TXN-102005,25/03/2025 13:00,East,Office Supplies,1,32.2,16.01
TXN-102006,25/03/2025 14:00,West,Industrial Machinery,14,135.01,45.1
TXN-102007,25/03/2025 15:00,East,Electronics,4,378.25,9.94
TXN-102008,25/03/2025 16:00,North,Home Appliances,5,143.2,6.78
TXN-102009,25/03/2025 17:00,North,Electronics,11,40.22,32.12
TXN-102010,25/03/2025 18:00,East,Office Supplies,13,38.31,10.55
TXN-102011,25/03/2025 19:00,North,Office Supplies,16,201.22,27.72
TXN-102012,25/03/2025 20:00,South,Office Supplies,13,420.38,47.83
TXN-102013,25/03/2025 21:00,West,Electronics,2,139.73,36.44
TXN-102014,25/03/2025 22:00,South,Industrial Machinery,16,201.1,32.79
TXN-102015,25/03/2025 23:00,West,Office Supplies,6,59.79,30.87
TXN-102016,26/03/2025 00:00,North,Office Supplies,14,229.96,13.08
TXN-102017,26/03/2025 01:00,South,Electronics,1,318.15,24.47
TXN-102018,26/03/2025 02:00,North,Home Appliances,17,133.31,20.41
TXN-102019,26/03/2025 03:00,West,Home Appliances,11,144.42,47.89
TXN-102020,26/03/2025 04:00,East,Industrial Machinery,19,381.34,15.9
TXN-102021,26/03/2025 05:00,East,Industrial Machinery,3,20,26.22
TXN-102022,26/03/2025 06:00,South,Office Supplies,11,292.05,47.21
TXN-102023,26/03/2025 07:00,North,Electronics,5,186.64,40.51
TXN-102024,26/03/2025 08:00,North,Office Supplies,17,145.15,48.4
TXN-102025,26/03/2025 09:00,South,Industrial Machinery,7,301.22,32.37
TXN-102026,26/03/2025 10:00,East,Electronics,10,378.16,20.02
TXN-102027,26/03/2025 11:00,West,Electronics,11,258.12,42.2
TXN-102028,26/03/2025 12:00,South,Industrial Machinery,3,29.01,18.12
TXN-102029,26/03/2025 13:00,West,Home Appliances,10,215.98,12.41
TXN-102030,26/03/2025 14:00,East,Home Appliances,10,216.57,36.78
TXN-102031,26/03/2025 15:00,North,Electronics,14,251.78,33.75
TXN-102032,26/03/2025 16:00,East,Office Supplies,12,307.03,44.55
TXN-102033,26/03/2025 17:00,South,Home Appliances,15,23.89,48.29
TXN-102034,26/03/2025 18:00,North,Office Supplies,10,233.62,43.57
TXN-102035,26/03/2025 19:00,South,Home Appliances,10,271.12,7.7
TXN-102036,26/03/2025 20:00,South,Home Appliances,19,164.69,34.9
TXN-102037,26/03/2025 21:00,East,Office Supplies,1,305.9,40.31
TXN-102038,26/03/2025 22:00,South,Industrial Machinery,10,114.64,49.19
TXN-102039,26/03/2025 23:00,East,Home Appliances,2,153.4,21.86
TXN-102040,27/03/2025 00:00,North,Home Appliances,17,433.82,12.64
TXN-102041,27/03/2025 01:00,East,Office Supplies,7,166.74,43.38
TXN-102042,27/03/2025 02:00,North,Industrial Machinery,7,166.05,19.29
TXN-102043,27/03/2025 03:00,East,Home Appliances,9,274.32,31.92
TXN-102044,27/03/2025 04:00,West,Home Appliances,2,437.39,22.55
TXN-102045,27/03/2025 05:00,West,Industrial Machinery,14,442.65,23.1
TXN-102046,27/03/2025 06:00,South,Home Appliances,17,267.36,37.96
TXN-102047,27/03/2025 07:00,East,Industrial Machinery,1,15.97,21.27
TXN-102048,27/03/2025 08:00,East,Industrial Machinery,9,406.84,36.19
TXN-102049,27/03/2025 09:00,North,Office Supplies,19,263.27,5.64
TXN-102050,27/03/2025 10:00,South,Electronics,4,174.53,19.61
TXN-102051,27/03/2025 11:00,East,Industrial Machinery,8,375.79,19.36
TXN-102052,27/03/2025 12:00,South,Office Supplies,13,189.23,38.7
TXN-102053,27/03/2025 13:00,West,Electronics,4,30.29,19.16
TXN-102054,27/03/2025 14:00,East,Home Appliances,9,372.26,33.5
TXN-102055,27/03/2025 15:00,East,Electronics,9,252.68,35.98
TXN-102056,27/03/2025 16:00,South,Industrial Machinery,18,162.42,34.63
TXN-102057,27/03/2025 17:00,East,Industrial Machinery,12,124.51,32.15
TXN-102058,27/03/2025 18:00,South,Industrial Machinery,10,273.5,23.61
TXN-102059,27/03/2025 19:00,East,Industrial Machinery,11,105.9,21.8
TXN-102060,27/03/2025 20:00,North,Industrial Machinery,7,156.21,30.41
TXN-102061,27/03/2025 21:00,South,Office Supplies,9,292.07,7.87
TXN-102062,27/03/2025 22:00,East,Industrial Machinery,6,398.53,44.41
TXN-102063,27/03/2025 23:00,West,Office Supplies,19,247.04,42.14
TXN-102064,28/03/2025 00:00,East,Home Appliances,16,345.33,20.59
TXN-102065,28/03/2025 01:00,West,Industrial Machinery,15,347.05,30.51
TXN-102066,28/03/2025 02:00,West,Industrial Machinery,7,304.16,46.95
TXN-102067,28/03/2025 03:00,North,Electronics,16,122.32,17.22
TXN-102068,28/03/2025 04:00,South,Home Appliances,5,392.12,38.41
TXN-102069,28/03/2025 05:00,East,Industrial Machinery,16,205.06,8.72
TXN-102070,28/03/2025 06:00,North,Industrial Machinery,1,34.71,28.55
TXN-102071,28/03/2025 07:00,East,Home Appliances,19,121.78,44.78
TXN-102072,28/03/2025 08:00,West,Office Supplies,5,348.13,29.83
TXN-102073,28/03/2025 09:00,South,Industrial Machinery,7,45.54,32.73
TXN-102074,28/03/2025 10:00,East,Electronics,19,79.53,45.84
TXN-102075,28/03/2025 11:00,East,Industrial Machinery,5,317.14,37.19
TXN-102076,28/03/2025 12:00,West,Electronics,17,403.34,36.31
TXN-102077,28/03/2025 13:00,East,Electronics,8,290.86,31.39
TXN-102078,28/03/2025 14:00,East,Industrial Machinery,1,112.09,33.48
TXN-102079,28/03/2025 15:00,West,Industrial Machinery,2,38.71,41.17
TXN-102080,28/03/2025 16:00,North,Electronics,15,282.77,49.07
TXN-102081,28/03/2025 17:00,West,Home Appliances,18,36.09,40.79
TXN-102082,28/03/2025 18:00,North,Home Appliances,11,281.73,36.84
TXN-102083,28/03/2025 19:00,South,Industrial Machinery,10,113.51,11.1
TXN-102084,28/03/2025 20:00,North,Office Supplies,4,408.57,41.77
TXN-102085,28/03/2025 21:00,North,Home Appliances,5,221.93,38.12
TXN-102086,28/03/2025 22:00,South,Industrial Machinery,4,112.8,39.67
TXN-102087,28/03/2025 23:00,North,Home Appliances,13,386.19,15.4
TXN-102088,29/03/2025 00:00,West,Office Supplies,13,125.88,45.65
TXN-102089,29/03/2025 01:00,North,Industrial Machinery,18,148.72,9.38
TXN-102090,29/03/2025 02:00,South,Office Supplies,2,377.99,16.41
TXN-102091,29/03/2025 03:00,West,Industrial Machinery,16,149.67,34.84
TXN-102092,29/03/2025 04:00,South,Office Supplies,1,193.72,35.32
TXN-102093,29/03/2025 05:00,South,Home Appliances,19,166.56,19.1
TXN-102094,29/03/2025 06:00,East,Home Appliances,9,66.08,36.57
TXN-102095,29/03/2025 07:00,East,Office Supplies,3,32.4,22.46
TXN-102096,29/03/2025 08:00,South,Office Supplies,7,330.31,5.01
TXN-102097,29/03/2025 09:00,South,Office Supplies,10,295.81,12.32
TXN-102098,29/03/2025 10:00,South,Industrial Machinery,1,138.19,44.72
TXN-102099,29/03/2025 11:00,East,Home Appliances,10,143.94,15.02
TXN-102100,29/03/2025 12:00,East,Industrial Machinery,9,426.11,10.08
TXN-102101,29/03/2025 13:00,North,Home Appliances,15,444.64,35.7
TXN-102102,29/03/2025 14:00,North,Electronics,15,221.21,24.83
TXN-102103,29/03/2025 15:00,South,Industrial Machinery,3,364.17,40.85
TXN-102104,29/03/2025 16:00,West,Home Appliances,5,335.59,43.77
TXN-102105,29/03/2025 17:00,West,Home Appliances,9,144.68,43.07
TXN-102106,29/03/2025 18:00,East,Industrial Machinery,9,40.95,19.09
TXN-102107,29/03/2025 19:00,East,Industrial Machinery,7,77.44,27.75
TXN-102108,29/03/2025 20:00,East,Home Appliances,12,379.74,34.26
TXN-102109,29/03/2025 21:00,South,Industrial Machinery,9,333.21,19.49
TXN-102110,29/03/2025 22:00,West,Office Supplies,6,304.15,6.85
TXN-102111,29/03/2025 23:00,North,Industrial Machinery,2,72.27,27.3
TXN-102112,30/03/2025 00:00,South,Industrial Machinery,9,293.55,5.58
TXN-102113,30/03/2025 01:00,North,Industrial Machinery,17,351,47.78
TXN-102114,30/03/2025 02:00,North,Home Appliances,1,389.43,40.85
TXN-102115,30/03/2025 03:00,South,Office Supplies,19,21.25,13.64
TXN-102116,30/03/2025 04:00,North,Electronics,6,312.9,17.94
TXN-102117,30/03/2025 05:00,West,Electronics,5,23.8,49.23
TXN-102118,30/03/2025 06:00,North,Office Supplies,2,322.64,21.81
TXN-102119,30/03/2025 07:00,West,Office Supplies,9,291.68,40.27
TXN-102120,30/03/2025 08:00,West,Office Supplies,14,79.96,25.11
TXN-102121,30/03/2025 09:00,West,Home Appliances,4,348.38,43.88
TXN-102122,30/03/2025 10:00,East,Electronics,4,45.2,36.67
TXN-102123,30/03/2025 11:00,North,Office Supplies,15,374.57,6.03
TXN-102124,30/03/2025 12:00,South,Home Appliances,8,129.31,18.25
TXN-102125,30/03/2025 13:00,South,Electronics,4,314.81,30.11
TXN-102126,30/03/2025 14:00,North,Industrial Machinery,16,416.84,46.68
TXN-102127,30/03/2025 15:00,East,Home Appliances,4,163.15,9.59
TXN-102128,30/03/2025 16:00,East,Electronics,16,234.01,32.05
TXN-102129,30/03/2025 17:00,West,Home Appliances,12,216.72,18.6
TXN-102130,30/03/2025 18:00,North,Electronics,16,83.98,45.02
TXN-102131,30/03/2025 19:00,North,Electronics,19,271.99,39.43
TXN-102132,30/03/2025 20:00,South,Industrial Machinery,8,338.33,21.64
TXN-102133,30/03/2025 21:00,North,Home Appliances,6,413.88,12.52
TXN-102134,30/03/2025 22:00,East,Office Supplies,10,385.17,5.52
TXN-102135,30/03/2025 23:00,North,Industrial Machinery,5,237.1,32.95
TXN-102136,31/03/2025 00:00,South,Industrial Machinery,18,327.91,23.28
TXN-102137,31/03/2025 01:00,West,Electronics,10,363.44,19.16
TXN-102138,31/03/2025 02:00,South,Office Supplies,10,229.92,49.35
TXN-102139,31/03/2025 03:00,South,Home Appliances,7,65.65,25.98
TXN-102140,31/03/2025 04:00,West,Office Supplies,18,205.78,38.74
TXN-102141,31/03/2025 05:00,South,Office Supplies,1,381.56,12.98
TXN-102142,31/03/2025 06:00,South,Office Supplies,7,274.74,5.61
TXN-102143,31/03/2025 07:00,North,Office Supplies,1,330.28,23.79
TXN-102144,31/03/2025 08:00,North,Office Supplies,15,96,34.95
TXN-102145,31/03/2025 09:00,West,Electronics,4,434.5,27.8
TXN-102146,31/03/2025 10:00,North,Electronics,10,191.07,45.07
TXN-102147,31/03/2025 11:00,North,Industrial Machinery,9,299.5,24.53
TXN-102148,31/03/2025 12:00,South,Electronics,2,23.7,19
TXN-102149,31/03/2025 13:00,East,Industrial Machinery,14,70.82,46.22
TXN-102150,31/03/2025 14:00,North,Industrial Machinery,16,355.29,23.31
TXN-102151,31/03/2025 15:00,East,Home Appliances,1,436.08,17.13
TXN-102152,31/03/2025 16:00,North,Office Supplies,2,154.56,9.39
TXN-102153,31/03/2025 17:00,North,Electronics,7,31.66,40.7
TXN-102154,31/03/2025 18:00,West,Home Appliances,10,172.3,42.13
TXN-102155,31/03/2025 19:00,West,Electronics,1,23.09,6.5
TXN-102156,31/03/2025 20:00,West,Industrial Machinery,13,99.09,21.14
TXN-102157,31/03/2025 21:00,East,Electronics,1,342.45,38.74
TXN-102158,31/03/2025 22:00,South,Office Supplies,5,422.66,47.59
TXN-102159,31/03/2025 23:00,North,Industrial Machinery,16,53.5,22
TXN-102160,01/04/2025 00:00,North,Industrial Machinery,15,257.91,44.24
TXN-102161,01/04/2025 01:00,North,Home Appliances,17,125.81,22.72
TXN-102162,01/04/2025 02:00,East,Office Supplies,16,75.92,13.08
TXN-102163,01/04/2025 03:00,West,Industrial Machinery,13,110.65,5.16
TXN-102164,01/04/2025 04:00,South,Office Supplies,11,266.54,19.86
TXN-102165,01/04/2025 05:00,East,Electronics,17,43.8,22.03
TXN-102166,01/04/2025 06:00,West,Office Supplies,17,204.17,47.53
TXN-102167,01/04/2025 07:00,East,Industrial Machinery,2,74.26,14.27
TXN-102168,01/04/2025 08:00,South,Home Appliances,13,133.98,22.2
TXN-102169,01/04/2025 09:00,West,Industrial Machinery,14,98.38,6.13
TXN-102170,01/04/2025 10:00,East,Office Supplies,11,399.15,39.36
TXN-102171,01/04/2025 11:00,South,Office Supplies,10,323.13,46.18
TXN-102172,01/04/2025 12:00,North,Industrial Machinery,3,392.85,15.7
TXN-102173,01/04/2025 13:00,South,Office Supplies,17,182.11,24.3
TXN-102174,01/04/2025 14:00,North,Electronics,15,151.68,10.5
TXN-102175,01/04/2025 15:00,East,Industrial Machinery,9,180.87,25.56
TXN-102176,01/04/2025 16:00,West,Home Appliances,10,23.56,11
TXN-102177,01/04/2025 17:00,West,Industrial Machinery,8,330.38,28.55
TXN-102178,01/04/2025 18:00,East,Electronics,13,167.48,38.06
TXN-102179,01/04/2025 19:00,West,Electronics,18,151.64,29.9
TXN-102180,01/04/2025 20:00,West,Electronics,5,275.39,16.03
TXN-102181,01/04/2025 21:00,North,Electronics,6,205.05,20.92
TXN-102182,01/04/2025 22:00,East,Electronics,17,441.68,33.74
TXN-102183,01/04/2025 23:00,South,Home Appliances,11,170.29,31.54
TXN-102184,02/04/2025 00:00,North,Office Supplies,16,282.24,11.15
TXN-102185,02/04/2025 01:00,East,Electronics,9,150.91,43.02
TXN-102186,02/04/2025 02:00,North,Electronics,2,445.91,26.38
TXN-102187,02/04/2025 03:00,South,Industrial Machinery,5,208.9,12.31
TXN-102188,02/04/2025 04:00,South,Home Appliances,1,291.03,10.53
TXN-102189,02/04/2025 05:00,East,Home Appliances,4,70.56,48.45
TXN-102190,02/04/2025 06:00,South,Office Supplies,4,334,17.67
TXN-102191,02/04/2025 07:00,North,Home Appliances,3,132.47,45.89
TXN-102192,02/04/2025 08:00,South,Industrial Machinery,9,210.42,23.48
TXN-102193,02/04/2025 09:00,North,Industrial Machinery,12,399.22,22.37
TXN-102194,02/04/2025 10:00,North,Office Supplies,10,437.21,36.54
TXN-102195,02/04/2025 11:00,South,Industrial Machinery,2,199.98,5.44
TXN-102196,02/04/2025 12:00,East,Electronics,11,378.22,20.21
TXN-102197,02/04/2025 13:00,West,Electronics,10,38.68,18.62
TXN-102198,02/04/2025 14:00,South,Industrial Machinery,6,383.77,44.06
TXN-102199,02/04/2025 15:00,North,Office Supplies,18,289.02,28.81
TXN-102200,02/04/2025 16:00,North,Home Appliances,2,227.84,21.41
TXN-102201,02/04/2025 17:00,South,Office Supplies,2,402.19,16.97
TXN-102202,02/04/2025 18:00,East,Home Appliances,10,382.8,31.57
TXN-102203,02/04/2025 19:00,East,Industrial Machinery,16,144.52,11.83
TXN-102204,02/04/2025 20:00,North,Industrial Machinery,12,359.4,16.08
TXN-102205,02/04/2025 21:00,North,Electronics,1,58.73,18.21
TXN-102206,02/04/2025 22:00,East,Home Appliances,8,372.99,32.36
TXN-102207,02/04/2025 23:00,West,Office Supplies,16,308.99,21.8
TXN-102208,03/04/2025 00:00,South,Industrial Machinery,18,53.68,27.76
TXN-102209,03/04/2025 01:00,North,Office Supplies,13,312.3,34.27
TXN-102210,03/04/2025 02:00,North,Electronics,15,267.74,48.03
TXN-102211,03/04/2025 03:00,East,Home Appliances,12,273.83,39.42
TXN-102212,03/04/2025 04:00,South,Home Appliances,8,141.88,23.24
TXN-102213,03/04/2025 05:00,East,Industrial Machinery,10,131.29,38.67
TXN-102214,03/04/2025 06:00,South,Home Appliances,14,346.82,47.74
TXN-102215,03/04/2025 07:00,South,Industrial Machinery,5,127.09,27.47
TXN-102216,03/04/2025 08:00,South,Electronics,18,209.4,23.47
TXN-102217,03/04/2025 09:00,North,Home Appliances,19,317.39,8.51
TXN-102218,03/04/2025 10:00,West,Industrial Machinery,15,50.09,45.16
TXN-102219,03/04/2025 11:00,East,Office Supplies,6,273.83,16.09
TXN-102220,03/04/2025 12:00,West,Industrial Machinery,11,271.58,7.88
TXN-102221,03/04/2025 13:00,East,Home Appliances,11,312.8,29.17
TXN-102222,03/04/2025 14:00,South,Electronics,18,176.23,43.07
TXN-102223,03/04/2025 15:00,North,Home Appliances,18,210.58,23.3
TXN-102224,03/04/2025 16:00,West,Home Appliances,10,158.87,40.24
TXN-102225,03/04/2025 17:00,North,Industrial Machinery,2,366.65,42.64
TXN-102226,03/04/2025 18:00,East,Office Supplies,9,72.25,25.45
TXN-102227,03/04/2025 19:00,North,Home Appliances,14,433.9,31.59
TXN-102228,03/04/2025 20:00,North,Office Supplies,19,291.34,29.03
TXN-102229,03/04/2025 21:00,West,Industrial Machinery,10,400.86,47.26
TXN-102230,03/04/2025 22:00,South,Office Supplies,4,200.7,37.65
TXN-102231,03/04/2025 23:00,North,Industrial Machinery,6,159.88,46.64
TXN-102232,04/04/2025 00:00,South,Electronics,14,406.87,14.9
TXN-102233,04/04/2025 01:00,East,Office Supplies,4,58.46,18.96
TXN-102234,04/04/2025 02:00,North,Office Supplies,15,66.38,8.19
TXN-102235,04/04/2025 03:00,West,Electronics,16,145.57,27.5
TXN-102236,04/04/2025 04:00,East,Office Supplies,7,432.52,44.33
TXN-102237,04/04/2025 05:00,East,Electronics,17,290.57,19.71
TXN-102238,04/04/2025 06:00,West,Home Appliances,19,256.3,10.77
TXN-102239,04/04/2025 07:00,North,Industrial Machinery,19,321.98,8.08
TXN-102240,04/04/2025 08:00,North,Electronics,17,196.89,25.14
TXN-102241,04/04/2025 09:00,East,Office Supplies,6,344.88,12.38
TXN-102242,04/04/2025 10:00,North,Electronics,11,186.36,20.57
TXN-102243,04/04/2025 11:00,South,Office Supplies,16,374.55,41.9
TXN-102244,04/04/2025 12:00,West,Home Appliances,8,131.64,22.28
TXN-102245,04/04/2025 13:00,South,Electronics,11,136.09,32.44
TXN-102246,04/04/2025 14:00,North,Home Appliances,7,242.48,27.6
TXN-102247,04/04/2025 15:00,East,Industrial Machinery,19,202.67,37.33
TXN-102248,04/04/2025 16:00,West,Office Supplies,10,297.11,12.03
TXN-102249,04/04/2025 17:00,North,Office Supplies,9,173.78,46.42
TXN-102250,04/04/2025 18:00,North,Home Appliances,4,115.67,33.96
TXN-102251,04/04/2025 19:00,East,Industrial Machinery,15,219.63,17.19
TXN-102252,04/04/2025 20:00,East,Electronics,13,259.24,10.55
TXN-102253,04/04/2025 21:00,South,Electronics,2,77.46,11.74
TXN-102254,04/04/2025 22:00,West,Office Supplies,2,257.39,40.22
TXN-102255,04/04/2025 23:00,West,Home Appliances,16,154.22,31.46
TXN-102256,05/04/2025 00:00,East,Home Appliances,9,186.02,22.13
TXN-102257,05/04/2025 01:00,South,Electronics,13,136.86,19.98
TXN-102258,05/04/2025 02:00,West,Industrial Machinery,3,420.2,43.51
TXN-102259,05/04/2025 03:00,East,Industrial Machinery,9,312.41,44.36
TXN-102260,05/04/2025 04:00,North,Electronics,13,129.54,31.16
TXN-102261,05/04/2025 05:00,West,Electronics,2,295.77,28.6
TXN-102262,05/04/2025 06:00,South,Home Appliances,8,384.2,41.74
TXN-102263,05/04/2025 07:00,South,Industrial Machinery,9,190.01,38.72
TXN-102264,05/04/2025 08:00,South,Electronics,16,376.12,23.01
TXN-102265,05/04/2025 09:00,North,Electronics,2,82.59,8.72
TXN-102266,05/04/2025 10:00,West,Office Supplies,6,373,39.58
TXN-102267,05/04/2025 11:00,West,Electronics,8,250.26,12.59
TXN-102268,05/04/2025 12:00,North,Electronics,5,112.38,5.74
TXN-102269,05/04/2025 13:00,West,Industrial Machinery,9,192.4,42.95
TXN-102270,05/04/2025 14:00,North,Home Appliances,1,444.78,31.02
TXN-102271,05/04/2025 15:00,North,Industrial Machinery,9,355.96,45.12
TXN-102272,05/04/2025 16:00,North,Home Appliances,10,265.38,26.81
TXN-102273,05/04/2025 17:00,South,Office Supplies,4,65.54,46.69
TXN-102274,05/04/2025 18:00,West,Electronics,3,197.04,20.93
TXN-102275,05/04/2025 19:00,North,Office Supplies,10,129.8,37.6
TXN-102276,05/04/2025 20:00,West,Home Appliances,15,46.35,18.54
TXN-102277,05/04/2025 21:00,South,Industrial Machinery,11,251.09,5.05
TXN-102278,05/04/2025 22:00,North,Industrial Machinery,14,401.85,22.09
TXN-102279,05/04/2025 23:00,East,Office Supplies,6,309.05,38.2
TXN-102280,06/04/2025 00:00,South,Home Appliances,12,123.99,11.75
TXN-102281,06/04/2025 01:00,East,Office Supplies,13,264.72,27.72
TXN-102282,06/04/2025 02:00,West,Office Supplies,17,425.34,14.55
TXN-102283,06/04/2025 03:00,West,Electronics,16,329.61,8.36
TXN-102284,06/04/2025 04:00,South,Office Supplies,3,315.08,32.79
TXN-102285,06/04/2025 05:00,West,Electronics,2,436.16,47.84
TXN-102286,06/04/2025 06:00,East,Electronics,11,362.61,18.98
TXN-102287,06/04/2025 07:00,North,Industrial Machinery,9,74.86,31.13
TXN-102288,06/04/2025 08:00,North,Electronics,3,166.55,47.91
TXN-102289,06/04/2025 09:00,North,Electronics,18,434.85,34.27
TXN-102290,06/04/2025 10:00,South,Industrial Machinery,15,228.28,35.29
TXN-102291,06/04/2025 11:00,West,Office Supplies,14,64.01,13.05
TXN-102292,06/04/2025 12:00,East,Home Appliances,2,214.76,27.17
TXN-102293,06/04/2025 13:00,West,Home Appliances,17,318.34,21.52
TXN-102294,06/04/2025 14:00,West,Home Appliances,8,448.93,26.19
TXN-102295,06/04/2025 15:00,West,Office Supplies,10,156.24,41.04
TXN-102296,06/04/2025 16:00,North,Electronics,18,238.87,25.73
TXN-102297,06/04/2025 17:00,East,Home Appliances,19,397.72,7.83
TXN-102298,06/04/2025 18:00,East,Office Supplies,8,169.86,45.75
TXN-102299,06/04/2025 19:00,West,Electronics,8,62.97,29.52
TXN-102300,06/04/2025 20:00,North,Industrial Machinery,3,427.81,46.6
TXN-102301,06/04/2025 21:00,North,Home Appliances,3,227.73,30.76
TXN-102302,06/04/2025 22:00,East,Electronics,12,233.96,8.13
TXN-102303,06/04/2025 23:00,North,Home Appliances,17,285.41,29.88
TXN-102304,07/04/2025 00:00,North,Home Appliances,4,17.04,30.91
TXN-102305,07/04/2025 01:00,North,Home Appliances,17,420.08,14.65
TXN-102306,07/04/2025 02:00,South,Electronics,14,172.55,26.2
TXN-102307,07/04/2025 03:00,West,Office Supplies,19,187.97,25.67
TXN-102308,07/04/2025 04:00,East,Electronics,9,91.15,33.03
TXN-102309,07/04/2025 05:00,East,Home Appliances,12,179.81,16.68
TXN-102310,07/04/2025 06:00,South,Electronics,5,364.81,31.18
TXN-102311,07/04/2025 07:00,West,Industrial Machinery,11,363.1,15.84
TXN-102312,07/04/2025 08:00,East,Office Supplies,3,422.1,25.09
TXN-102313,07/04/2025 09:00,North,Electronics,15,190.7,10.52
TXN-102314,07/04/2025 10:00,East,Industrial Machinery,14,323.44,6.68
TXN-102315,07/04/2025 11:00,North,Office Supplies,11,235.89,19.43
TXN-102316,07/04/2025 12:00,South,Industrial Machinery,8,364.85,17.36
TXN-102317,07/04/2025 13:00,North,Office Supplies,4,325.1,23.31
TXN-102318,07/04/2025 14:00,East,Electronics,12,175.35,48.29
TXN-102319,07/04/2025 15:00,East,Industrial Machinery,8,161.78,28.5
TXN-102320,07/04/2025 16:00,East,Home Appliances,6,125.19,29.89
TXN-102321,07/04/2025 17:00,South,Industrial Machinery,15,266,47.37
TXN-102322,07/04/2025 18:00,South,Office Supplies,12,434.29,46.45
TXN-102323,07/04/2025 19:00,West,Electronics,16,102.43,44.79
TXN-102324,07/04/2025 20:00,East,Office Supplies,16,56.89,9.41
TXN-102325,07/04/2025 21:00,North,Industrial Machinery,4,67.38,33.54
TXN-102326,07/04/2025 22:00,South,Industrial Machinery,11,355.76,41.36
TXN-102327,07/04/2025 23:00,East,Home Appliances,13,167.62,42.6
TXN-102328,08/04/2025 00:00,East,Electronics,9,112.99,31.01
TXN-102329,08/04/2025 01:00,South,Electronics,4,168.81,5.79
TXN-102330,08/04/2025 02:00,West,Industrial Machinery,12,295.9,48.82
TXN-102331,08/04/2025 03:00,South,Electronics,9,253.08,26.25
TXN-102332,08/04/2025 04:00,South,Home Appliances,13,338.59,22.71
TXN-102333,08/04/2025 05:00,North,Office Supplies,16,162.83,22.77
TXN-102334,08/04/2025 06:00,North,Electronics,6,211.91,24.09
TXN-102335,08/04/2025 07:00,West,Industrial Machinery,10,59.81,15.9
TXN-102336,08/04/2025 08:00,East,Office Supplies,13,47.24,19.73
TXN-102337,08/04/2025 09:00,South,Office Supplies,7,216.35,49.34
TXN-102338,08/04/2025 10:00,West,Home Appliances,19,146.54,21.57
TXN-102339,08/04/2025 11:00,North,Industrial Machinery,19,281.76,28.7
TXN-102340,08/04/2025 12:00,South,Electronics,17,34.18,43.17
TXN-102341,08/04/2025 13:00,East,Industrial Machinery,13,68.41,28.73
TXN-102342,08/04/2025 14:00,North,Office Supplies,13,391.43,19.6
TXN-102343,08/04/2025 15:00,North,Industrial Machinery,2,261.56,28.57
TXN-102344,08/04/2025 16:00,North,Electronics,10,324.89,10.13
TXN-102345,08/04/2025 17:00,West,Electronics,13,381.34,10.85
TXN-102346,08/04/2025 18:00,East,Home Appliances,9,217.04,36.23
TXN-102347,08/04/2025 19:00,South,Electronics,1,346.18,46.29
TXN-102348,08/04/2025 20:00,West,Electronics,14,243.43,37.66
TXN-102349,08/04/2025 21:00,West,Industrial Machinery,16,112.28,8.36
TXN-102350,08/04/2025 22:00,West,Industrial Machinery,15,162.21,23.13
TXN-102351,08/04/2025 23:00,North,Office Supplies,1,228.56,5.11
TXN-102352,09/04/2025 00:00,East,Home Appliances,17,153.19,28
TXN-102353,09/04/2025 01:00,West,Industrial Machinery,13,161.29,13.69
TXN-102354,09/04/2025 02:00,South,Electronics,15,162.1,44.07
TXN-102355,09/04/2025 03:00,East,Office Supplies,16,68.87,9.7
TXN-102356,09/04/2025 04:00,South,Industrial Machinery,16,52.28,5.06
TXN-102357,09/04/2025 05:00,East,Home Appliances,2,35.7,25.3
TXN-102358,09/04/2025 06:00,South,Home Appliances,17,63.71,11.99
TXN-102359,09/04/2025 07:00,North,Office Supplies,11,164.84,38.21
TXN-102360,09/04/2025 08:00,West,Office Supplies,8,273.54,46.4
TXN-102361,09/04/2025 09:00,South,Office Supplies,3,97.25,6.89
TXN-102362,09/04/2025 10:00,East,Office Supplies,12,401.34,22.8
TXN-102363,09/04/2025 11:00,West,Office Supplies,16,366.74,49.86
TXN-102364,09/04/2025 12:00,West,Electronics,14,241.67,37.97
TXN-102365,09/04/2025 13:00,East,Electronics,16,330.17,47.89
TXN-102366,09/04/2025 14:00,South,Industrial Machinery,17,174.67,12.38
TXN-102367,09/04/2025 15:00,North,Home Appliances,11,31.48,14.96
TXN-102368,09/04/2025 16:00,North,Electronics,17,408.43,11.97
TXN-102369,09/04/2025 17:00,South,Electronics,19,71.03,18.61
TXN-102370,09/04/2025 18:00,West,Electronics,1,427.38,37.6
TXN-102371,09/04/2025 19:00,West,Industrial Machinery,12,263.98,12.42
TXN-102372,09/04/2025 20:00,West,Office Supplies,15,148.27,28.59
TXN-102373,09/04/2025 21:00,West,Industrial Machinery,18,230.81,17.11
TXN-102374,09/04/2025 22:00,South,Home Appliances,14,233.46,42.31
TXN-102375,09/04/2025 23:00,West,Home Appliances,1,25.62,5.3
TXN-102376,10/04/2025 00:00,East,Home Appliances,13,169.95,15.04
TXN-102377,10/04/2025 01:00,West,Home Appliances,15,336.97,32.24
TXN-102378,10/04/2025 02:00,North,Electronics,7,237.13,9.35
TXN-102379,10/04/2025 03:00,West,Electronics,15,121.62,25.98
TXN-102380,10/04/2025 04:00,South,Industrial Machinery,10,161.11,24.63
TXN-102381,10/04/2025 05:00,North,Office Supplies,14,390.5,43.36
TXN-102382,10/04/2025 06:00,South,Home Appliances,6,243.85,33.14
TXN-102383,10/04/2025 07:00,South,Industrial Machinery,14,245.07,33.79
TXN-102384,10/04/2025 08:00,North,Electronics,12,433.26,47.83
TXN-102385,10/04/2025 09:00,South,Electronics,11,154.92,49.21
TXN-102386,10/04/2025 10:00,South,Office Supplies,19,223.86,34.4
TXN-102387,10/04/2025 11:00,West,Office Supplies,2,368.19,28.49
TXN-102388,10/04/2025 12:00,East,Office Supplies,1,345.25,32.36
TXN-102389,10/04/2025 13:00,South,Industrial Machinery,8,130.99,22.21
TXN-102390,10/04/2025 14:00,South,Electronics,14,81.15,49.44
TXN-102391,10/04/2025 15:00,South,Electronics,9,319.96,36.73
TXN-102392,10/04/2025 16:00,West,Office Supplies,2,127.45,18.1
TXN-102393,10/04/2025 17:00,East,Home Appliances,5,416.4,7.6
TXN-102394,10/04/2025 18:00,North,Office Supplies,8,71.66,7.01
TXN-102395,10/04/2025 19:00,West,Industrial Machinery,16,153.81,14.22
TXN-102396,10/04/2025 20:00,West,Office Supplies,16,39.31,15.48
TXN-102397,10/04/2025 21:00,East,Office Supplies,13,321.09,23.68
TXN-102398,10/04/2025 22:00,East,Industrial Machinery,15,402.75,14.67
TXN-102399,10/04/2025 23:00,West,Office Supplies,1,291.79,33.39
TXN-102400,11/04/2025 00:00,North,Electronics,3,422.95,14.51
TXN-102401,11/04/2025 01:00,West,Home Appliances,6,71.33,13.45
TXN-102402,11/04/2025 02:00,East,Office Supplies,14,53.62,26.21
TXN-102403,11/04/2025 03:00,North,Industrial Machinery,4,379.79,44.99
TXN-102404,11/04/2025 04:00,East,Home Appliances,18,387.22,26.07
TXN-102405,11/04/2025 05:00,North,Industrial Machinery,15,376.59,23.62
TXN-102406,11/04/2025 06:00,South,Home Appliances,9,362.65,31.01
TXN-102407,11/04/2025 07:00,East,Home Appliances,18,172.89,16.57
TXN-102408,11/04/2025 08:00,East,Office Supplies,3,109.99,20.9
TXN-102409,11/04/2025 09:00,West,Electronics,10,419.07,14.62
TXN-102410,11/04/2025 10:00,East,Office Supplies,17,148.89,30.73
TXN-102411,11/04/2025 11:00,East,Industrial Machinery,7,188.61,36.38
TXN-102412,11/04/2025 12:00,South,Industrial Machinery,15,319.46,35.32
TXN-102413,11/04/2025 13:00,East,Home Appliances,1,142.96,16.47
TXN-102414,11/04/2025 14:00,South,Home Appliances,11,371.41,40.08
TXN-102415,11/04/2025 15:00,South,Electronics,17,45.93,16.52
TXN-102416,11/04/2025 16:00,South,Office Supplies,5,359.27,11.76
TXN-102417,11/04/2025 17:00,South,Industrial Machinery,7,277,20.74
TXN-102418,11/04/2025 18:00,North,Home Appliances,19,264.47,31.9
TXN-102419,11/04/2025 19:00,West,Electronics,15,214.66,11.39
TXN-102420,11/04/2025 20:00,North,Industrial Machinery,3,135.88,34.16
TXN-102421,11/04/2025 21:00,East,Home Appliances,15,217.14,43.84
TXN-102422,11/04/2025 22:00,North,Industrial Machinery,5,211.04,18.19
TXN-102423,11/04/2025 23:00,North,Electronics,12,269.14,25.26
TXN-102424,12/04/2025 00:00,East,Electronics,5,137.84,15.27
TXN-102425,12/04/2025 01:00,East,Industrial Machinery,3,49.22,21.26
TXN-102426,12/04/2025 02:00,East,Office Supplies,9,78.54,5.99
TXN-102427,12/04/2025 03:00,North,Industrial Machinery,9,319.29,47.92
TXN-102428,12/04/2025 04:00,North,Home Appliances,7,25.27,23.72
TXN-102429,12/04/2025 05:00,East,Office Supplies,2,387.62,40.5
TXN-102430,12/04/2025 06:00,West,Home Appliances,16,317.22,11.42
TXN-102431,12/04/2025 07:00,West,Industrial Machinery,9,349.23,41.56
TXN-102432,12/04/2025 08:00,South,Office Supplies,13,378.74,43.71
TXN-102433,12/04/2025 09:00,East,Home Appliances,19,68.82,37.2
TXN-102434,12/04/2025 10:00,South,Industrial Machinery,17,372.85,45.64
TXN-102435,12/04/2025 11:00,West,Industrial Machinery,6,234.77,12.52
TXN-102436,12/04/2025 12:00,South,Office Supplies,4,400.26,26.44
TXN-102437,12/04/2025 13:00,East,Industrial Machinery,1,400.72,32.9
TXN-102438,12/04/2025 14:00,East,Electronics,18,26.01,31.83
TXN-102439,12/04/2025 15:00,East,Home Appliances,19,181.85,43.75
TXN-102440,12/04/2025 16:00,North,Home Appliances,9,244.22,14.71
TXN-102441,12/04/2025 17:00,South,Industrial Machinery,13,310.25,12.9
TXN-102442,12/04/2025 18:00,West,Industrial Machinery,8,139.85,16.4
TXN-102443,12/04/2025 19:00,West,Electronics,13,125.06,45.12
TXN-102444,12/04/2025 20:00,West,Office Supplies,15,181.16,47.35
TXN-102445,12/04/2025 21:00,North,Industrial Machinery,11,233.16,30.63
TXN-102446,12/04/2025 22:00,North,Industrial Machinery,12,428.77,27.56
TXN-102447,12/04/2025 23:00,East,Industrial Machinery,14,346.64,32.24
TXN-102448,13/04/2025 00:00,West,Industrial Machinery,4,202.04,32.73
TXN-102449,13/04/2025 01:00,North,Home Appliances,1,39.12,12.66
TXN-102450,13/04/2025 02:00,East,Industrial Machinery,4,88.72,35.89
TXN-102451,13/04/2025 03:00,West,Home Appliances,19,213.6,25.36
TXN-102452,13/04/2025 04:00,South,Industrial Machinery,9,369.11,28.28
TXN-102453,13/04/2025 05:00,East,Office Supplies,10,180.91,6.36
TXN-102454,13/04/2025 06:00,North,Electronics,4,249.48,39.41
TXN-102455,13/04/2025 07:00,North,Office Supplies,9,402.99,42.59
TXN-102456,13/04/2025 08:00,East,Industrial Machinery,13,412.54,32.87
TXN-102457,13/04/2025 09:00,East,Industrial Machinery,12,109.25,38.69
TXN-102458,13/04/2025 10:00,North,Industrial Machinery,11,34.44,28.52
TXN-102459,13/04/2025 11:00,South,Office Supplies,12,148.2,32.83
TXN-102460,13/04/2025 12:00,West,Industrial Machinery,18,317.83,22.76
TXN-102461,13/04/2025 13:00,South,Office Supplies,12,428.76,40.63
TXN-102462,13/04/2025 14:00,East,Home Appliances,16,48.97,26.07
TXN-102463,13/04/2025 15:00,South,Electronics,5,27.88,35.61
TXN-102464,13/04/2025 16:00,North,Electronics,12,399.66,32.96
TXN-102465,13/04/2025 17:00,East,Office Supplies,11,340.57,36.6
TXN-102466,13/04/2025 18:00,West,Home Appliances,9,446.63,40.33
TXN-102467,13/04/2025 19:00,North,Office Supplies,18,187.91,28.07
TXN-102468,13/04/2025 20:00,North,Home Appliances,3,196.27,41.59
TXN-102469,13/04/2025 21:00,West,Industrial Machinery,17,90.37,27.38
TXN-102470,13/04/2025 22:00,West,Home Appliances,14,65.84,48.05
TXN-102471,13/04/2025 23:00,South,Home Appliances,1,266.95,38.87
TXN-102472,14/04/2025 00:00,East,Home Appliances,17,173.78,12.7
TXN-102473,14/04/2025 01:00,West,Electronics,8,50.4,42.33
TXN-102474,14/04/2025 02:00,West,Home Appliances,5,400.9,29.82
TXN-102475,14/04/2025 03:00,East,Industrial Machinery,5,101.69,49.3
TXN-102476,14/04/2025 04:00,West,Industrial Machinery,9,340.76,37.35
TXN-102477,14/04/2025 05:00,West,Industrial Machinery,3,138.13,8.8
TXN-102478,14/04/2025 06:00,South,Home Appliances,19,368.71,22.77
TXN-102479,14/04/2025 07:00,North,Office Supplies,9,66.94,28.28
TXN-102480,14/04/2025 08:00,North,Office Supplies,18,344.01,42.76
TXN-102481,14/04/2025 09:00,North,Industrial Machinery,16,58.13,37.82
TXN-102482,14/04/2025 10:00,North,Electronics,1,209.68,21.62
TXN-102483,14/04/2025 11:00,West,Office Supplies,2,334.42,34.4
TXN-102484,14/04/2025 12:00,East,Home Appliances,14,90.76,30.96
TXN-102485,14/04/2025 13:00,East,Office Supplies,14,139.62,10.67
TXN-102486,14/04/2025 14:00,South,Industrial Machinery,1,391.24,15.57
TXN-102487,14/04/2025 15:00,South,Electronics,16,400.08,20.35
TXN-102488,14/04/2025 16:00,West,Office Supplies,15,35.02,13.8
TXN-102489,14/04/2025 17:00,East,Office Supplies,15,88.54,11.76
TXN-102490,14/04/2025 18:00,East,Industrial Machinery,12,66.54,7.62
TXN-102491,14/04/2025 19:00,North,Electronics,16,93.58,44.29
TXN-102492,14/04/2025 20:00,West,Electronics,14,437.05,18
TXN-102493,14/04/2025 21:00,West,Industrial Machinery,15,255.19,18.06
TXN-102494,14/04/2025 22:00,North,Home Appliances,15,218.89,14.28
TXN-102495,14/04/2025 23:00,West,Office Supplies,19,443.25,26.39
TXN-102496,15/04/2025 00:00,West,Home Appliances,8,257.5,28.14
TXN-102497,15/04/2025 01:00,South,Office Supplies,2,302.76,14.37
TXN-102498,15/04/2025 02:00,East,Office Supplies,2,160.09,32.39
TXN-102499,15/04/2025 03:00,West,Home Appliances,10,181.53,37.53
TXN-102500,15/04/2025 04:00,South,Industrial Machinery,3,273.77,21.82
TXN-102501,15/04/2025 05:00,East,Industrial Machinery,17,45.82,31.35
TXN-102502,15/04/2025 06:00,North,Office Supplies,8,126.68,27.6
TXN-102503,15/04/2025 07:00,South,Industrial Machinery,4,101.01,13.8
TXN-102504,15/04/2025 08:00,South,Office Supplies,14,22.41,37.85
TXN-102505,15/04/2025 09:00,East,Industrial Machinery,10,248.78,41.07
TXN-102506,15/04/2025 10:00,North,Office Supplies,1,259.28,34.2
TXN-102507,15/04/2025 11:00,South,Industrial Machinery,4,182.32,19.58
TXN-102508,15/04/2025 12:00,West,Electronics,1,132.26,46.71
TXN-102509,15/04/2025 13:00,West,Home Appliances,17,298.82,25.49
TXN-102510,15/04/2025 14:00,West,Electronics,17,74.01,16.96
TXN-102511,15/04/2025 15:00,North,Home Appliances,7,240.84,23.37
TXN-102512,15/04/2025 16:00,South,Home Appliances,15,349.23,36.14
TXN-102513,15/04/2025 17:00,West,Office Supplies,13,86.89,43.07
TXN-102514,15/04/2025 18:00,North,Home Appliances,2,342.79,21.05
TXN-102515,15/04/2025 19:00,West,Electronics,19,346.07,15.47
TXN-102516,15/04/2025 20:00,East,Electronics,13,41.54,33.19
TXN-102517,15/04/2025 21:00,South,Industrial Machinery,11,23.66,46.45
TXN-102518,15/04/2025 22:00,South,Electronics,15,438.67,13.25
TXN-102519,15/04/2025 23:00,North,Industrial Machinery,10,99.52,41.14
TXN-102520,16/04/2025 00:00,North,Home Appliances,9,372.72,26.45
TXN-102521,16/04/2025 01:00,South,Electronics,9,259.62,40.98
TXN-102522,16/04/2025 02:00,West,Home Appliances,1,130.41,27.75
TXN-102523,16/04/2025 03:00,West,Electronics,17,71.97,21.98
TXN-102524,16/04/2025 04:00,East,Electronics,12,231.31,36.35
TXN-102525,16/04/2025 05:00,West,Industrial Machinery,10,192.5,45.53
TXN-102526,16/04/2025 06:00,North,Home Appliances,5,319.17,19.41
TXN-102527,16/04/2025 07:00,North,Electronics,18,408.36,25.73
TXN-102528,16/04/2025 08:00,West,Office Supplies,15,365.38,15.32
TXN-102529,16/04/2025 09:00,North,Home Appliances,6,134.75,13.25
TXN-102530,16/04/2025 10:00,South,Home Appliances,7,397.4,40.01
TXN-102531,16/04/2025 11:00,South,Home Appliances,17,377.61,14.03
TXN-102532,16/04/2025 12:00,West,Industrial Machinery,6,419.21,40.7
TXN-102533,16/04/2025 13:00,South,Office Supplies,8,214.79,24.31
TXN-102534,16/04/2025 14:00,South,Home Appliances,12,349.45,49.78
TXN-102535,16/04/2025 15:00,East,Electronics,14,272.58,13.88
TXN-102536,16/04/2025 16:00,East,Electronics,12,150.41,9.18
TXN-102537,16/04/2025 17:00,South,Industrial Machinery,10,447.58,8.39
TXN-102538,16/04/2025 18:00,West,Electronics,15,32.14,42.59
TXN-102539,16/04/2025 19:00,East,Home Appliances,7,86.01,24.7
TXN-102540,16/04/2025 20:00,North,Electronics,9,403.31,5.14
TXN-102541,16/04/2025 21:00,North,Home Appliances,10,41.81,44.36
TXN-102542,16/04/2025 22:00,North,Electronics,10,400.82,44.46
TXN-102543,16/04/2025 23:00,West,Office Supplies,16,326.26,41.29
TXN-102544,17/04/2025 00:00,South,Industrial Machinery,7,31.44,16.17
TXN-102545,17/04/2025 01:00,North,Industrial Machinery,5,202.04,21.77
TXN-102546,17/04/2025 02:00,West,Office Supplies,3,343.32,38.52
TXN-102547,17/04/2025 03:00,East,Office Supplies,18,268.86,27.02
TXN-102548,17/04/2025 04:00,South,Industrial Machinery,11,422.14,11.92
TXN-102549,17/04/2025 05:00,East,Office Supplies,15,392.49,15.93
TXN-102550,17/04/2025 06:00,West,Home Appliances,5,160.04,48.77
TXN-102551,17/04/2025 07:00,North,Electronics,12,52.27,11.8
TXN-102552,17/04/2025 08:00,North,Industrial Machinery,4,425.78,37.67
TXN-102553,17/04/2025 09:00,West,Office Supplies,15,240.26,26.51
TXN-102554,17/04/2025 10:00,North,Home Appliances,9,47.83,38.69
TXN-102555,17/04/2025 11:00,South,Industrial Machinery,7,370.3,34.75
TXN-102556,17/04/2025 12:00,West,Office Supplies,10,392.87,24.76
TXN-102557,17/04/2025 13:00,East,Industrial Machinery,13,293.33,20.93
TXN-102558,17/04/2025 14:00,West,Office Supplies,8,209.94,38.95
TXN-102559,17/04/2025 15:00,South,Industrial Machinery,12,303.21,19.54
TXN-102560,17/04/2025 16:00,South,Home Appliances,19,322.55,40.45
TXN-102561,17/04/2025 17:00,West,Home Appliances,1,403.52,35.59
TXN-102562,17/04/2025 18:00,West,Electronics,16,430.82,31
TXN-102563,17/04/2025 19:00,North,Industrial Machinery,17,238.97,21.6
TXN-102564,17/04/2025 20:00,South,Electronics,18,362.45,14.23
TXN-102565,17/04/2025 21:00,West,Industrial Machinery,11,434.58,36.97
TXN-102566,17/04/2025 22:00,West,Office Supplies,18,81.22,9.11
TXN-102567,17/04/2025 23:00,South,Office Supplies,7,23.44,48.67
TXN-102568,18/04/2025 00:00,West,Electronics,18,393.06,49.04
TXN-102569,18/04/2025 01:00,North,Industrial Machinery,8,100.35,10.86
TXN-102570,18/04/2025 02:00,South,Electronics,6,33.96,9.68
TXN-102571,18/04/2025 03:00,North,Home Appliances,7,85.06,23.57
TXN-102572,18/04/2025 04:00,North,Electronics,10,182.4,48.37
TXN-102573,18/04/2025 05:00,North,Electronics,11,110.77,23.01
TXN-102574,18/04/2025 06:00,North,Office Supplies,13,148.13,21.37
TXN-102575,18/04/2025 07:00,South,Electronics,9,439.27,36.66
TXN-102576,18/04/2025 08:00,North,Industrial Machinery,7,321.56,13.04
TXN-102577,18/04/2025 09:00,North,Office Supplies,9,324.95,21.35
TXN-102578,18/04/2025 10:00,West,Electronics,13,56.64,18.11
TXN-102579,18/04/2025 11:00,South,Home Appliances,3,333.6,32.07
TXN-102580,18/04/2025 12:00,South,Electronics,3,336.75,12.32
TXN-102581,18/04/2025 13:00,East,Electronics,1,302.16,29.69
TXN-102582,18/04/2025 14:00,South,Electronics,2,114.76,43.59
TXN-102583,18/04/2025 15:00,South,Office Supplies,3,199.31,28.14
TXN-102584,18/04/2025 16:00,East,Industrial Machinery,15,383.21,35.76
TXN-102585,18/04/2025 17:00,South,Home Appliances,6,306.7,8.39
TXN-102586,18/04/2025 18:00,South,Electronics,13,333.89,25.21
TXN-102587,18/04/2025 19:00,South,Industrial Machinery,1,270.71,9.27
TXN-102588,18/04/2025 20:00,South,Industrial Machinery,19,210.85,31.98
TXN-102589,18/04/2025 21:00,East,Office Supplies,1,345.31,17.65
TXN-102590,18/04/2025 22:00,South,Home Appliances,2,45.01,17.93
TXN-102591,18/04/2025 23:00,South,Office Supplies,15,307.99,8.45
TXN-102592,19/04/2025 00:00,East,Industrial Machinery,14,448.79,18.96
TXN-102593,19/04/2025 01:00,West,Industrial Machinery,19,354.49,27.8
TXN-102594,19/04/2025 02:00,North,Industrial Machinery,11,141.75,31.31
TXN-102595,19/04/2025 03:00,West,Office Supplies,15,136.21,8
TXN-102596,19/04/2025 04:00,East,Home Appliances,6,305.41,34.32
TXN-102597,19/04/2025 05:00,North,Electronics,9,404.75,27
TXN-102598,19/04/2025 06:00,East,Office Supplies,5,266.62,29.16
TXN-102599,19/04/2025 07:00,East,Industrial Machinery,2,244.66,42.48
TXN-102600,19/04/2025 08:00,South,Office Supplies,6,85.19,20.4
TXN-102601,19/04/2025 09:00,North,Industrial Machinery,18,326.37,12.83
TXN-102602,19/04/2025 10:00,South,Electronics,19,320.65,29.83
TXN-102603,19/04/2025 11:00,North,Electronics,9,435.64,47.53
TXN-102604,19/04/2025 12:00,East,Home Appliances,6,145.93,28.3
TXN-102605,19/04/2025 13:00,East,Industrial Machinery,14,344.18,42.44
TXN-102606,19/04/2025 14:00,West,Home Appliances,13,204.1,39.07
TXN-102607,19/04/2025 15:00,North,Home Appliances,11,258.16,28.32
TXN-102608,19/04/2025 16:00,South,Electronics,12,370.25,34.14
TXN-102609,19/04/2025 17:00,West,Office Supplies,19,111.96,23.3
TXN-102610,19/04/2025 18:00,West,Office Supplies,19,164.48,28.88
TXN-102611,19/04/2025 19:00,West,Home Appliances,19,351.5,27.83
TXN-102612,19/04/2025 20:00,South,Electronics,13,263.36,36.91
TXN-102613,19/04/2025 21:00,West,Industrial Machinery,14,55.66,23.45
TXN-102614,19/04/2025 22:00,South,Office Supplies,18,202.42,9.49
TXN-102615,19/04/2025 23:00,West,Home Appliances,12,270.39,40.49
TXN-102616,20/04/2025 00:00,South,Office Supplies,4,410.69,35.82
TXN-102617,20/04/2025 01:00,East,Office Supplies,10,97.4,47.76
TXN-102618,20/04/2025 02:00,East,Industrial Machinery,17,365.69,24.29
TXN-102619,20/04/2025 03:00,East,Electronics,4,72.26,8.52
TXN-102620,20/04/2025 04:00,East,Industrial Machinery,12,120.75,10.47
TXN-102621,20/04/2025 05:00,East,Electronics,13,121.23,39.8
TXN-102622,20/04/2025 06:00,West,Office Supplies,4,396.76,8.05
TXN-102623,20/04/2025 07:00,West,Home Appliances,10,101.97,45.85
TXN-102624,20/04/2025 08:00,West,Industrial Machinery,3,357.43,17.67
TXN-102625,20/04/2025 09:00,South,Electronics,15,216.15,45.45
TXN-102626,20/04/2025 10:00,South,Office Supplies,2,449.6,39.81
TXN-102627,20/04/2025 11:00,South,Electronics,17,380.09,44.2
TXN-102628,20/04/2025 12:00,South,Electronics,6,336.9,14.63
TXN-102629,20/04/2025 13:00,East,Electronics,8,393.83,31.81
TXN-102630,20/04/2025 14:00,East,Office Supplies,3,290.99,9.21
TXN-102631,20/04/2025 15:00,East,Home Appliances,18,382.07,14.1
TXN-102632,20/04/2025 16:00,North,Home Appliances,1,128.96,18.95
TXN-102633,20/04/2025 17:00,West,Home Appliances,16,57.95,38.34
TXN-102634,20/04/2025 18:00,South,Electronics,7,283.12,6.11
TXN-102635,20/04/2025 19:00,South,Office Supplies,3,204.37,45.64
TXN-102636,20/04/2025 20:00,East,Electronics,4,200.79,8.19
TXN-102637,20/04/2025 21:00,South,Home Appliances,9,244.37,21.94
TXN-102638,20/04/2025 22:00,South,Home Appliances,5,172.52,8.65
TXN-102639,20/04/2025 23:00,West,Office Supplies,19,287.52,39.6
TXN-102640,21/04/2025 00:00,East,Electronics,15,28.78,11.36
TXN-102641,21/04/2025 01:00,West,Industrial Machinery,8,436.92,44.81
TXN-102642,21/04/2025 02:00,North,Industrial Machinery,6,417.29,28.86
TXN-102643,21/04/2025 03:00,North,Home Appliances,18,421.87,47.68
TXN-102644,21/04/2025 04:00,North,Office Supplies,19,174.09,18.07
TXN-102645,21/04/2025 05:00,East,Electronics,15,246.61,25.44
TXN-102646,21/04/2025 06:00,South,Electronics,7,430.07,36.24
TXN-102647,21/04/2025 07:00,East,Home Appliances,10,407.57,42.44
TXN-102648,21/04/2025 08:00,East,Home Appliances,6,358.86,23.96
TXN-102649,21/04/2025 09:00,South,Electronics,14,192.49,45.16
TXN-102650,21/04/2025 10:00,West,Electronics,17,260.71,10.31
TXN-102651,21/04/2025 11:00,North,Home Appliances,9,360.02,36.89
TXN-102652,21/04/2025 12:00,West,Electronics,19,134.12,20.67
TXN-102653,21/04/2025 13:00,North,Industrial Machinery,5,287.69,9.56
TXN-102654,21/04/2025 14:00,East,Home Appliances,7,375.24,22.4
TXN-102655,21/04/2025 15:00,North,Electronics,19,322.89,44.61
TXN-102656,21/04/2025 16:00,East,Home Appliances,7,223.83,49.12
TXN-102657,21/04/2025 17:00,West,Office Supplies,2,269.51,22.68
TXN-102658,21/04/2025 18:00,East,Home Appliances,16,445.08,44.89
TXN-102659,21/04/2025 19:00,West,Home Appliances,13,277.06,27.93
TXN-102660,21/04/2025 20:00,South,Office Supplies,8,356.85,37.27
TXN-102661,21/04/2025 21:00,South,Industrial Machinery,6,331.21,7.04
TXN-102662,21/04/2025 22:00,South,Electronics,6,320.3,30.08
TXN-102663,21/04/2025 23:00,East,Office Supplies,9,326.76,8.16
TXN-102664,22/04/2025 00:00,South,Home Appliances,4,212.94,17.09
TXN-102665,22/04/2025 01:00,North,Electronics,11,221.52,30.51
TXN-102666,22/04/2025 02:00,West,Office Supplies,5,218.79,41.32
TXN-102667,22/04/2025 03:00,West,Electronics,17,29.95,30.24
TXN-102668,22/04/2025 04:00,North,Electronics,7,120.24,47.13
TXN-102669,22/04/2025 05:00,East,Office Supplies,15,82.66,41.46
TXN-102670,22/04/2025 06:00,East,Electronics,15,400.66,12.03
TXN-102671,22/04/2025 07:00,West,Industrial Machinery,14,134.97,22.5
TXN-102672,22/04/2025 08:00,South,Office Supplies,13,75.65,35.08
TXN-102673,22/04/2025 09:00,East,Industrial Machinery,11,67.54,47.23
TXN-102674,22/04/2025 10:00,East,Home Appliances,13,319.65,49.45
TXN-102675,22/04/2025 11:00,North,Electronics,9,18.14,39.34
TXN-102676,22/04/2025 12:00,North,Home Appliances,10,220.28,30.82
TXN-102677,22/04/2025 13:00,South,Home Appliances,4,67.15,39.05
TXN-102678,22/04/2025 14:00,East,Electronics,17,384.68,17.3
TXN-102679,22/04/2025 15:00,East,Office Supplies,14,431.95,17.76
TXN-102680,22/04/2025 16:00,North,Electronics,18,432.08,34.45
TXN-102681,22/04/2025 17:00,East,Home Appliances,11,207.53,44.23
TXN-102682,22/04/2025 18:00,West,Home Appliances,16,295.54,48.64
TXN-102683,22/04/2025 19:00,North,Office Supplies,1,276.07,20.36
TXN-102684,22/04/2025 20:00,South,Electronics,7,167.59,40.84
TXN-102685,22/04/2025 21:00,North,Home Appliances,10,208.45,43.32
TXN-102686,22/04/2025 22:00,East,Industrial Machinery,9,43.45,33.04
TXN-102687,22/04/2025 23:00,South,Home Appliances,3,361.23,20.64
TXN-102688,23/04/2025 00:00,North,Home Appliances,14,120.13,32.86
TXN-102689,23/04/2025 01:00,West,Office Supplies,15,215.6,31.3
TXN-102690,23/04/2025 02:00,West,Industrial Machinery,2,224.33,32.29
TXN-102691,23/04/2025 03:00,North,Home Appliances,14,259.13,32.87
TXN-102692,23/04/2025 04:00,West,Home Appliances,16,370.87,43.12
TXN-102693,23/04/2025 05:00,West,Industrial Machinery,7,316.12,12.65
TXN-102694,23/04/2025 06:00,West,Electronics,4,303.6,21.53
TXN-102695,23/04/2025 07:00,South,Electronics,18,244.37,31.37
TXN-102696,23/04/2025 08:00,West,Home Appliances,5,57.19,17.75
TXN-102697,23/04/2025 09:00,West,Home Appliances,6,190.17,49.02
TXN-102698,23/04/2025 10:00,West,Electronics,7,431.45,16.84
TXN-102699,23/04/2025 11:00,South,Office Supplies,15,448.07,26.13
TXN-102700,23/04/2025 12:00,North,Industrial Machinery,1,332.9,44.48
TXN-102701,23/04/2025 13:00,East,Industrial Machinery,4,114.36,8.6
TXN-102702,23/04/2025 14:00,West,Office Supplies,1,59.77,41.93
TXN-102703,23/04/2025 15:00,North,Office Supplies,11,195.72,30.7
TXN-102704,23/04/2025 16:00,West,Office Supplies,18,387.68,6.43
TXN-102705,23/04/2025 17:00,South,Office Supplies,14,329.15,45.63
TXN-102706,23/04/2025 18:00,North,Office Supplies,11,399.55,6.76
TXN-102707,23/04/2025 19:00,South,Office Supplies,10,283.05,28.18
TXN-102708,23/04/2025 20:00,West,Industrial Machinery,17,72.13,7.21
TXN-102709,23/04/2025 21:00,West,Office Supplies,4,65.38,8.2
TXN-102710,23/04/2025 22:00,South,Electronics,15,36.36,44.92
TXN-102711,23/04/2025 23:00,East,Office Supplies,16,261.9,39.46
TXN-102712,24/04/2025 00:00,South,Office Supplies,13,121.03,13.86
TXN-102713,24/04/2025 01:00,West,Industrial Machinery,9,334.59,32.92
TXN-102714,24/04/2025 02:00,South,Industrial Machinery,11,313.68,40.76
TXN-102715,24/04/2025 03:00,East,Office Supplies,11,153.72,45.03
TXN-102716,24/04/2025 04:00,South,Industrial Machinery,6,92.32,26.07
TXN-102717,24/04/2025 05:00,East,Home Appliances,1,59.99,45.39
TXN-102718,24/04/2025 06:00,East,Industrial Machinery,6,335.86,27.85
TXN-102719,24/04/2025 07:00,South,Industrial Machinery,13,211.22,35.97
TXN-102720,24/04/2025 08:00,South,Industrial Machinery,5,156.07,49.06
TXN-102721,24/04/2025 09:00,North,Industrial Machinery,15,387.72,15.62
TXN-102722,24/04/2025 10:00,West,Electronics,18,273.42,12.58
TXN-102723,24/04/2025 11:00,East,Electronics,14,240.57,20.39
TXN-102724,24/04/2025 12:00,North,Electronics,15,338.5,12.4
TXN-102725,24/04/2025 13:00,South,Office Supplies,5,369.87,17.79
TXN-102726,24/04/2025 14:00,West,Office Supplies,4,313.6,38.43
TXN-102727,24/04/2025 15:00,North,Home Appliances,2,206.68,26.49
TXN-102728,24/04/2025 16:00,East,Electronics,7,180.31,21.88
TXN-102729,24/04/2025 17:00,North,Office Supplies,10,350.79,21.59
TXN-102730,24/04/2025 18:00,East,Industrial Machinery,16,240.53,13.75
TXN-102731,24/04/2025 19:00,South,Industrial Machinery,10,321.56,25.13
TXN-102732,24/04/2025 20:00,West,Electronics,18,402.38,33.11
TXN-102733,24/04/2025 21:00,West,Home Appliances,17,413.45,11.26
TXN-102734,24/04/2025 22:00,West,Home Appliances,13,136.17,48.78
TXN-102735,24/04/2025 23:00,South,Industrial Machinery,1,97.14,24.95
TXN-102736,25/04/2025 00:00,East,Home Appliances,1,129.03,47.66
TXN-102737,25/04/2025 01:00,South,Electronics,15,341.97,11.06
TXN-102738,25/04/2025 02:00,West,Industrial Machinery,1,176.29,39.52
TXN-102739,25/04/2025 03:00,South,Office Supplies,6,90.84,32.79
TXN-102740,25/04/2025 04:00,South,Office Supplies,13,58.25,41.9
TXN-102741,25/04/2025 05:00,South,Home Appliances,1,157.72,32.03
TXN-102742,25/04/2025 06:00,East,Industrial Machinery,5,74.65,48.33
TXN-102743,25/04/2025 07:00,North,Industrial Machinery,9,83.44,33.21
TXN-102744,25/04/2025 08:00,North,Office Supplies,17,312.65,40.31
TXN-102745,25/04/2025 09:00,South,Industrial Machinery,16,24.07,44.49
TXN-102746,25/04/2025 10:00,North,Industrial Machinery,8,66.58,37.16
TXN-102747,25/04/2025 11:00,North,Industrial Machinery,17,382.38,28.59
TXN-102748,25/04/2025 12:00,South,Home Appliances,15,382.62,17.28
TXN-102749,25/04/2025 13:00,South,Industrial Machinery,1,158.56,43.45
TXN-102750,25/04/2025 14:00,West,Electronics,12,53.72,26.63
TXN-102751,25/04/2025 15:00,North,Home Appliances,5,321.81,32.93
TXN-102752,25/04/2025 16:00,East,Industrial Machinery,6,171.98,8.57
TXN-102753,25/04/2025 17:00,South,Industrial Machinery,1,35.25,27.38
TXN-102754,25/04/2025 18:00,West,Electronics,1,84.08,36.42
TXN-102755,25/04/2025 19:00,East,Home Appliances,10,75.12,31.28
TXN-102756,25/04/2025 20:00,North,Office Supplies,10,271.47,25.18
TXN-102757,25/04/2025 21:00,West,Office Supplies,3,405.73,15.05
TXN-102758,25/04/2025 22:00,South,Home Appliances,17,360.09,18.94
TXN-102759,25/04/2025 23:00,East,Industrial Machinery,19,252.96,36.53
TXN-102760,26/04/2025 00:00,South,Industrial Machinery,11,198.93,15.09
TXN-102761,26/04/2025 01:00,North,Office Supplies,18,284.32,32.98
TXN-102762,26/04/2025 02:00,East,Office Supplies,2,208.34,31.54
TXN-102763,26/04/2025 03:00,North,Office Supplies,9,122.43,48.67
TXN-102764,26/04/2025 04:00,North,Electronics,17,310.61,7.74
TXN-102765,26/04/2025 05:00,West,Office Supplies,14,394.92,9.87
TXN-102766,26/04/2025 06:00,South,Electronics,4,177.51,27.77
TXN-102767,26/04/2025 07:00,East,Home Appliances,17,381.15,28.72
TXN-102768,26/04/2025 08:00,North,Industrial Machinery,17,202.81,6.8
TXN-102769,26/04/2025 09:00,North,Office Supplies,12,189.88,42.16
TXN-102770,26/04/2025 10:00,East,Industrial Machinery,18,27.81,27.26
TXN-102771,26/04/2025 11:00,North,Industrial Machinery,3,317.6,20.6
TXN-102772,26/04/2025 12:00,West,Office Supplies,11,366.36,19.35
TXN-102773,26/04/2025 13:00,West,Office Supplies,18,303.82,43.76
TXN-102774,26/04/2025 14:00,West,Home Appliances,4,81.27,13.85
TXN-102775,26/04/2025 15:00,West,Electronics,17,60.38,12.22
TXN-102776,26/04/2025 16:00,North,Electronics,18,264.41,14.59
TXN-102777,26/04/2025 17:00,East,Industrial Machinery,5,189.96,33.13
TXN-102778,26/04/2025 18:00,East,Office Supplies,14,201.94,41.49
TXN-102779,26/04/2025 19:00,East,Home Appliances,10,436.01,19.89
TXN-102780,26/04/2025 20:00,East,Home Appliances,15,330.04,12.81
TXN-102781,26/04/2025 21:00,South,Home Appliances,1,194.42,14.41
TXN-102782,26/04/2025 22:00,East,Home Appliances,16,23.8,32.86
TXN-102783,26/04/2025 23:00,South,Home Appliances,11,30.31,16.07
TXN-102784,27/04/2025 00:00,South,Electronics,6,313.05,44.48
TXN-102785,27/04/2025 01:00,West,Electronics,16,379.5,9.68
TXN-102786,27/04/2025 02:00,South,Electronics,2,323,6.46
TXN-102787,27/04/2025 03:00,North,Office Supplies,1,191.86,8.98
TXN-102788,27/04/2025 04:00,South,Industrial Machinery,9,29.03,43.05
TXN-102789,27/04/2025 05:00,West,Home Appliances,12,435.84,34.31
TXN-102790,27/04/2025 06:00,South,Office Supplies,17,444.06,48.1
TXN-102791,27/04/2025 07:00,North,Home Appliances,15,254.2,20.13
TXN-102792,27/04/2025 08:00,North,Electronics,19,46.21,14.57
TXN-102793,27/04/2025 09:00,North,Office Supplies,10,250.55,30.29
TXN-102794,27/04/2025 10:00,West,Electronics,12,403.22,29.2
TXN-102795,27/04/2025 11:00,West,Home Appliances,14,310.95,31.6
TXN-102796,27/04/2025 12:00,East,Home Appliances,9,328.34,20.64
TXN-102797,27/04/2025 13:00,West,Industrial Machinery,13,52.42,5.27
TXN-102798,27/04/2025 14:00,North,Home Appliances,3,61.78,6.58
TXN-102799,27/04/2025 15:00,North,Electronics,14,70.83,34.87
TXN-102800,27/04/2025 16:00,West,Home Appliances,10,408.45,28.55
TXN-102801,27/04/2025 17:00,South,Industrial Machinery,16,243.98,41.95
TXN-102802,27/04/2025 18:00,West,Industrial Machinery,7,359.44,18.52
TXN-102803,27/04/2025 19:00,West,Electronics,4,65.59,41.7
TXN-102804,27/04/2025 20:00,North,Office Supplies,11,418.56,24.15
TXN-102805,27/04/2025 21:00,East,Home Appliances,16,372.29,9.35
TXN-102806,27/04/2025 22:00,North,Industrial Machinery,4,113.16,49.01
TXN-102807,27/04/2025 23:00,East,Home Appliances,17,395.33,28.04
TXN-102808,28/04/2025 00:00,North,Home Appliances,13,129.97,33.33
TXN-102809,28/04/2025 01:00,West,Office Supplies,11,104.72,35.19
TXN-102810,28/04/2025 02:00,North,Industrial Machinery,3,130.31,21.31
TXN-102811,28/04/2025 03:00,North,Home Appliances,9,410.88,38.64
TXN-102812,28/04/2025 04:00,North,Industrial Machinery,6,413.32,44.16
TXN-102813,28/04/2025 05:00,West,Electronics,11,158.45,22.42
TXN-102814,28/04/2025 06:00,West,Electronics,16,322.01,34.57
TXN-102815,28/04/2025 07:00,West,Home Appliances,19,309.11,39.07
TXN-102816,28/04/2025 08:00,West,Industrial Machinery,5,365.95,13.56
TXN-102817,28/04/2025 09:00,East,Home Appliances,14,144.33,19.97
TXN-102818,28/04/2025 10:00,East,Industrial Machinery,17,237.16,9.9
TXN-102819,28/04/2025 11:00,South,Industrial Machinery,3,305.6,32.1
TXN-102820,28/04/2025 12:00,West,Office Supplies,4,26.91,41.04
TXN-102821,28/04/2025 13:00,East,Office Supplies,16,179.19,32.49
TXN-102822,28/04/2025 14:00,North,Office Supplies,16,317.86,13.09
TXN-102823,28/04/2025 15:00,West,Home Appliances,4,125.25,29.59
TXN-102824,28/04/2025 16:00,South,Office Supplies,19,431.62,42.57
TXN-102825,28/04/2025 17:00,South,Office Supplies,17,28.61,18.62
TXN-102826,28/04/2025 18:00,South,Electronics,13,431.79,42.47
TXN-102827,28/04/2025 19:00,North,Industrial Machinery,1,109.68,40.31
TXN-102828,28/04/2025 20:00,East,Industrial Machinery,12,36.71,5.98
TXN-102829,28/04/2025 21:00,North,Office Supplies,4,142.58,15.78
TXN-102830,28/04/2025 22:00,West,Industrial Machinery,11,357.14,29.43
TXN-102831,28/04/2025 23:00,South,Electronics,5,342.44,37.29
TXN-102832,29/04/2025 00:00,North,Electronics,2,106.24,44.62
TXN-102833,29/04/2025 01:00,North,Office Supplies,17,101.01,33.85
TXN-102834,29/04/2025 02:00,East,Electronics,8,294.7,22.12
TXN-102835,29/04/2025 03:00,East,Industrial Machinery,6,214.54,13.31
TXN-102836,29/04/2025 04:00,South,Home Appliances,9,359.75,39.2
TXN-102837,29/04/2025 05:00,North,Industrial Machinery,13,25.99,14.31
TXN-102838,29/04/2025 06:00,North,Home Appliances,11,280.72,36.29
TXN-102839,29/04/2025 07:00,East,Office Supplies,16,332.98,13.15
TXN-102840,29/04/2025 08:00,North,Home Appliances,16,447.13,9.1
TXN-102841,29/04/2025 09:00,North,Electronics,2,310.43,16.3
TXN-102842,29/04/2025 10:00,North,Industrial Machinery,10,116.24,17.82
TXN-102843,29/04/2025 11:00,East,Home Appliances,12,62.51,34.12
TXN-102844,29/04/2025 12:00,South,Industrial Machinery,8,293.98,12.24
TXN-102845,29/04/2025 13:00,West,Office Supplies,11,242.82,46.86
TXN-102846,29/04/2025 14:00,South,Office Supplies,10,406.18,29.95
TXN-102847,29/04/2025 15:00,West,Electronics,13,331.21,27.09
TXN-102848,29/04/2025 16:00,North,Office Supplies,17,236.98,24.56
TXN-102849,29/04/2025 17:00,South,Home Appliances,7,190.86,30.5
TXN-102850,29/04/2025 18:00,West,Office Supplies,3,191.2,6.01
TXN-102851,29/04/2025 19:00,East,Electronics,13,113.83,49.55
TXN-102852,29/04/2025 20:00,East,Industrial Machinery,19,23.03,30.09
TXN-102853,29/04/2025 21:00,South,Industrial Machinery,7,265.3,6.58
TXN-102854,29/04/2025 22:00,South,Office Supplies,9,107.79,31.55
TXN-102855,29/04/2025 23:00,North,Home Appliances,19,106.02,24.67
TXN-102856,30/04/2025 00:00,South,Electronics,13,69.98,6.08
TXN-102857,30/04/2025 01:00,North,Home Appliances,8,97.88,46.6
TXN-102858,30/04/2025 02:00,North,Electronics,18,29.31,5.48
TXN-102859,30/04/2025 03:00,East,Office Supplies,2,308.45,31
TXN-102860,30/04/2025 04:00,East,Electronics,18,189.91,48.28
TXN-102861,30/04/2025 05:00,West,Electronics,18,259.48,15.69
TXN-102862,30/04/2025 06:00,East,Office Supplies,11,292.26,16.44
TXN-102863,30/04/2025 07:00,East,Home Appliances,1,438.04,5.02
TXN-102864,30/04/2025 08:00,South,Office Supplies,14,45.16,7.99
TXN-102865,30/04/2025 09:00,East,Electronics,16,197.09,7.02
TXN-102866,30/04/2025 10:00,West,Office Supplies,11,122.34,42.02
TXN-102867,30/04/2025 11:00,South,Electronics,1,222.63,42.65
TXN-102868,30/04/2025 12:00,West,Office Supplies,7,415.45,37.7
TXN-102869,30/04/2025 13:00,East,Industrial Machinery,16,330.07,20.87
TXN-102870,30/04/2025 14:00,West,Industrial Machinery,14,303.12,41.96
TXN-102871,30/04/2025 15:00,South,Office Supplies,15,207.22,29.29
TXN-102872,30/04/2025 16:00,North,Home Appliances,14,307.1,18.69
TXN-102873,30/04/2025 17:00,West,Electronics,11,29.57,24.68
TXN-102874,30/04/2025 18:00,West,Industrial Machinery,16,270.22,7.96
TXN-102875,30/04/2025 19:00,South,Home Appliances,19,256.12,47.52
TXN-102876,30/04/2025 20:00,South,Electronics,17,166.12,32.86
TXN-102877,30/04/2025 21:00,West,Industrial Machinery,6,103.06,37.91
TXN-102878,30/04/2025 22:00,East,Industrial Machinery,11,366.38,35.45
TXN-102879,30/04/2025 23:00,West,Office Supplies,17,38.9,35.05
TXN-102880,01/05/2025 00:00,South,Electronics,9,45.77,5.78
TXN-102881,01/05/2025 01:00,North,Home Appliances,18,206.91,28.64
TXN-102882,01/05/2025 02:00,North,Home Appliances,17,125.23,41.98
TXN-102883,01/05/2025 03:00,East,Home Appliances,12,339.4,7
TXN-102884,01/05/2025 04:00,West,Electronics,5,291.06,48.03
TXN-102885,01/05/2025 05:00,North,Home Appliances,11,351.17,24.09
TXN-102886,01/05/2025 06:00,West,Home Appliances,4,156.57,18.05
TXN-102887,01/05/2025 07:00,South,Home Appliances,4,337.26,28.93
TXN-102888,01/05/2025 08:00,North,Office Supplies,3,390.17,41.05
TXN-102889,01/05/2025 09:00,East,Office Supplies,17,165.52,26.36
TXN-102890,01/05/2025 10:00,South,Electronics,7,163.18,34.03
TXN-102891,01/05/2025 11:00,East,Electronics,4,406.53,27.5
TXN-102892,01/05/2025 12:00,South,Home Appliances,13,37.13,33.41
TXN-102893,01/05/2025 13:00,North,Office Supplies,12,167.66,11.21
TXN-102894,01/05/2025 14:00,East,Industrial Machinery,1,67.06,6.74
TXN-102895,01/05/2025 15:00,East,Industrial Machinery,19,28.09,11.16
TXN-102896,01/05/2025 16:00,South,Home Appliances,18,64.54,17.86
TXN-102897,01/05/2025 17:00,East,Home Appliances,11,202.88,16.4
TXN-102898,01/05/2025 18:00,South,Office Supplies,3,313.98,32.68
TXN-102899,01/05/2025 19:00,South,Office Supplies,17,141.19,25.52
TXN-102900,01/05/2025 20:00,South,Office Supplies,12,384.68,6.75
TXN-102901,01/05/2025 21:00,South,Electronics,10,205.64,6.57
TXN-102902,01/05/2025 22:00,North,Electronics,8,436.2,9.08
TXN-102903,01/05/2025 23:00,South,Home Appliances,15,430.08,20.89
TXN-102904,02/05/2025 00:00,West,Electronics,5,351.49,5.28
TXN-102905,02/05/2025 01:00,East,Office Supplies,4,420.63,27.23
TXN-102906,02/05/2025 02:00,West,Office Supplies,19,322.73,21.23
TXN-102907,02/05/2025 03:00,North,Electronics,4,404.63,29.99
TXN-102908,02/05/2025 04:00,West,Industrial Machinery,15,118.25,37.44
TXN-102909,02/05/2025 05:00,East,Home Appliances,17,165.59,16.29
TXN-102910,02/05/2025 06:00,West,Industrial Machinery,12,342.65,12.07
TXN-102911,02/05/2025 07:00,North,Home Appliances,3,199.97,17.51
TXN-102912,02/05/2025 08:00,South,Industrial Machinery,10,379.32,5.08
TXN-102913,02/05/2025 09:00,West,Electronics,15,396.83,10.4
TXN-102914,02/05/2025 10:00,North,Home Appliances,10,145.73,38.79
TXN-102915,02/05/2025 11:00,North,Home Appliances,18,373.29,15.03
TXN-102916,02/05/2025 12:00,East,Home Appliances,1,82.53,49.74
TXN-102917,02/05/2025 13:00,East,Office Supplies,3,160.71,12.55
TXN-102918,02/05/2025 14:00,West,Office Supplies,12,240.56,40.49
TXN-102919,02/05/2025 15:00,South,Industrial Machinery,1,113.89,36.73
TXN-102920,02/05/2025 16:00,North,Electronics,3,267.19,19.5
TXN-102921,02/05/2025 17:00,West,Office Supplies,3,266.94,19.88
TXN-102922,02/05/2025 18:00,North,Home Appliances,5,105.4,30.36
TXN-102923,02/05/2025 19:00,North,Office Supplies,19,361.21,43.36
TXN-102924,02/05/2025 20:00,South,Electronics,1,289.95,22.38
TXN-102925,02/05/2025 21:00,South,Office Supplies,4,153.57,7.75
TXN-102926,02/05/2025 22:00,West,Home Appliances,4,116.38,21.85
TXN-102927,02/05/2025 23:00,South,Industrial Machinery,17,397.32,14.33
TXN-102928,03/05/2025 00:00,South,Home Appliances,14,378.63,47.26
TXN-102929,03/05/2025 01:00,West,Electronics,18,115.33,36.38
TXN-102930,03/05/2025 02:00,South,Industrial Machinery,1,30.97,7.29
TXN-102931,03/05/2025 03:00,East,Office Supplies,16,365.07,18.18
TXN-102932,03/05/2025 04:00,North,Office Supplies,3,282.94,7.26
TXN-102933,03/05/2025 05:00,North,Office Supplies,9,59.33,42.35
TXN-102934,03/05/2025 06:00,North,Industrial Machinery,4,270.71,45.78
TXN-102935,03/05/2025 07:00,North,Home Appliances,5,211.97,10.05
TXN-102936,03/05/2025 08:00,West,Industrial Machinery,11,352.04,24.81
TXN-102937,03/05/2025 09:00,North,Industrial Machinery,9,106.35,46.93
TXN-102938,03/05/2025 10:00,North,Electronics,3,212.4,11.53
TXN-102939,03/05/2025 11:00,North,Industrial Machinery,6,83.39,18.14
TXN-102940,03/05/2025 12:00,North,Office Supplies,11,431.55,18.69
TXN-102941,03/05/2025 13:00,East,Home Appliances,9,353.86,6.35
TXN-102942,03/05/2025 14:00,North,Home Appliances,15,335.61,6.63
TXN-102943,03/05/2025 15:00,East,Home Appliances,3,315.39,47.88
TXN-102944,03/05/2025 16:00,West,Office Supplies,1,199.44,30.7
TXN-102945,03/05/2025 17:00,South,Office Supplies,19,416.67,18.8
TXN-102946,03/05/2025 18:00,North,Office Supplies,14,47.18,22.04
TXN-102947,03/05/2025 19:00,South,Office Supplies,17,364.52,37.17
TXN-102948,03/05/2025 20:00,South,Office Supplies,14,109.02,21.49
TXN-102949,03/05/2025 21:00,West,Industrial Machinery,17,156.29,15.25
TXN-102950,03/05/2025 22:00,South,Office Supplies,14,241.19,9.58
TXN-102951,03/05/2025 23:00,East,Office Supplies,12,355.56,37.8
TXN-102952,04/05/2025 00:00,South,Office Supplies,16,379.84,13.13
TXN-102953,04/05/2025 01:00,South,Office Supplies,1,269.13,8.13
TXN-102954,04/05/2025 02:00,South,Home Appliances,13,190.62,24.21
TXN-102955,04/05/2025 03:00,North,Office Supplies,6,426.76,6.78
TXN-102956,04/05/2025 04:00,North,Industrial Machinery,17,122.61,48.42
TXN-102957,04/05/2025 05:00,East,Industrial Machinery,12,364.44,33.23
TXN-102958,04/05/2025 06:00,East,Industrial Machinery,19,281.44,11.87
TXN-102959,04/05/2025 07:00,North,Electronics,6,179.26,12.76
TXN-102960,04/05/2025 08:00,East,Home Appliances,7,16.09,30.64
TXN-102961,04/05/2025 09:00,North,Office Supplies,1,209.55,21.05
TXN-102962,04/05/2025 10:00,West,Electronics,1,135.73,39.84
TXN-102963,04/05/2025 11:00,South,Office Supplies,5,60.84,29.56
TXN-102964,04/05/2025 12:00,South,Electronics,6,48.16,24.5
TXN-102965,04/05/2025 13:00,East,Electronics,16,166.51,48.33
TXN-102966,04/05/2025 14:00,North,Industrial Machinery,16,282.61,22.58
TXN-102967,04/05/2025 15:00,North,Industrial Machinery,14,379.4,23.03
TXN-102968,04/05/2025 16:00,East,Electronics,1,95.26,34.96
TXN-102969,04/05/2025 17:00,North,Industrial Machinery,13,200.01,41.43
TXN-102970,04/05/2025 18:00,West,Electronics,10,185.8,33.18
TXN-102971,04/05/2025 19:00,South,Home Appliances,10,238.57,36.44
TXN-102972,04/05/2025 20:00,East,Industrial Machinery,9,367.27,21.78
TXN-102973,04/05/2025 21:00,East,Industrial Machinery,13,256.06,26.58
TXN-102974,04/05/2025 22:00,North,Industrial Machinery,3,383.37,13.87
TXN-102975,04/05/2025 23:00,East,Home Appliances,18,240.81,35.61
TXN-102976,05/05/2025 00:00,West,Electronics,2,277.87,14.97
TXN-102977,05/05/2025 01:00,North,Office Supplies,17,205.54,5.06
TXN-102978,05/05/2025 02:00,North,Industrial Machinery,19,373.14,47.02
TXN-102979,05/05/2025 03:00,North,Electronics,13,416.9,18.77
TXN-102980,05/05/2025 04:00,North,Home Appliances,13,293.21,13.85
TXN-102981,05/05/2025 05:00,West,Office Supplies,1,372.13,17.07
TXN-102982,05/05/2025 06:00,North,Industrial Machinery,2,41.14,19.87
TXN-102983,05/05/2025 07:00,East,Home Appliances,1,409.21,26.35
TXN-102984,05/05/2025 08:00,West,Home Appliances,5,97.59,8.12
TXN-102985,05/05/2025 09:00,South,Office Supplies,3,126.96,7.37
TXN-102986,05/05/2025 10:00,South,Electronics,7,38.67,18.18
TXN-102987,05/05/2025 11:00,East,Industrial Machinery,13,434.97,18.31
TXN-102988,05/05/2025 12:00,East,Industrial Machinery,18,385.7,10.29
TXN-102989,05/05/2025 13:00,West,Electronics,7,412.28,23.22
TXN-102990,05/05/2025 14:00,South,Electronics,1,383.62,17.78
TXN-102991,05/05/2025 15:00,South,Electronics,5,223.86,6.17
TXN-102992,05/05/2025 16:00,South,Office Supplies,17,417.01,44.86
TXN-102993,05/05/2025 17:00,South,Office Supplies,8,436.74,44.87
TXN-102994,05/05/2025 18:00,South,Industrial Machinery,15,233.87,14.41
TXN-102995,05/05/2025 19:00,North,Office Supplies,4,91.81,12.33
TXN-102996,05/05/2025 20:00,East,Home Appliances,2,301.67,29.63
TXN-102997,05/05/2025 21:00,North,Industrial Machinery,5,439.33,33.38
TXN-102998,05/05/2025 22:00,South,Office Supplies,1,394.45,48.09
TXN-102999,05/05/2025 23:00,West,Electronics,5,389.96,21.98
TXN-103000,06/05/2025 00:00,West,Home Appliances,6,421.24,32.82
TXN-103001,06/05/2025 01:00,South,Electronics,2,403.92,44.52
TXN-103002,06/05/2025 02:00,South,Industrial Machinery,1,352.79,25.25
TXN-103003,06/05/2025 03:00,West,Electronics,4,327.59,10.51
TXN-103004,06/05/2025 04:00,North,Office Supplies,7,130.54,21.99
TXN-103005,06/05/2025 05:00,North,Office Supplies,1,285.47,11.15
TXN-103006,06/05/2025 06:00,South,Industrial Machinery,1,242.09,5.75
TXN-103007,06/05/2025 07:00,North,Electronics,8,390.01,38.82
TXN-103008,06/05/2025 08:00,West,Industrial Machinery,16,229.15,15.73
TXN-103009,06/05/2025 09:00,North,Electronics,13,71,5.09
TXN-103010,06/05/2025 10:00,South,Home Appliances,18,17.66,44.26
TXN-103011,06/05/2025 11:00,West,Office Supplies,10,310.04,24.97
TXN-103012,06/05/2025 12:00,North,Industrial Machinery,12,254.44,15.75
TXN-103013,06/05/2025 13:00,East,Home Appliances,1,159.3,16.83
TXN-103014,06/05/2025 14:00,West,Home Appliances,10,88.92,15.82
TXN-103015,06/05/2025 15:00,West,Industrial Machinery,9,218.29,13.76
TXN-103016,06/05/2025 16:00,East,Industrial Machinery,3,59.07,42.86
TXN-103017,06/05/2025 17:00,East,Home Appliances,19,161.54,12.66
TXN-103018,06/05/2025 18:00,West,Electronics,9,180.27,30.28
TXN-103019,06/05/2025 19:00,East,Home Appliances,10,217.81,8.48
TXN-103020,06/05/2025 20:00,South,Industrial Machinery,19,218.25,47.73
TXN-103021,06/05/2025 21:00,South,Home Appliances,16,127.17,32.15
TXN-103022,06/05/2025 22:00,South,Electronics,18,384.92,45.64
TXN-103023,06/05/2025 23:00,West,Office Supplies,14,169.98,22.9
TXN-103024,07/05/2025 00:00,East,Office Supplies,3,115.26,41.48
TXN-103025,07/05/2025 01:00,East,Home Appliances,2,91.89,43.41
TXN-103026,07/05/2025 02:00,North,Electronics,1,155.66,36.63
TXN-103027,07/05/2025 03:00,North,Office Supplies,18,44.85,9.18
TXN-103028,07/05/2025 04:00,East,Home Appliances,9,29.8,5.72
TXN-103029,07/05/2025 05:00,East,Home Appliances,13,278.43,12.59
TXN-103030,07/05/2025 06:00,East,Electronics,2,284.52,10.31
TXN-103031,07/05/2025 07:00,West,Industrial Machinery,7,245.61,37.63
TXN-103032,07/05/2025 08:00,East,Home Appliances,16,346.71,30.07
TXN-103033,07/05/2025 09:00,North,Industrial Machinery,19,32.51,28.67
TXN-103034,07/05/2025 10:00,West,Industrial Machinery,15,422.18,16.38
TXN-103035,07/05/2025 11:00,East,Office Supplies,11,56.81,11.96
TXN-103036,07/05/2025 12:00,North,Industrial Machinery,1,308.36,14.29
TXN-103037,07/05/2025 13:00,West,Electronics,7,73.46,23.01
TXN-103038,07/05/2025 14:00,East,Office Supplies,8,397.82,38.31
TXN-103039,07/05/2025 15:00,East,Office Supplies,10,237.4,16.45
TXN-103040,07/05/2025 16:00,East,Office Supplies,5,51.26,36.44
TXN-103041,07/05/2025 17:00,West,Home Appliances,9,283.47,27.12
TXN-103042,07/05/2025 18:00,North,Home Appliances,1,19.46,44.84
TXN-103043,07/05/2025 19:00,North,Industrial Machinery,2,352.68,15.48
TXN-103044,07/05/2025 20:00,South,Office Supplies,19,298.18,25.29
TXN-103045,07/05/2025 21:00,East,Office Supplies,14,107.89,9.35
TXN-103046,07/05/2025 22:00,South,Electronics,10,178.33,20.08
TXN-103047,07/05/2025 23:00,South,Industrial Machinery,9,18.89,27.81
TXN-103048,08/05/2025 00:00,North,Electronics,10,316.91,37.97
TXN-103049,08/05/2025 01:00,West,Industrial Machinery,6,155.7,13.91
TXN-103050,08/05/2025 02:00,West,Industrial Machinery,17,263.86,14.81
TXN-103051,08/05/2025 03:00,North,Home Appliances,6,431.2,33.42
TXN-103052,08/05/2025 04:00,West,Home Appliances,4,145.62,22.21
TXN-103053,08/05/2025 05:00,South,Electronics,3,445.76,26.69
TXN-103054,08/05/2025 06:00,East,Industrial Machinery,19,290.42,42.63
TXN-103055,08/05/2025 07:00,North,Office Supplies,18,120.69,27.46
TXN-103056,08/05/2025 08:00,East,Home Appliances,4,205.28,34.36
TXN-103057,08/05/2025 09:00,West,Office Supplies,8,337.23,34.55
TXN-103058,08/05/2025 10:00,East,Electronics,17,209.49,41.16
TXN-103059,08/05/2025 11:00,West,Home Appliances,5,45.27,33.72
TXN-103060,08/05/2025 12:00,West,Home Appliances,13,88.76,7.92
TXN-103061,08/05/2025 13:00,South,Industrial Machinery,1,359.32,20.4
TXN-103062,08/05/2025 14:00,West,Electronics,13,297.22,49.52
TXN-103063,08/05/2025 15:00,South,Industrial Machinery,4,263.09,13.84
TXN-103064,08/05/2025 16:00,South,Home Appliances,14,88.33,31.4
TXN-103065,08/05/2025 17:00,South,Electronics,3,379.51,42.93
TXN-103066,08/05/2025 18:00,North,Home Appliances,5,432.94,31.4
TXN-103067,08/05/2025 19:00,North,Electronics,7,33.27,21.75
TXN-103068,08/05/2025 20:00,West,Home Appliances,1,49.4,8.61
TXN-103069,08/05/2025 21:00,South,Office Supplies,12,399.91,21.27
TXN-103070,08/05/2025 22:00,North,Office Supplies,11,369.86,13.19
TXN-103071,08/05/2025 23:00,South,Industrial Machinery,8,283.99,48.24
TXN-103072,09/05/2025 00:00,East,Office Supplies,6,426.09,37.18
TXN-103073,09/05/2025 01:00,East,Home Appliances,2,296.37,38.72
TXN-103074,09/05/2025 02:00,East,Home Appliances,19,109.35,24.62
TXN-103075,09/05/2025 03:00,West,Office Supplies,14,332.1,9.95
TXN-103076,09/05/2025 04:00,South,Industrial Machinery,1,296.06,17
TXN-103077,09/05/2025 05:00,East,Office Supplies,10,443.81,16.69
TXN-103078,09/05/2025 06:00,North,Electronics,16,108.44,26.91
TXN-103079,09/05/2025 07:00,East,Electronics,4,275.28,25.74
TXN-103080,09/05/2025 08:00,East,Electronics,11,354.48,24.5
TXN-103081,09/05/2025 09:00,East,Office Supplies,16,162.79,27.32
TXN-103082,09/05/2025 10:00,West,Office Supplies,1,180.47,49.42
TXN-103083,09/05/2025 11:00,North,Office Supplies,16,401.29,18.43
TXN-103084,09/05/2025 12:00,South,Electronics,19,191.12,32.69
TXN-103085,09/05/2025 13:00,North,Industrial Machinery,9,286.95,15.78
TXN-103086,09/05/2025 14:00,South,Home Appliances,9,401.87,26
TXN-103087,09/05/2025 15:00,West,Office Supplies,9,106.67,14
TXN-103088,09/05/2025 16:00,West,Industrial Machinery,17,442.13,30.12
TXN-103089,09/05/2025 17:00,West,Home Appliances,12,320.5,16.93
TXN-103090,09/05/2025 18:00,West,Home Appliances,13,231.06,6.66
TXN-103091,09/05/2025 19:00,South,Home Appliances,8,202.73,41.69
TXN-103092,09/05/2025 20:00,East,Industrial Machinery,16,430.17,10.77
TXN-103093,09/05/2025 21:00,South,Industrial Machinery,18,104.89,21.56
TXN-103094,09/05/2025 22:00,North,Electronics,1,150.93,26.47
TXN-103095,09/05/2025 23:00,West,Industrial Machinery,1,149.24,24.46
TXN-103096,10/05/2025 00:00,West,Industrial Machinery,12,141.07,37.65
TXN-103097,10/05/2025 01:00,North,Industrial Machinery,6,219.08,31.85
TXN-103098,10/05/2025 02:00,South,Home Appliances,9,445.3,18.29
TXN-103099,10/05/2025 03:00,East,Office Supplies,5,401.68,7.33
TXN-103100,10/05/2025 04:00,East,Electronics,16,157.99,39.54
TXN-103101,10/05/2025 05:00,North,Office Supplies,18,199.24,20.86
TXN-103102,10/05/2025 06:00,East,Office Supplies,17,306.39,45.04
TXN-103103,10/05/2025 07:00,South,Industrial Machinery,18,22.95,22.78
TXN-103104,10/05/2025 08:00,South,Electronics,1,371.86,37.29
TXN-103105,10/05/2025 09:00,North,Office Supplies,19,397.77,47.28
TXN-103106,10/05/2025 10:00,South,Office Supplies,8,387.95,34.3
TXN-103107,10/05/2025 11:00,West,Electronics,3,178.46,23.61
TXN-103108,10/05/2025 12:00,North,Industrial Machinery,5,216.24,30.53
TXN-103109,10/05/2025 13:00,South,Office Supplies,8,20.88,29.46
TXN-103110,10/05/2025 14:00,North,Home Appliances,19,189.04,31.32
TXN-103111,10/05/2025 15:00,East,Office Supplies,18,215.56,11.61
TXN-103112,10/05/2025 16:00,South,Home Appliances,18,409.58,36.43
TXN-103113,10/05/2025 17:00,West,Industrial Machinery,1,403.94,11.53
TXN-103114,10/05/2025 18:00,South,Office Supplies,15,435.27,5.66
TXN-103115,10/05/2025 19:00,North,Electronics,18,400.08,33.12
TXN-103116,10/05/2025 20:00,North,Electronics,7,19.06,10.26
TXN-103117,10/05/2025 21:00,South,Office Supplies,16,294.21,39.67
TXN-103118,10/05/2025 22:00,West,Industrial Machinery,16,45.15,43.97
TXN-103119,10/05/2025 23:00,West,Industrial Machinery,15,133.94,47.51
TXN-103120,11/05/2025 00:00,West,Electronics,6,266.77,34.9
TXN-103121,11/05/2025 01:00,North,Office Supplies,9,319.92,26.69
TXN-103122,11/05/2025 02:00,South,Industrial Machinery,7,299.94,20.85
TXN-103123,11/05/2025 03:00,East,Electronics,14,36.82,27.09
TXN-103124,11/05/2025 04:00,North,Home Appliances,11,60.52,13.57
TXN-103125,11/05/2025 05:00,West,Office Supplies,16,71.37,20.68
TXN-103126,11/05/2025 06:00,South,Home Appliances,6,55.22,37.31
TXN-103127,11/05/2025 07:00,West,Home Appliances,16,92.94,14.78
TXN-103128,11/05/2025 08:00,East,Industrial Machinery,16,314.65,16.88
TXN-103129,11/05/2025 09:00,West,Industrial Machinery,12,376.5,38.72
TXN-103130,11/05/2025 10:00,West,Industrial Machinery,17,193.13,13
TXN-103131,11/05/2025 11:00,East,Office Supplies,5,316.51,16.06
TXN-103132,11/05/2025 12:00,South,Home Appliances,13,102.41,5.79
TXN-103133,11/05/2025 13:00,North,Office Supplies,8,438.39,37.4
TXN-103134,11/05/2025 14:00,South,Industrial Machinery,5,167.57,32.81
TXN-103135,11/05/2025 15:00,East,Home Appliances,12,383.03,36.25
TXN-103136,11/05/2025 16:00,West,Office Supplies,9,426.26,14.64
TXN-103137,11/05/2025 17:00,South,Office Supplies,3,391.22,35.93
TXN-103138,11/05/2025 18:00,North,Electronics,3,44.64,31.84
TXN-103139,11/05/2025 19:00,East,Office Supplies,1,298.06,21.48
TXN-103140,11/05/2025 20:00,South,Industrial Machinery,18,67.68,24.7
TXN-103141,11/05/2025 21:00,North,Office Supplies,12,17.96,30.56
TXN-103142,11/05/2025 22:00,East,Home Appliances,9,38,27.2
TXN-103143,11/05/2025 23:00,North,Office Supplies,9,413.57,33.88
TXN-103144,12/05/2025 00:00,East,Electronics,18,410.23,13.14
TXN-103145,12/05/2025 01:00,West,Home Appliances,18,113.62,29.33
TXN-103146,12/05/2025 02:00,South,Home Appliances,7,253.2,25.26
TXN-103147,12/05/2025 03:00,North,Electronics,4,430.46,25.75
TXN-103148,12/05/2025 04:00,East,Industrial Machinery,13,231.32,26.12
TXN-103149,12/05/2025 05:00,North,Home Appliances,17,186.51,44.67
TXN-103150,12/05/2025 06:00,North,Industrial Machinery,2,225.47,41.84
TXN-103151,12/05/2025 07:00,South,Home Appliances,14,358.85,33.33
TXN-103152,12/05/2025 08:00,West,Home Appliances,3,222.88,37.24
TXN-103153,12/05/2025 09:00,North,Industrial Machinery,5,355.83,6.93
TXN-103154,12/05/2025 10:00,East,Home Appliances,14,203.07,38.48
TXN-103155,12/05/2025 11:00,East,Industrial Machinery,3,125,26.88
TXN-103156,12/05/2025 12:00,West,Electronics,7,157.35,19.3
TXN-103157,12/05/2025 13:00,East,Industrial Machinery,18,49.31,11.29
TXN-103158,12/05/2025 14:00,West,Electronics,13,231.61,8.38
TXN-103159,12/05/2025 15:00,East,Home Appliances,10,79.85,7.02
TXN-103160,12/05/2025 16:00,South,Industrial Machinery,13,368.12,12.28
TXN-103161,12/05/2025 17:00,North,Home Appliances,16,198.25,6.36
TXN-103162,12/05/2025 18:00,South,Industrial Machinery,9,347.89,37.97
TXN-103163,12/05/2025 19:00,North,Electronics,2,430.21,16.19
TXN-103164,12/05/2025 20:00,North,Electronics,5,384.6,21.59
TXN-103165,12/05/2025 21:00,North,Industrial Machinery,17,428.91,42.02
TXN-103166,12/05/2025 22:00,South,Electronics,4,262.27,10.16
TXN-103167,12/05/2025 23:00,North,Home Appliances,17,87.33,42.6
TXN-103168,13/05/2025 00:00,South,Home Appliances,9,421.93,33.78
TXN-103169,13/05/2025 01:00,West,Office Supplies,2,392.87,20.39
TXN-103170,13/05/2025 02:00,East,Electronics,18,391.09,10.3
TXN-103171,13/05/2025 03:00,East,Home Appliances,11,316.73,9.12
TXN-103172,13/05/2025 04:00,North,Industrial Machinery,13,287.03,20.1
TXN-103173,13/05/2025 05:00,South,Electronics,8,21.9,11.32
TXN-103174,13/05/2025 06:00,East,Home Appliances,1,340.53,17.05
TXN-103175,13/05/2025 07:00,South,Electronics,17,55.27,7.38
TXN-103176,13/05/2025 08:00,South,Industrial Machinery,12,128.36,31.78
TXN-103177,13/05/2025 09:00,North,Home Appliances,4,255.12,11.54
TXN-103178,13/05/2025 10:00,East,Office Supplies,13,211.78,39.05
TXN-103179,13/05/2025 11:00,North,Office Supplies,9,22.35,14.82
TXN-103180,13/05/2025 12:00,North,Electronics,7,373.52,40.91
TXN-103181,13/05/2025 13:00,East,Industrial Machinery,5,397.34,13.54
TXN-103182,13/05/2025 14:00,East,Home Appliances,5,311.77,37.46
TXN-103183,13/05/2025 15:00,West,Industrial Machinery,17,250.59,19.99
TXN-103184,13/05/2025 16:00,West,Home Appliances,9,432.94,31.24
TXN-103185,13/05/2025 17:00,South,Electronics,6,67.62,6.74
TXN-103186,13/05/2025 18:00,East,Home Appliances,19,336.12,27.29
TXN-103187,13/05/2025 19:00,West,Industrial Machinery,16,71.27,11.69
TXN-103188,13/05/2025 20:00,South,Industrial Machinery,2,181.41,26.88
TXN-103189,13/05/2025 21:00,South,Electronics,10,269.89,11.36
TXN-103190,13/05/2025 22:00,South,Industrial Machinery,16,335.76,24.67
TXN-103191,13/05/2025 23:00,West,Home Appliances,5,17.11,9.98
TXN-103192,14/05/2025 00:00,East,Electronics,15,128.73,14.9
TXN-103193,14/05/2025 01:00,North,Home Appliances,13,249.35,31.78
TXN-103194,14/05/2025 02:00,South,Industrial Machinery,13,247.03,48.95
TXN-103195,14/05/2025 03:00,West,Electronics,13,292.55,25.21
TXN-103196,14/05/2025 04:00,West,Home Appliances,15,147.52,35.92
TXN-103197,14/05/2025 05:00,North,Industrial Machinery,14,250.36,29.27
TXN-103198,14/05/2025 06:00,North,Industrial Machinery,8,97.96,27.43
TXN-103199,14/05/2025 07:00,West,Office Supplies,11,96.7,7.91
TXN-103200,14/05/2025 08:00,East,Industrial Machinery,18,266.02,11.49
TXN-103201,14/05/2025 09:00,North,Home Appliances,4,313.34,44.74
TXN-103202,14/05/2025 10:00,West,Electronics,10,67.81,23.46
TXN-103203,14/05/2025 11:00,North,Office Supplies,1,68.85,32.64
TXN-103204,14/05/2025 12:00,East,Industrial Machinery,5,261.12,28.77
TXN-103205,14/05/2025 13:00,South,Industrial Machinery,13,132.86,22.05
TXN-103206,14/05/2025 14:00,North,Industrial Machinery,1,186,22.45
TXN-103207,14/05/2025 15:00,East,Home Appliances,8,189.63,30
TXN-103208,14/05/2025 16:00,West,Office Supplies,3,93.08,11.35
TXN-103209,14/05/2025 17:00,North,Home Appliances,3,16.07,22.43
TXN-103210,14/05/2025 18:00,North,Office Supplies,7,386.19,25.11
TXN-103211,14/05/2025 19:00,West,Electronics,4,326.17,49.33
TXN-103212,14/05/2025 20:00,South,Home Appliances,3,315.54,20.82
TXN-103213,14/05/2025 21:00,West,Home Appliances,15,252.96,34.01
TXN-103214,14/05/2025 22:00,North,Electronics,8,320.07,11.18
TXN-103215,14/05/2025 23:00,West,Office Supplies,3,422.06,7.95
TXN-103216,15/05/2025 00:00,East,Industrial Machinery,7,304.74,44.22
TXN-103217,15/05/2025 01:00,West,Electronics,18,130.68,37.88
TXN-103218,15/05/2025 02:00,North,Industrial Machinery,11,263.41,19.29
TXN-103219,15/05/2025 03:00,West,Industrial Machinery,11,207.69,27.71
TXN-103220,15/05/2025 04:00,South,Electronics,17,257.26,11.11
TXN-103221,15/05/2025 05:00,West,Office Supplies,6,240.4,36.82
TXN-103222,15/05/2025 06:00,South,Industrial Machinery,8,388.64,8.16
TXN-103223,15/05/2025 07:00,East,Electronics,1,298.71,39.07
TXN-103224,15/05/2025 08:00,South,Home Appliances,10,97.52,29.61
TXN-103225,15/05/2025 09:00,West,Home Appliances,19,42.88,17.55
TXN-103226,15/05/2025 10:00,North,Home Appliances,3,199.89,43.82
TXN-103227,15/05/2025 11:00,South,Electronics,4,22.28,49.37
TXN-103228,15/05/2025 12:00,East,Home Appliances,11,153.8,16.45
TXN-103229,15/05/2025 13:00,South,Industrial Machinery,15,175.41,41.28
TXN-103230,15/05/2025 14:00,South,Home Appliances,1,178.69,38.76
TXN-103231,15/05/2025 15:00,South,Home Appliances,9,441.03,38.62
TXN-103232,15/05/2025 16:00,East,Industrial Machinery,11,147.54,48.08
TXN-103233,15/05/2025 17:00,West,Home Appliances,19,130.74,26.9
TXN-103234,15/05/2025 18:00,South,Industrial Machinery,13,71.72,35.34
TXN-103235,15/05/2025 19:00,South,Home Appliances,16,237.53,42.07
TXN-103236,15/05/2025 20:00,North,Industrial Machinery,4,82.27,26.58
TXN-103237,15/05/2025 21:00,East,Home Appliances,1,283.28,26.66
TXN-103238,15/05/2025 22:00,South,Industrial Machinery,13,82.92,19.34
TXN-103239,15/05/2025 23:00,East,Electronics,1,266.06,40.14
TXN-103240,16/05/2025 00:00,South,Industrial Machinery,5,374.51,35.88
TXN-103241,16/05/2025 01:00,West,Home Appliances,5,33.98,25.3
TXN-103242,16/05/2025 02:00,West,Home Appliances,14,197.88,23.87
TXN-103243,16/05/2025 03:00,South,Office Supplies,14,215.83,8.27
TXN-103244,16/05/2025 04:00,West,Industrial Machinery,8,359.22,5.29
TXN-103245,16/05/2025 05:00,South,Electronics,4,218.81,28.8
TXN-103246,16/05/2025 06:00,West,Industrial Machinery,7,262.09,23.79
TXN-103247,16/05/2025 07:00,North,Industrial Machinery,19,359.28,40.82
TXN-103248,16/05/2025 08:00,North,Electronics,15,258.72,29.42
TXN-103249,16/05/2025 09:00,North,Industrial Machinery,4,171.18,47.15
TXN-103250,16/05/2025 10:00,East,Electronics,19,52.8,13.83
TXN-103251,16/05/2025 11:00,East,Electronics,9,332.65,49.56
TXN-103252,16/05/2025 12:00,North,Industrial Machinery,13,394.01,18.41
TXN-103253,16/05/2025 13:00,East,Industrial Machinery,14,436.99,33.91
TXN-103254,16/05/2025 14:00,West,Home Appliances,14,418.11,27.58
TXN-103255,16/05/2025 15:00,South,Home Appliances,10,361.98,21.18
TXN-103256,16/05/2025 16:00,South,Office Supplies,16,295.09,11.27
TXN-103257,16/05/2025 17:00,South,Office Supplies,5,355.04,11.07
TXN-103258,16/05/2025 18:00,North,Industrial Machinery,6,203.24,37.02
TXN-103259,16/05/2025 19:00,East,Electronics,2,273.93,21.99
TXN-103260,16/05/2025 20:00,West,Office Supplies,13,167.01,48.26
TXN-103261,16/05/2025 21:00,West,Industrial Machinery,13,157.46,19.65
TXN-103262,16/05/2025 22:00,North,Office Supplies,19,344.28,49.26
TXN-103263,16/05/2025 23:00,West,Electronics,18,212.73,14.24
TXN-103264,17/05/2025 00:00,West,Industrial Machinery,19,107.68,9.63
TXN-103265,17/05/2025 01:00,West,Electronics,1,103.24,19.07
TXN-103266,17/05/2025 02:00,West,Industrial Machinery,8,388.81,44.85
TXN-103267,17/05/2025 03:00,East,Office Supplies,16,309.99,28.48
TXN-103268,17/05/2025 04:00,West,Home Appliances,2,252.76,11.1
TXN-103269,17/05/2025 05:00,South,Office Supplies,8,189.71,14.11
TXN-103270,17/05/2025 06:00,North,Office Supplies,6,202.69,19.01
TXN-103271,17/05/2025 07:00,East,Home Appliances,16,40.46,31.56
TXN-103272,17/05/2025 08:00,West,Home Appliances,11,213.16,19.96
TXN-103273,17/05/2025 09:00,East,Industrial Machinery,17,361.13,38.62
TXN-103274,17/05/2025 10:00,West,Industrial Machinery,19,184.08,32.73
TXN-103275,17/05/2025 11:00,South,Electronics,11,182.17,44.32
TXN-103276,17/05/2025 12:00,North,Electronics,8,22.33,27.54
TXN-103277,17/05/2025 13:00,West,Office Supplies,4,214.43,19.9
TXN-103278,17/05/2025 14:00,West,Home Appliances,11,26.51,49.83
TXN-103279,17/05/2025 15:00,West,Electronics,8,263.32,21
TXN-103280,17/05/2025 16:00,West,Office Supplies,9,235.7,24.29
TXN-103281,17/05/2025 17:00,North,Home Appliances,2,380.48,41.41
TXN-103282,17/05/2025 18:00,North,Industrial Machinery,16,268.28,8.99
TXN-103283,17/05/2025 19:00,South,Office Supplies,6,156.03,22.39
TXN-103284,17/05/2025 20:00,North,Industrial Machinery,19,239.8,8.86
TXN-103285,17/05/2025 21:00,West,Electronics,8,319.52,11.27
TXN-103286,17/05/2025 22:00,South,Electronics,14,56.33,5.21
TXN-103287,17/05/2025 23:00,South,Home Appliances,16,285.36,5.43
TXN-103288,18/05/2025 00:00,South,Office Supplies,12,413.77,22.11
TXN-103289,18/05/2025 01:00,West,Industrial Machinery,5,145.47,41.41
TXN-103290,18/05/2025 02:00,East,Home Appliances,19,287.77,31.42
TXN-103291,18/05/2025 03:00,West,Electronics,18,372.37,33.57
TXN-103292,18/05/2025 04:00,North,Electronics,9,237.88,28.37
TXN-103293,18/05/2025 05:00,North,Office Supplies,2,327.46,41.89
TXN-103294,18/05/2025 06:00,West,Industrial Machinery,12,150.63,44.62
TXN-103295,18/05/2025 07:00,West,Office Supplies,2,148.48,43.24
TXN-103296,18/05/2025 08:00,South,Industrial Machinery,10,305.57,41.55
TXN-103297,18/05/2025 09:00,West,Industrial Machinery,1,322,13.22
TXN-103298,18/05/2025 10:00,South,Office Supplies,4,422.63,31.72
TXN-103299,18/05/2025 11:00,North,Home Appliances,12,113.19,31.2
TXN-103300,18/05/2025 12:00,South,Office Supplies,9,218.94,28.76
TXN-103301,18/05/2025 13:00,West,Office Supplies,4,124.35,26.64
TXN-103302,18/05/2025 14:00,North,Electronics,9,50.3,9.01
TXN-103303,18/05/2025 15:00,East,Electronics,6,190.7,9.6
TXN-103304,18/05/2025 16:00,South,Office Supplies,1,178.04,45.6
TXN-103305,18/05/2025 17:00,North,Office Supplies,10,133,33.36
TXN-103306,18/05/2025 18:00,South,Electronics,14,144.54,16.8
TXN-103307,18/05/2025 19:00,North,Industrial Machinery,18,172.1,17.57
TXN-103308,18/05/2025 20:00,North,Office Supplies,6,445.15,32.46
TXN-103309,18/05/2025 21:00,South,Home Appliances,18,355.7,23.31
TXN-103310,18/05/2025 22:00,East,Home Appliances,16,46.52,24.86
TXN-103311,18/05/2025 23:00,North,Home Appliances,15,394.56,7.73
TXN-103312,19/05/2025 00:00,North,Office Supplies,16,290.67,11.24
TXN-103313,19/05/2025 01:00,North,Industrial Machinery,8,402.46,22.7
TXN-103314,19/05/2025 02:00,East,Industrial Machinery,13,163.97,36.49
TXN-103315,19/05/2025 03:00,East,Electronics,11,217.33,7.16
TXN-103316,19/05/2025 04:00,West,Office Supplies,7,404.91,20.06
TXN-103317,19/05/2025 05:00,South,Industrial Machinery,17,133.93,36.28
TXN-103318,19/05/2025 06:00,East,Office Supplies,18,413.29,40.64
TXN-103319,19/05/2025 07:00,South,Electronics,19,375.48,13.56
TXN-103320,19/05/2025 08:00,West,Electronics,13,441.55,37.92
TXN-103321,19/05/2025 09:00,South,Electronics,15,156.39,47.99
TXN-103322,19/05/2025 10:00,East,Home Appliances,1,117.93,45.81
TXN-103323,19/05/2025 11:00,South,Office Supplies,16,159.26,40.52
TXN-103324,19/05/2025 12:00,East,Electronics,5,430.3,37.05
TXN-103325,19/05/2025 13:00,South,Office Supplies,3,160.22,15.58
TXN-103326,19/05/2025 14:00,East,Home Appliances,10,261.08,33.53
TXN-103327,19/05/2025 15:00,East,Home Appliances,19,190.9,33.95
TXN-103328,19/05/2025 16:00,South,Electronics,5,187.66,23.31
TXN-103329,19/05/2025 17:00,West,Electronics,7,99.52,27.19
TXN-103330,19/05/2025 18:00,North,Industrial Machinery,14,248.86,36.23
TXN-103331,19/05/2025 19:00,West,Office Supplies,3,384.57,47.84
TXN-103332,19/05/2025 20:00,South,Electronics,13,37,18.29
TXN-103333,19/05/2025 21:00,West,Industrial Machinery,13,401.87,16.09
TXN-103334,19/05/2025 22:00,East,Office Supplies,10,304.65,32.08
TXN-103335,19/05/2025 23:00,North,Electronics,2,283.47,10.89
TXN-103336,20/05/2025 00:00,South,Industrial Machinery,6,287.45,31.21
TXN-103337,20/05/2025 01:00,South,Industrial Machinery,8,144.23,9
TXN-103338,20/05/2025 02:00,South,Office Supplies,4,195.88,27.08
TXN-103339,20/05/2025 03:00,North,Industrial Machinery,12,362.79,32.92
TXN-103340,20/05/2025 04:00,East,Office Supplies,15,148.62,8.15
TXN-103341,20/05/2025 05:00,South,Office Supplies,8,219.72,14.31
TXN-103342,20/05/2025 06:00,West,Office Supplies,7,24.03,20.09
TXN-103343,20/05/2025 07:00,South,Home Appliances,14,334.23,21.59
TXN-103344,20/05/2025 08:00,South,Industrial Machinery,19,196.99,35.42
TXN-103345,20/05/2025 09:00,South,Office Supplies,14,243.77,28.81
TXN-103346,20/05/2025 10:00,South,Electronics,13,65.33,22.19
TXN-103347,20/05/2025 11:00,East,Home Appliances,1,446.4,25.28
TXN-103348,20/05/2025 12:00,West,Home Appliances,19,146.92,5.58
TXN-103349,20/05/2025 13:00,East,Industrial Machinery,1,291.4,39.67
TXN-103350,20/05/2025 14:00,West,Office Supplies,4,268.05,6.85
TXN-103351,20/05/2025 15:00,South,Industrial Machinery,10,356.62,42.32
TXN-103352,20/05/2025 16:00,North,Home Appliances,3,143.17,29.34
TXN-103353,20/05/2025 17:00,East,Office Supplies,9,343.95,28.75
TXN-103354,20/05/2025 18:00,North,Electronics,3,181.7,36.71
TXN-103355,20/05/2025 19:00,East,Office Supplies,6,194.15,43.68
TXN-103356,20/05/2025 20:00,South,Home Appliances,6,307.79,47.42
TXN-103357,20/05/2025 21:00,East,Electronics,12,356.27,29.45
TXN-103358,20/05/2025 22:00,South,Office Supplies,1,305.25,11.78
TXN-103359,20/05/2025 23:00,East,Electronics,16,406.5,44.54
TXN-103360,21/05/2025 00:00,South,Electronics,5,139.4,6.83
TXN-103361,21/05/2025 01:00,South,Home Appliances,9,406.82,41.33
TXN-103362,21/05/2025 02:00,West,Electronics,10,72.36,35.62
TXN-103363,21/05/2025 03:00,South,Industrial Machinery,13,302.07,45.71
TXN-103364,21/05/2025 04:00,West,Home Appliances,15,253.45,45.39
TXN-103365,21/05/2025 05:00,South,Industrial Machinery,12,230.42,7.39
TXN-103366,21/05/2025 06:00,North,Electronics,5,150.59,32.43
TXN-103367,21/05/2025 07:00,South,Industrial Machinery,5,234.37,10.61
TXN-103368,21/05/2025 08:00,North,Office Supplies,18,85.79,8.53
TXN-103369,21/05/2025 09:00,North,Electronics,12,175.97,25.17
TXN-103370,21/05/2025 10:00,South,Office Supplies,3,58.38,9.39
TXN-103371,21/05/2025 11:00,North,Industrial Machinery,7,263.97,37.76
TXN-103372,21/05/2025 12:00,West,Office Supplies,17,57.11,48.6
TXN-103373,21/05/2025 13:00,East,Electronics,19,85.17,30.63
TXN-103374,21/05/2025 14:00,South,Office Supplies,18,52.64,15.58
TXN-103375,21/05/2025 15:00,North,Industrial Machinery,1,181.18,42.94
TXN-103376,21/05/2025 16:00,South,Industrial Machinery,5,381.33,43.39
TXN-103377,21/05/2025 17:00,West,Industrial Machinery,2,409.55,37.98
TXN-103378,21/05/2025 18:00,South,Electronics,1,46.74,32.68
TXN-103379,21/05/2025 19:00,South,Industrial Machinery,7,291.21,44.05
TXN-103380,21/05/2025 20:00,North,Electronics,11,312.87,12.35
TXN-103381,21/05/2025 21:00,West,Office Supplies,11,247.42,46.92
TXN-103382,21/05/2025 22:00,East,Industrial Machinery,18,305.3,47.62
TXN-103383,21/05/2025 23:00,East,Office Supplies,17,117.04,44.24
TXN-103384,22/05/2025 00:00,North,Home Appliances,2,228.25,16.28
TXN-103385,22/05/2025 01:00,South,Office Supplies,7,185.34,43.62
TXN-103386,22/05/2025 02:00,North,Home Appliances,7,54.48,27.39
TXN-103387,22/05/2025 03:00,North,Office Supplies,10,287.3,31.77
TXN-103388,22/05/2025 04:00,North,Electronics,3,230.67,42.83
TXN-103389,22/05/2025 05:00,South,Office Supplies,12,135.06,6.33
TXN-103390,22/05/2025 06:00,West,Electronics,3,221.32,21.33
TXN-103391,22/05/2025 07:00,North,Electronics,11,352.37,41.71
TXN-103392,22/05/2025 08:00,South,Industrial Machinery,12,363.82,41.63
TXN-103393,22/05/2025 09:00,West,Electronics,4,297.72,43.19
TXN-103394,22/05/2025 10:00,North,Home Appliances,16,218.74,12.61
TXN-103395,22/05/2025 11:00,East,Industrial Machinery,18,265.66,36.76
TXN-103396,22/05/2025 12:00,West,Industrial Machinery,4,182.79,11.59
TXN-103397,22/05/2025 13:00,North,Office Supplies,6,70.49,40.33
TXN-103398,22/05/2025 14:00,West,Electronics,15,183.05,16.03
TXN-103399,22/05/2025 15:00,West,Electronics,1,245.93,38.2
TXN-103400,22/05/2025 16:00,West,Home Appliances,3,275.69,25.48
TXN-103401,22/05/2025 17:00,West,Office Supplies,5,422.11,49.38
TXN-103402,22/05/2025 18:00,West,Office Supplies,17,353.25,31.1
TXN-103403,22/05/2025 19:00,West,Industrial Machinery,14,81.54,33.47
TXN-103404,22/05/2025 20:00,North,Industrial Machinery,9,91.18,21.57
TXN-103405,22/05/2025 21:00,East,Industrial Machinery,3,59.16,38.05
TXN-103406,22/05/2025 22:00,South,Home Appliances,13,336.24,27.27
TXN-103407,22/05/2025 23:00,West,Home Appliances,3,322.31,5.81
TXN-103408,23/05/2025 00:00,South,Industrial Machinery,11,444.07,32.39
TXN-103409,23/05/2025 01:00,North,Office Supplies,2,242.32,42.37
TXN-103410,23/05/2025 02:00,West,Home Appliances,15,374.58,15.66
TXN-103411,23/05/2025 03:00,East,Office Supplies,13,265.96,14.95
TXN-103412,23/05/2025 04:00,South,Office Supplies,19,395.29,32.4
TXN-103413,23/05/2025 05:00,West,Electronics,16,328.78,41.81
TXN-103414,23/05/2025 06:00,North,Industrial Machinery,18,294.83,16.23
TXN-103415,23/05/2025 07:00,East,Electronics,7,261.05,46.95
TXN-103416,23/05/2025 08:00,South,Industrial Machinery,13,329.63,46.73
TXN-103417,23/05/2025 09:00,South,Industrial Machinery,4,197.84,14.02
TXN-103418,23/05/2025 10:00,West,Office Supplies,9,57.46,16.87
TXN-103419,23/05/2025 11:00,East,Industrial Machinery,10,32.87,36.53
TXN-103420,23/05/2025 12:00,East,Office Supplies,9,223.64,47.83
TXN-103421,23/05/2025 13:00,East,Office Supplies,7,275.89,36.94
TXN-103422,23/05/2025 14:00,East,Industrial Machinery,15,49.76,25.02
TXN-103423,23/05/2025 15:00,North,Office Supplies,8,140.16,12.61
TXN-103424,23/05/2025 16:00,East,Office Supplies,19,155.42,25.75
TXN-103425,23/05/2025 17:00,South,Office Supplies,11,260.03,32.3
TXN-103426,23/05/2025 18:00,South,Home Appliances,5,136.5,19.89
TXN-103427,23/05/2025 19:00,North,Office Supplies,2,57.06,27.96
TXN-103428,23/05/2025 20:00,South,Home Appliances,10,87.13,10.86
TXN-103429,23/05/2025 21:00,South,Home Appliances,16,91.08,25.35
TXN-103430,23/05/2025 22:00,East,Office Supplies,13,381.65,9.08
TXN-103431,23/05/2025 23:00,South,Office Supplies,8,139.04,7.21
TXN-103432,24/05/2025 00:00,North,Home Appliances,9,326.03,43.58
TXN-103433,24/05/2025 01:00,East,Home Appliances,11,262.23,14.23
TXN-103434,24/05/2025 02:00,West,Office Supplies,11,440.02,30.88
TXN-103435,24/05/2025 03:00,East,Office Supplies,16,134.04,11.7
TXN-103436,24/05/2025 04:00,North,Industrial Machinery,10,84.31,16.81
TXN-103437,24/05/2025 05:00,East,Home Appliances,12,38.11,21.26
TXN-103438,24/05/2025 06:00,East,Home Appliances,6,120.2,11.47
TXN-103439,24/05/2025 07:00,North,Industrial Machinery,12,312.73,7.07
TXN-103440,24/05/2025 08:00,East,Home Appliances,10,52.54,44.47
TXN-103441,24/05/2025 09:00,North,Electronics,18,121.82,5.53
TXN-103442,24/05/2025 10:00,North,Home Appliances,18,387.13,7.76
TXN-103443,24/05/2025 11:00,West,Industrial Machinery,4,268.79,41.23
TXN-103444,24/05/2025 12:00,South,Electronics,9,45.71,17.69
TXN-103445,24/05/2025 13:00,South,Office Supplies,7,36.22,37.53
TXN-103446,24/05/2025 14:00,East,Industrial Machinery,18,42.06,11.58
TXN-103447,24/05/2025 15:00,East,Industrial Machinery,8,424.74,15.68
TXN-103448,24/05/2025 16:00,West,Office Supplies,11,384.77,30.77
TXN-103449,24/05/2025 17:00,West,Industrial Machinery,7,382.63,49.49
TXN-103450,24/05/2025 18:00,West,Home Appliances,9,417.07,8.31
TXN-103451,24/05/2025 19:00,North,Office Supplies,8,235.03,23.02
TXN-103452,24/05/2025 20:00,West,Industrial Machinery,3,122.97,6.94
TXN-103453,24/05/2025 21:00,West,Office Supplies,17,189.89,13.97
TXN-103454,24/05/2025 22:00,East,Office Supplies,2,327.85,45.84
TXN-103455,24/05/2025 23:00,West,Office Supplies,15,396.14,9.34
TXN-103456,25/05/2025 00:00,North,Electronics,14,204.55,43.56
TXN-103457,25/05/2025 01:00,North,Industrial Machinery,18,248.12,13
TXN-103458,25/05/2025 02:00,East,Electronics,16,420.36,43.78
TXN-103459,25/05/2025 03:00,West,Industrial Machinery,4,62.21,29.21
TXN-103460,25/05/2025 04:00,West,Home Appliances,6,390.17,44.52
TXN-103461,25/05/2025 05:00,North,Home Appliances,6,84.72,11.83
TXN-103462,25/05/2025 06:00,West,Home Appliances,11,225.74,39.29
TXN-103463,25/05/2025 07:00,West,Industrial Machinery,17,110.4,35.63
TXN-103464,25/05/2025 08:00,West,Office Supplies,3,277.48,29.43
TXN-103465,25/05/2025 09:00,South,Office Supplies,13,258.2,41.48
TXN-103466,25/05/2025 10:00,East,Electronics,3,180.61,34.17
TXN-103467,25/05/2025 11:00,South,Electronics,16,390.61,44.47
TXN-103468,25/05/2025 12:00,East,Home Appliances,15,302.19,22.15
TXN-103469,25/05/2025 13:00,North,Electronics,11,328.86,31.55
TXN-103470,25/05/2025 14:00,West,Industrial Machinery,18,80.96,44.18
TXN-103471,25/05/2025 15:00,East,Industrial Machinery,15,399.24,14.67
TXN-103472,25/05/2025 16:00,South,Electronics,5,88.08,26.86
TXN-103473,25/05/2025 17:00,West,Electronics,16,112.3,48.23
TXN-103474,25/05/2025 18:00,North,Electronics,16,71.14,26.31
TXN-103475,25/05/2025 19:00,East,Electronics,17,206.84,16.38
TXN-103476,25/05/2025 20:00,East,Home Appliances,9,401.21,20.8
TXN-103477,25/05/2025 21:00,East,Home Appliances,3,125.19,44.83
TXN-103478,25/05/2025 22:00,West,Electronics,13,177.9,47.97
TXN-103479,25/05/2025 23:00,South,Industrial Machinery,3,383.12,47.75
TXN-103480,26/05/2025 00:00,South,Home Appliances,7,283.94,36.45
TXN-103481,26/05/2025 01:00,East,Industrial Machinery,6,342.08,27.93
TXN-103482,26/05/2025 02:00,North,Office Supplies,9,108.48,13.22
TXN-103483,26/05/2025 03:00,North,Industrial Machinery,12,326.81,10.54
TXN-103484,26/05/2025 04:00,South,Electronics,15,114.4,7.69
TXN-103485,26/05/2025 05:00,North,Office Supplies,3,444.49,5.8
TXN-103486,26/05/2025 06:00,South,Home Appliances,10,258.77,44.52
TXN-103487,26/05/2025 07:00,East,Home Appliances,1,317.76,41.41
TXN-103488,26/05/2025 08:00,South,Office Supplies,19,66.95,30.55
TXN-103489,26/05/2025 09:00,South,Industrial Machinery,19,124.41,49.94
TXN-103490,26/05/2025 10:00,East,Home Appliances,13,76.22,47.89
TXN-103491,26/05/2025 11:00,North,Electronics,12,185.03,34.48
TXN-103492,26/05/2025 12:00,South,Office Supplies,1,138.96,25.91
TXN-103493,26/05/2025 13:00,South,Electronics,19,333.95,11.85
TXN-103494,26/05/2025 14:00,East,Office Supplies,16,62.73,28.2
TXN-103495,26/05/2025 15:00,North,Home Appliances,15,342.27,12.1
TXN-103496,26/05/2025 16:00,South,Industrial Machinery,16,35.36,22.93
TXN-103497,26/05/2025 17:00,East,Office Supplies,11,103.28,47.42
TXN-103498,26/05/2025 18:00,South,Office Supplies,6,359.61,20.39
TXN-103499,26/05/2025 19:00,West,Electronics,11,338.24,11.88
TXN-103500,26/05/2025 20:00,East,Home Appliances,3,222.46,31.21
TXN-103501,26/05/2025 21:00,North,Electronics,15,37.22,32.11
TXN-103502,26/05/2025 22:00,North,Home Appliances,1,280.5,13.72
TXN-103503,26/05/2025 23:00,North,Electronics,7,192.22,13.85
TXN-103504,27/05/2025 00:00,North,Office Supplies,1,153.03,49.53
TXN-103505,27/05/2025 01:00,South,Electronics,17,293.76,15.95
TXN-103506,27/05/2025 02:00,South,Industrial Machinery,9,205.21,42.72
TXN-103507,27/05/2025 03:00,North,Home Appliances,13,55.66,26.16
TXN-103508,27/05/2025 04:00,North,Home Appliances,11,413.48,24.57
TXN-103509,27/05/2025 05:00,North,Office Supplies,6,353.76,18.27
TXN-103510,27/05/2025 06:00,South,Home Appliances,1,40,39.82
TXN-103511,27/05/2025 07:00,North,Industrial Machinery,7,243.64,44.63
TXN-103512,27/05/2025 08:00,North,Electronics,12,51.73,16.75
TXN-103513,27/05/2025 09:00,West,Office Supplies,19,379.3,9.28
TXN-103514,27/05/2025 10:00,West,Industrial Machinery,17,281.85,11.16
TXN-103515,27/05/2025 11:00,North,Home Appliances,4,90.43,40.68
TXN-103516,27/05/2025 12:00,East,Home Appliances,3,24.51,24.61
TXN-103517,27/05/2025 13:00,North,Industrial Machinery,1,29.22,10.94
TXN-103518,27/05/2025 14:00,West,Electronics,18,235.95,20.31
TXN-103519,27/05/2025 15:00,East,Electronics,15,334.59,28.14
TXN-103520,27/05/2025 16:00,East,Office Supplies,8,68.01,43.34
TXN-103521,27/05/2025 17:00,North,Home Appliances,1,111.65,33.88
TXN-103522,27/05/2025 18:00,West,Industrial Machinery,14,157.69,12.92
TXN-103523,27/05/2025 19:00,West,Electronics,4,110.25,12.14
TXN-103524,27/05/2025 20:00,East,Office Supplies,5,185.54,23.56
TXN-103525,27/05/2025 21:00,North,Home Appliances,13,258.65,8.38
TXN-103526,27/05/2025 22:00,South,Home Appliances,15,313.11,39
TXN-103527,27/05/2025 23:00,South,Office Supplies,6,434.26,23.07
TXN-103528,28/05/2025 00:00,West,Office Supplies,1,419.95,20.44
TXN-103529,28/05/2025 01:00,South,Electronics,19,263.22,27.91
TXN-103530,28/05/2025 02:00,West,Industrial Machinery,13,334.49,36.9
TXN-103531,28/05/2025 03:00,West,Home Appliances,6,428.65,30.62
TXN-103532,28/05/2025 04:00,West,Industrial Machinery,15,51.77,41.11
TXN-103533,28/05/2025 05:00,South,Home Appliances,16,17.95,33.32
TXN-103534,28/05/2025 06:00,West,Home Appliances,16,28.45,40.46
TXN-103535,28/05/2025 07:00,East,Industrial Machinery,10,260.28,36.36
TXN-103536,28/05/2025 08:00,North,Office Supplies,9,346.95,13.69
TXN-103537,28/05/2025 09:00,North,Electronics,9,174.99,7.36
TXN-103538,28/05/2025 10:00,West,Home Appliances,17,252.41,45.65
TXN-103539,28/05/2025 11:00,North,Office Supplies,17,239.86,47.55
TXN-103540,28/05/2025 12:00,South,Home Appliances,17,56.68,37.71
TXN-103541,28/05/2025 13:00,South,Electronics,12,155.23,37.59
TXN-103542,28/05/2025 14:00,North,Home Appliances,13,23.94,17.16
TXN-103543,28/05/2025 15:00,South,Electronics,12,63.6,29.41
TXN-103544,28/05/2025 16:00,North,Electronics,14,368.25,49.65
TXN-103545,28/05/2025 17:00,North,Home Appliances,10,375.88,43.53
TXN-103546,28/05/2025 18:00,North,Home Appliances,19,363.95,18.7
TXN-103547,28/05/2025 19:00,West,Electronics,2,331.3,18.55
TXN-103548,28/05/2025 20:00,North,Office Supplies,4,360.19,26.76
TXN-103549,28/05/2025 21:00,West,Industrial Machinery,19,307.04,23.21
TXN-103550,28/05/2025 22:00,North,Electronics,7,306.54,21.7
TXN-103551,28/05/2025 23:00,North,Home Appliances,15,305.47,33.21
TXN-103552,29/05/2025 00:00,North,Home Appliances,15,238.85,5.52
TXN-103553,29/05/2025 01:00,South,Office Supplies,6,173.37,39.35
TXN-103554,29/05/2025 02:00,West,Industrial Machinery,3,332.77,38.3
TXN-103555,29/05/2025 03:00,West,Electronics,6,145.26,42.36
TXN-103556,29/05/2025 04:00,North,Electronics,16,251.39,42.87
TXN-103557,29/05/2025 05:00,North,Industrial Machinery,2,203.79,30.49
TXN-103558,29/05/2025 06:00,South,Electronics,7,135.69,40.1
TXN-103559,29/05/2025 07:00,South,Industrial Machinery,11,439,27.16
TXN-103560,29/05/2025 08:00,South,Home Appliances,7,127.93,47.82
TXN-103561,29/05/2025 09:00,West,Industrial Machinery,4,149.89,13.58
TXN-103562,29/05/2025 10:00,West,Electronics,7,85.71,46.2
TXN-103563,29/05/2025 11:00,West,Industrial Machinery,4,373.09,16.63
TXN-103564,29/05/2025 12:00,North,Office Supplies,12,270.37,9.62
TXN-103565,29/05/2025 13:00,West,Home Appliances,5,281.87,24.76
TXN-103566,29/05/2025 14:00,East,Home Appliances,19,372.03,32.67
TXN-103567,29/05/2025 15:00,East,Industrial Machinery,5,164.5,15.39
TXN-103568,29/05/2025 16:00,South,Electronics,19,99.63,30.01
TXN-103569,29/05/2025 17:00,West,Office Supplies,3,101.71,41.36
TXN-103570,29/05/2025 18:00,East,Home Appliances,11,333.82,16.57
TXN-103571,29/05/2025 19:00,South,Home Appliances,7,282.33,31.11
TXN-103572,29/05/2025 20:00,West,Electronics,17,105.15,20.27
TXN-103573,29/05/2025 21:00,North,Electronics,9,78.53,28.84
TXN-103574,29/05/2025 22:00,East,Office Supplies,9,67.94,35.01
TXN-103575,29/05/2025 23:00,North,Industrial Machinery,10,288.28,20.77
TXN-103576,30/05/2025 00:00,West,Electronics,13,15.55,49.75
TXN-103577,30/05/2025 01:00,East,Industrial Machinery,15,23.46,30.37
TXN-103578,30/05/2025 02:00,West,Office Supplies,5,184.76,42.1
TXN-103579,30/05/2025 03:00,North,Industrial Machinery,3,315.89,37.63
TXN-103580,30/05/2025 04:00,East,Home Appliances,8,317.49,43.38
TXN-103581,30/05/2025 05:00,North,Industrial Machinery,10,202.39,12.82
TXN-103582,30/05/2025 06:00,West,Office Supplies,13,315.77,15.01
TXN-103583,30/05/2025 07:00,West,Office Supplies,3,241.92,26.93
TXN-103584,30/05/2025 08:00,North,Office Supplies,8,439.98,43.35
TXN-103585,30/05/2025 09:00,East,Industrial Machinery,9,86.09,13.89
TXN-103586,30/05/2025 10:00,North,Home Appliances,12,276.49,48.7
TXN-103587,30/05/2025 11:00,West,Electronics,11,228.94,10.74
TXN-103588,30/05/2025 12:00,North,Home Appliances,2,100,12.88
TXN-103589,30/05/2025 13:00,West,Industrial Machinery,18,341.37,12.53
TXN-103590,30/05/2025 14:00,North,Industrial Machinery,9,135.21,31.37
TXN-103591,30/05/2025 15:00,East,Electronics,2,181.35,46.29
TXN-103592,30/05/2025 16:00,East,Industrial Machinery,2,178.36,16.48
TXN-103593,30/05/2025 17:00,North,Office Supplies,3,121.61,29.89
TXN-103594,30/05/2025 18:00,North,Office Supplies,16,202.64,12.91
TXN-103595,30/05/2025 19:00,East,Office Supplies,19,221.17,33.4
TXN-103596,30/05/2025 20:00,West,Office Supplies,4,338.86,10.55
TXN-103597,30/05/2025 21:00,East,Office Supplies,18,347.92,27.11
TXN-103598,30/05/2025 22:00,West,Industrial Machinery,18,84.39,34.48
TXN-103599,30/05/2025 23:00,North,Electronics,10,273.06,31.06
TXN-103600,31/05/2025 00:00,North,Electronics,11,404.9,11.3
TXN-103601,31/05/2025 01:00,West,Office Supplies,17,62.77,12.26
TXN-103602,31/05/2025 02:00,North,Industrial Machinery,16,220.98,35.21
TXN-103603,31/05/2025 03:00,West,Home Appliances,13,341.53,41.4
TXN-103604,31/05/2025 04:00,South,Home Appliances,2,281.19,45.86
TXN-103605,31/05/2025 05:00,East,Industrial Machinery,2,59.2,41.61
TXN-103606,31/05/2025 06:00,South,Office Supplies,14,187.83,48.83
TXN-103607,31/05/2025 07:00,West,Electronics,4,235.9,23.37
TXN-103608,31/05/2025 08:00,East,Industrial Machinery,17,448.19,19.9
TXN-103609,31/05/2025 09:00,West,Home Appliances,13,93.11,6.27
TXN-103610,31/05/2025 10:00,East,Home Appliances,4,442.36,25.25
TXN-103611,31/05/2025 11:00,East,Home Appliances,3,178.94,34.31
TXN-103612,31/05/2025 12:00,East,Office Supplies,12,102.54,41.69
TXN-103613,31/05/2025 13:00,East,Home Appliances,8,195.43,17.04
TXN-103614,31/05/2025 14:00,West,Industrial Machinery,2,282.28,28.11
TXN-103615,31/05/2025 15:00,East,Industrial Machinery,6,108.26,34.79
TXN-103616,31/05/2025 16:00,East,Home Appliances,10,142.13,29.82
TXN-103617,31/05/2025 17:00,South,Industrial Machinery,12,386.8,17.33
TXN-103618,31/05/2025 18:00,North,Home Appliances,10,449.57,40.83
TXN-103619,31/05/2025 19:00,North,Home Appliances,10,153.75,12.8
TXN-103620,31/05/2025 20:00,South,Electronics,3,80.18,45.72
TXN-103621,31/05/2025 21:00,South,Office Supplies,10,360.13,47.87
TXN-103622,31/05/2025 22:00,West,Office Supplies,9,276.4,21.45
TXN-103623,31/05/2025 23:00,West,Electronics,19,59.12,21.93
TXN-103624,01/06/2025 00:00,West,Electronics,14,426.87,38.45
TXN-103625,01/06/2025 01:00,South,Office Supplies,2,49.41,25.53
TXN-103626,01/06/2025 02:00,South,Home Appliances,5,287.22,6.29
TXN-103627,01/06/2025 03:00,East,Home Appliances,8,199.7,46.39
TXN-103628,01/06/2025 04:00,West,Office Supplies,7,257.35,24.38
TXN-103629,01/06/2025 05:00,West,Home Appliances,6,108.14,14.16
TXN-103630,01/06/2025 06:00,West,Electronics,11,314.48,30
TXN-103631,01/06/2025 07:00,North,Home Appliances,12,432.5,14.85
TXN-103632,01/06/2025 08:00,East,Home Appliances,18,214.69,14.27
TXN-103633,01/06/2025 09:00,West,Industrial Machinery,19,242.73,29.56
TXN-103634,01/06/2025 10:00,West,Industrial Machinery,10,119.7,22.6
TXN-103635,01/06/2025 11:00,West,Industrial Machinery,14,403.02,30.78
TXN-103636,01/06/2025 12:00,North,Home Appliances,3,437.48,49.86
TXN-103637,01/06/2025 13:00,North,Office Supplies,18,357.15,43.66
TXN-103638,01/06/2025 14:00,South,Electronics,15,251.34,5.35
TXN-103639,01/06/2025 15:00,East,Home Appliances,6,431.23,7.28
TXN-103640,01/06/2025 16:00,South,Office Supplies,10,82.35,32.45
TXN-103641,01/06/2025 17:00,East,Home Appliances,12,223.4,33.18
TXN-103642,01/06/2025 18:00,North,Electronics,7,249.09,44.52
TXN-103643,01/06/2025 19:00,West,Home Appliances,17,229.24,33.31
TXN-103644,01/06/2025 20:00,South,Electronics,1,364.15,15.25
TXN-103645,01/06/2025 21:00,West,Home Appliances,18,306.79,26.08
TXN-103646,01/06/2025 22:00,South,Electronics,15,70.53,41.4
TXN-103647,01/06/2025 23:00,North,Home Appliances,19,166.03,46.53
TXN-103648,02/06/2025 00:00,North,Electronics,1,162.83,15.66
TXN-103649,02/06/2025 01:00,North,Industrial Machinery,5,261.27,29.28
TXN-103650,02/06/2025 02:00,South,Home Appliances,15,142.14,12.15
TXN-103651,02/06/2025 03:00,East,Home Appliances,3,66.45,27.36
TXN-103652,02/06/2025 04:00,South,Office Supplies,1,299.53,9.06
TXN-103653,02/06/2025 05:00,East,Office Supplies,8,385.28,47.38
TXN-103654,02/06/2025 06:00,South,Electronics,12,420.28,33.71
TXN-103655,02/06/2025 07:00,South,Home Appliances,19,438.09,43.44
TXN-103656,02/06/2025 08:00,North,Electronics,12,354.9,49.92
TXN-103657,02/06/2025 09:00,West,Industrial Machinery,13,76.2,13.22
TXN-103658,02/06/2025 10:00,West,Office Supplies,1,386.18,36.24
TXN-103659,02/06/2025 11:00,East,Electronics,19,189.28,44.91
TXN-103660,02/06/2025 12:00,West,Electronics,6,332.65,30.92
TXN-103661,02/06/2025 13:00,South,Office Supplies,8,246.34,33.79
TXN-103662,02/06/2025 14:00,South,Home Appliances,4,375.53,23.35
TXN-103663,02/06/2025 15:00,North,Electronics,5,200.38,35.36
TXN-103664,02/06/2025 16:00,North,Office Supplies,7,42.35,22.8
TXN-103665,02/06/2025 17:00,West,Home Appliances,4,257.44,26.45
TXN-103666,02/06/2025 18:00,East,Industrial Machinery,4,89.93,9.63
TXN-103667,02/06/2025 19:00,West,Office Supplies,15,435.02,5.35
TXN-103668,02/06/2025 20:00,West,Electronics,5,244.47,7.48
TXN-103669,02/06/2025 21:00,West,Industrial Machinery,9,256.02,13.66
TXN-103670,02/06/2025 22:00,West,Home Appliances,2,409.71,25.55
TXN-103671,02/06/2025 23:00,South,Home Appliances,7,286.88,5.94
TXN-103672,03/06/2025 00:00,East,Office Supplies,17,147.04,12.02
TXN-103673,03/06/2025 01:00,South,Office Supplies,16,144.15,40.17
TXN-103674,03/06/2025 02:00,East,Office Supplies,17,233.44,39.3
TXN-103675,03/06/2025 03:00,North,Home Appliances,2,392.04,40.54
TXN-103676,03/06/2025 04:00,West,Industrial Machinery,11,360.81,46.47
TXN-103677,03/06/2025 05:00,South,Home Appliances,2,433.81,10.36
TXN-103678,03/06/2025 06:00,East,Electronics,1,46.73,12.34
TXN-103679,03/06/2025 07:00,North,Home Appliances,2,132.09,20.01
TXN-103680,03/06/2025 08:00,North,Electronics,9,50.35,46.18
TXN-103681,03/06/2025 09:00,West,Industrial Machinery,2,341.84,39.9
TXN-103682,03/06/2025 10:00,East,Office Supplies,15,76.69,19.59
TXN-103683,03/06/2025 11:00,South,Office Supplies,10,58.9,8.94
TXN-103684,03/06/2025 12:00,West,Home Appliances,15,259.55,32.74
TXN-103685,03/06/2025 13:00,South,Office Supplies,10,194.29,16.56
TXN-103686,03/06/2025 14:00,North,Industrial Machinery,17,326.21,28.9
TXN-103687,03/06/2025 15:00,South,Office Supplies,9,227.11,47.38
TXN-103688,03/06/2025 16:00,South,Home Appliances,18,200.31,30.77
TXN-103689,03/06/2025 17:00,West,Industrial Machinery,4,200.38,46.57
TXN-103690,03/06/2025 18:00,South,Electronics,9,394.33,22.69
TXN-103691,03/06/2025 19:00,West,Home Appliances,16,187.23,33.5
TXN-103692,03/06/2025 20:00,North,Electronics,4,160.36,45.23
TXN-103693,03/06/2025 21:00,West,Industrial Machinery,16,162.59,31.46
TXN-103694,03/06/2025 22:00,West,Home Appliances,19,100.92,32.67
TXN-103695,03/06/2025 23:00,East,Home Appliances,1,389.47,37.23
TXN-103696,04/06/2025 00:00,South,Industrial Machinery,6,79.21,44.69
TXN-103697,04/06/2025 01:00,North,Office Supplies,10,410.29,8.97
TXN-103698,04/06/2025 02:00,West,Home Appliances,16,138.67,20.16
TXN-103699,04/06/2025 03:00,North,Home Appliances,4,406.3,22.9
TXN-103700,04/06/2025 04:00,East,Electronics,13,359.11,45.94
TXN-103701,04/06/2025 05:00,South,Office Supplies,16,268.37,48.02
TXN-103702,04/06/2025 06:00,West,Electronics,6,306.38,10.42
TXN-103703,04/06/2025 07:00,South,Electronics,11,157.08,10.36
TXN-103704,04/06/2025 08:00,East,Office Supplies,3,265,47.07
TXN-103705,04/06/2025 09:00,East,Office Supplies,10,142.55,18.31
TXN-103706,04/06/2025 10:00,North,Industrial Machinery,1,190.29,15.88
TXN-103707,04/06/2025 11:00,West,Office Supplies,11,347.75,6.6
TXN-103708,04/06/2025 12:00,North,Home Appliances,12,121.49,17.4
TXN-103709,04/06/2025 13:00,East,Office Supplies,14,379.98,36.21
TXN-103710,04/06/2025 14:00,South,Industrial Machinery,8,178.82,24.17
TXN-103711,04/06/2025 15:00,North,Industrial Machinery,11,246.73,28.26
TXN-103712,04/06/2025 16:00,North,Industrial Machinery,4,424.78,46.28
TXN-103713,04/06/2025 17:00,South,Office Supplies,7,311.51,10.16
TXN-103714,04/06/2025 18:00,North,Office Supplies,10,296.01,8.21
TXN-103715,04/06/2025 19:00,South,Electronics,19,324.69,43.34
TXN-103716,04/06/2025 20:00,West,Electronics,4,414.42,39.87
TXN-103717,04/06/2025 21:00,South,Home Appliances,2,123.48,16.87
TXN-103718,04/06/2025 22:00,West,Electronics,18,281.95,19.59
TXN-103719,04/06/2025 23:00,South,Home Appliances,14,189.47,18.96
TXN-103720,05/06/2025 00:00,East,Industrial Machinery,16,20.65,34.15
TXN-103721,05/06/2025 01:00,East,Electronics,11,69.94,7.75
TXN-103722,05/06/2025 02:00,West,Office Supplies,10,156.71,27.02
TXN-103723,05/06/2025 03:00,West,Electronics,17,260.99,11.02
TXN-103724,05/06/2025 04:00,East,Home Appliances,14,398.5,41.89
TXN-103725,05/06/2025 05:00,West,Electronics,4,359.24,22.13
TXN-103726,05/06/2025 06:00,South,Industrial Machinery,19,255.92,28.74
TXN-103727,05/06/2025 07:00,South,Office Supplies,2,47.6,6.32
TXN-103728,05/06/2025 08:00,East,Home Appliances,7,139.73,7.62
TXN-103729,05/06/2025 09:00,North,Office Supplies,9,174.83,35.38
TXN-103730,05/06/2025 10:00,South,Office Supplies,19,285.64,39.5
TXN-103731,05/06/2025 11:00,West,Home Appliances,16,43.71,36.95
TXN-103732,05/06/2025 12:00,North,Office Supplies,16,245.87,38.17
TXN-103733,05/06/2025 13:00,North,Office Supplies,18,407.19,9.71
TXN-103734,05/06/2025 14:00,South,Electronics,11,322.01,36.21
TXN-103735,05/06/2025 15:00,South,Office Supplies,7,361.83,13.18
TXN-103736,05/06/2025 16:00,North,Office Supplies,9,311.69,9.41
TXN-103737,05/06/2025 17:00,North,Office Supplies,4,105.26,39.07
TXN-103738,05/06/2025 18:00,East,Office Supplies,13,63.51,45.02
TXN-103739,05/06/2025 19:00,West,Home Appliances,4,375.91,37.25
TXN-103740,05/06/2025 20:00,East,Industrial Machinery,19,317.7,41.25
TXN-103741,05/06/2025 21:00,South,Electronics,2,265.36,49.6
TXN-103742,05/06/2025 22:00,East,Office Supplies,9,97.74,11.06
TXN-103743,05/06/2025 23:00,East,Office Supplies,12,277.65,48.43
TXN-103744,06/06/2025 00:00,East,Home Appliances,2,29.11,32.05
TXN-103745,06/06/2025 01:00,East,Industrial Machinery,6,67.14,41.6
TXN-103746,06/06/2025 02:00,West,Office Supplies,5,151.02,34.26
TXN-103747,06/06/2025 03:00,West,Home Appliances,5,208.3,30.65
TXN-103748,06/06/2025 04:00,North,Electronics,5,67.89,36.66
TXN-103749,06/06/2025 05:00,South,Electronics,4,67.61,19.41
TXN-103750,06/06/2025 06:00,East,Office Supplies,9,330.9,46.59
TXN-103751,06/06/2025 07:00,North,Office Supplies,10,263.04,10.19
TXN-103752,06/06/2025 08:00,North,Industrial Machinery,16,247.41,19.31
TXN-103753,06/06/2025 09:00,North,Industrial Machinery,10,212.08,6.4
TXN-103754,06/06/2025 10:00,West,Office Supplies,10,439.81,17.21
TXN-103755,06/06/2025 11:00,East,Home Appliances,19,37.14,14.82
TXN-103756,06/06/2025 12:00,East,Industrial Machinery,10,93.98,7.23
TXN-103757,06/06/2025 13:00,South,Office Supplies,6,296.84,27.13
TXN-103758,06/06/2025 14:00,East,Industrial Machinery,17,74.75,26.09
TXN-103759,06/06/2025 15:00,East,Office Supplies,5,271.59,8.5
TXN-103760,06/06/2025 16:00,North,Electronics,6,262.19,16.78
TXN-103761,06/06/2025 17:00,South,Office Supplies,15,437.4,47.9
TXN-103762,06/06/2025 18:00,East,Electronics,19,399.33,9.98
TXN-103763,06/06/2025 19:00,West,Industrial Machinery,18,426.34,18.73
TXN-103764,06/06/2025 20:00,East,Office Supplies,4,64.86,6.61
TXN-103765,06/06/2025 21:00,North,Industrial Machinery,8,392.71,11.7
TXN-103766,06/06/2025 22:00,West,Electronics,16,71.59,36.47
TXN-103767,06/06/2025 23:00,North,Office Supplies,19,290.51,21.5
TXN-103768,07/06/2025 00:00,East,Industrial Machinery,3,328.37,25.34
TXN-103769,07/06/2025 01:00,West,Electronics,10,85.39,12.06
TXN-103770,07/06/2025 02:00,South,Industrial Machinery,2,290.39,35.7
TXN-103771,07/06/2025 03:00,South,Home Appliances,4,38.29,38.82
TXN-103772,07/06/2025 04:00,West,Electronics,6,142.92,13.15
TXN-103773,07/06/2025 05:00,West,Electronics,11,415.74,7.02
TXN-103774,07/06/2025 06:00,North,Electronics,14,90.12,8.64
TXN-103775,07/06/2025 07:00,West,Office Supplies,16,43.86,34.57
TXN-103776,07/06/2025 08:00,North,Office Supplies,19,208.28,11.1
TXN-103777,07/06/2025 09:00,East,Office Supplies,2,385.09,27.23
TXN-103778,07/06/2025 10:00,North,Home Appliances,17,48.81,11.87
TXN-103779,07/06/2025 11:00,West,Home Appliances,9,169.98,12.66
TXN-103780,07/06/2025 12:00,West,Electronics,17,406.45,5.2
TXN-103781,07/06/2025 13:00,East,Home Appliances,15,66.84,19.44
TXN-103782,07/06/2025 14:00,West,Industrial Machinery,7,150.49,9.04
TXN-103783,07/06/2025 15:00,West,Electronics,19,353.72,22.73
TXN-103784,07/06/2025 16:00,South,Electronics,3,251.53,31.9
TXN-103785,07/06/2025 17:00,South,Industrial Machinery,1,377.15,21.54
TXN-103786,07/06/2025 18:00,East,Electronics,4,63.99,36.73
TXN-103787,07/06/2025 19:00,North,Home Appliances,18,415.48,38.37
TXN-103788,07/06/2025 20:00,South,Office Supplies,8,421.72,36.35
TXN-103789,07/06/2025 21:00,North,Industrial Machinery,19,82.98,47.15
TXN-103790,07/06/2025 22:00,West,Home Appliances,6,30.22,15.68
TXN-103791,07/06/2025 23:00,South,Industrial Machinery,1,445.59,13.53
TXN-103792,08/06/2025 00:00,East,Industrial Machinery,8,225.04,32.44
TXN-103793,08/06/2025 01:00,East,Electronics,1,264.07,31.77
TXN-103794,08/06/2025 02:00,East,Electronics,19,283.11,27.95
TXN-103795,08/06/2025 03:00,South,Home Appliances,11,358.61,5.2
TXN-103796,08/06/2025 04:00,North,Industrial Machinery,15,368.31,29.99
TXN-103797,08/06/2025 05:00,West,Electronics,11,99.76,46.98
TXN-103798,08/06/2025 06:00,North,Electronics,19,118.32,20.06
TXN-103799,08/06/2025 07:00,North,Industrial Machinery,10,396.48,48.54
TXN-103800,08/06/2025 08:00,West,Home Appliances,12,371.58,21.05
TXN-103801,08/06/2025 09:00,West,Home Appliances,1,283.86,11.29
TXN-103802,08/06/2025 10:00,South,Industrial Machinery,7,447.7,22.93
TXN-103803,08/06/2025 11:00,South,Home Appliances,17,334.94,27.26
TXN-103804,08/06/2025 12:00,South,Electronics,10,109.28,33.33
TXN-103805,08/06/2025 13:00,South,Industrial Machinery,6,383.37,27.72
TXN-103806,08/06/2025 14:00,South,Electronics,17,195.7,29.15
TXN-103807,08/06/2025 15:00,West,Office Supplies,18,31.21,6.08
TXN-103808,08/06/2025 16:00,North,Office Supplies,5,155.16,16.41
TXN-103809,08/06/2025 17:00,South,Home Appliances,18,347.26,18.98
TXN-103810,08/06/2025 18:00,South,Office Supplies,17,432.71,49.42
TXN-103811,08/06/2025 19:00,North,Electronics,16,135.48,18.3
TXN-103812,08/06/2025 20:00,South,Office Supplies,8,122.61,45.35
TXN-103813,08/06/2025 21:00,North,Electronics,13,260.39,18.71
TXN-103814,08/06/2025 22:00,North,Home Appliances,16,368.18,9.32
TXN-103815,08/06/2025 23:00,West,Home Appliances,11,339.87,16.14
TXN-103816,09/06/2025 00:00,East,Electronics,6,258.8,17.28
TXN-103817,09/06/2025 01:00,West,Office Supplies,3,289.84,49.02
TXN-103818,09/06/2025 02:00,East,Home Appliances,1,120.69,35.34
TXN-103819,09/06/2025 03:00,East,Industrial Machinery,18,203.45,46.93
TXN-103820,09/06/2025 04:00,East,Home Appliances,5,126.46,42.57
TXN-103821,09/06/2025 05:00,South,Office Supplies,13,399.78,31.04
TXN-103822,09/06/2025 06:00,West,Industrial Machinery,10,64.4,35.39
TXN-103823,09/06/2025 07:00,East,Office Supplies,5,310.85,33.12
TXN-103824,09/06/2025 08:00,North,Electronics,14,128.59,34.98
TXN-103825,09/06/2025 09:00,South,Industrial Machinery,17,222.14,16.91
TXN-103826,09/06/2025 10:00,West,Office Supplies,1,145.59,23.37
TXN-103827,09/06/2025 11:00,East,Industrial Machinery,2,155.95,31.67
TXN-103828,09/06/2025 12:00,North,Office Supplies,7,128.64,6.62
TXN-103829,09/06/2025 13:00,West,Industrial Machinery,10,342.59,26.73
TXN-103830,09/06/2025 14:00,West,Office Supplies,7,174.4,43.69
TXN-103831,09/06/2025 15:00,South,Electronics,16,331.1,27.16
TXN-103832,09/06/2025 16:00,West,Industrial Machinery,5,213.66,29.85
TXN-103833,09/06/2025 17:00,South,Industrial Machinery,12,253.28,14.09
TXN-103834,09/06/2025 18:00,East,Industrial Machinery,17,251.56,40.75
TXN-103835,09/06/2025 19:00,South,Industrial Machinery,16,439.51,21.15
TXN-103836,09/06/2025 20:00,North,Electronics,16,174.99,48.05
TXN-103837,09/06/2025 21:00,South,Industrial Machinery,19,105.74,49.72
TXN-103838,09/06/2025 22:00,North,Home Appliances,15,411.67,46.22
TXN-103839,09/06/2025 23:00,South,Electronics,12,91.47,8.82
TXN-103840,10/06/2025 00:00,West,Home Appliances,10,378.06,19.99
TXN-103841,10/06/2025 01:00,East,Industrial Machinery,2,80.77,47.53
TXN-103842,10/06/2025 02:00,North,Office Supplies,7,301.72,41.2
TXN-103843,10/06/2025 03:00,South,Home Appliances,13,80.91,46
TXN-103844,10/06/2025 04:00,South,Industrial Machinery,3,416.58,30.76
TXN-103845,10/06/2025 05:00,South,Home Appliances,15,261,26.62
TXN-103846,10/06/2025 06:00,West,Industrial Machinery,1,158.57,9.79
TXN-103847,10/06/2025 07:00,West,Industrial Machinery,3,76.47,42.78
TXN-103848,10/06/2025 08:00,North,Industrial Machinery,10,176.78,38.53
TXN-103849,10/06/2025 09:00,North,Office Supplies,15,321.83,7.65
TXN-103850,10/06/2025 10:00,West,Home Appliances,6,182.76,14.42
TXN-103851,10/06/2025 11:00,North,Electronics,15,122.43,30.08
TXN-103852,10/06/2025 12:00,East,Electronics,7,266.38,35.8
TXN-103853,10/06/2025 13:00,East,Electronics,5,197.04,11.2
TXN-103854,10/06/2025 14:00,West,Electronics,4,87.54,16.02
TXN-103855,10/06/2025 15:00,North,Industrial Machinery,18,82.41,13.69
TXN-103856,10/06/2025 16:00,South,Home Appliances,3,322.89,14.9
TXN-103857,10/06/2025 17:00,East,Home Appliances,17,438.99,46.43
TXN-103858,10/06/2025 18:00,West,Office Supplies,18,116.78,37.21
TXN-103859,10/06/2025 19:00,North,Home Appliances,18,351.43,38.17
TXN-103860,10/06/2025 20:00,West,Home Appliances,2,53.57,40.73
TXN-103861,10/06/2025 21:00,South,Home Appliances,13,181.29,21.05
TXN-103862,10/06/2025 22:00,East,Office Supplies,15,235.66,39.52
TXN-103863,10/06/2025 23:00,West,Electronics,5,132.27,49.03
TXN-103864,11/06/2025 00:00,West,Home Appliances,3,245.6,36.43
TXN-103865,11/06/2025 01:00,West,Office Supplies,5,399,23.75
TXN-103866,11/06/2025 02:00,South,Office Supplies,5,425.86,37.24
TXN-103867,11/06/2025 03:00,West,Industrial Machinery,5,59.19,45.54
TXN-103868,11/06/2025 04:00,South,Office Supplies,3,133.62,10.79
TXN-103869,11/06/2025 05:00,South,Electronics,3,440.93,16.94
TXN-103870,11/06/2025 06:00,South,Home Appliances,18,133,46.37
TXN-103871,11/06/2025 07:00,East,Office Supplies,4,316.48,47.58
TXN-103872,11/06/2025 08:00,East,Electronics,1,125.63,26.79
TXN-103873,11/06/2025 09:00,West,Office Supplies,16,170.34,21.85
TXN-103874,11/06/2025 10:00,West,Office Supplies,8,98.61,17.73
TXN-103875,11/06/2025 11:00,East,Office Supplies,17,387.56,27.44
TXN-103876,11/06/2025 12:00,North,Office Supplies,8,399.01,47.05
TXN-103877,11/06/2025 13:00,East,Office Supplies,7,144.51,11.74
TXN-103878,11/06/2025 14:00,South,Electronics,8,373.35,23.89
TXN-103879,11/06/2025 15:00,East,Home Appliances,12,171.16,46.02
TXN-103880,11/06/2025 16:00,South,Home Appliances,16,58.52,20.71
TXN-103881,11/06/2025 17:00,West,Home Appliances,12,344.88,39.56
TXN-103882,11/06/2025 18:00,North,Home Appliances,19,274.66,22.52
TXN-103883,11/06/2025 19:00,West,Electronics,10,134.72,41.22
TXN-103884,11/06/2025 20:00,South,Industrial Machinery,7,125.43,49.15
TXN-103885,11/06/2025 21:00,South,Industrial Machinery,12,439.41,22.45
TXN-103886,11/06/2025 22:00,South,Electronics,5,390.26,43.03
TXN-103887,11/06/2025 23:00,North,Electronics,16,367.36,49.48
TXN-103888,12/06/2025 00:00,East,Office Supplies,9,71.12,49.27
TXN-103889,12/06/2025 01:00,West,Office Supplies,7,343.63,24.52
TXN-103890,12/06/2025 02:00,West,Office Supplies,14,108.72,26.86
TXN-103891,12/06/2025 03:00,East,Home Appliances,11,440.18,18.65
TXN-103892,12/06/2025 04:00,West,Office Supplies,7,38.13,19.13
TXN-103893,12/06/2025 05:00,North,Industrial Machinery,10,168.5,27.16
TXN-103894,12/06/2025 06:00,West,Home Appliances,9,201.75,14.02
TXN-103895,12/06/2025 07:00,South,Office Supplies,4,373.62,37
TXN-103896,12/06/2025 08:00,East,Home Appliances,16,348.42,29.13
TXN-103897,12/06/2025 09:00,North,Industrial Machinery,10,178.43,45.41
TXN-103898,12/06/2025 10:00,East,Office Supplies,19,261.24,41.48
TXN-103899,12/06/2025 11:00,North,Industrial Machinery,17,378.57,19.51
TXN-103900,12/06/2025 12:00,South,Industrial Machinery,9,23.41,27.76
TXN-103901,12/06/2025 13:00,East,Industrial Machinery,13,364.05,38.77
TXN-103902,12/06/2025 14:00,West,Office Supplies,1,426.93,13.69
TXN-103903,12/06/2025 15:00,North,Electronics,2,29.43,6.42
TXN-103904,12/06/2025 16:00,East,Office Supplies,13,35.3,43.35
TXN-103905,12/06/2025 17:00,West,Industrial Machinery,9,165.19,11.19
TXN-103906,12/06/2025 18:00,East,Office Supplies,7,53.64,45.02
TXN-103907,12/06/2025 19:00,East,Industrial Machinery,16,223.75,46.11
TXN-103908,12/06/2025 20:00,East,Electronics,19,332.12,25.73
TXN-103909,12/06/2025 21:00,North,Home Appliances,7,261.82,41.31
TXN-103910,12/06/2025 22:00,West,Electronics,6,100.85,21.34
TXN-103911,12/06/2025 23:00,South,Electronics,18,300.02,43.62
TXN-103912,13/06/2025 00:00,North,Home Appliances,19,313.07,42.11
TXN-103913,13/06/2025 01:00,North,Office Supplies,11,420.65,8.53
TXN-103914,13/06/2025 02:00,North,Home Appliances,12,79.28,31.22
TXN-103915,13/06/2025 03:00,South,Office Supplies,10,316.32,33.8
TXN-103916,13/06/2025 04:00,West,Office Supplies,13,411.52,5.04
TXN-103917,13/06/2025 05:00,West,Industrial Machinery,12,233.43,49.1
TXN-103918,13/06/2025 06:00,West,Industrial Machinery,10,172.7,23.3
TXN-103919,13/06/2025 07:00,East,Home Appliances,18,89.69,28.28
TXN-103920,13/06/2025 08:00,East,Electronics,4,392.12,13.77
TXN-103921,13/06/2025 09:00,East,Home Appliances,5,186.8,32.49
TXN-103922,13/06/2025 10:00,South,Office Supplies,5,417.36,41.48
TXN-103923,13/06/2025 11:00,East,Industrial Machinery,12,383.85,31.37
TXN-103924,13/06/2025 12:00,South,Home Appliances,3,179.15,40.46
TXN-103925,13/06/2025 13:00,West,Home Appliances,8,264.87,37.9
TXN-103926,13/06/2025 14:00,East,Industrial Machinery,2,27.31,15.69
TXN-103927,13/06/2025 15:00,East,Industrial Machinery,18,129.87,24.61
TXN-103928,13/06/2025 16:00,North,Industrial Machinery,9,324.11,11.69
TXN-103929,13/06/2025 17:00,South,Office Supplies,13,310.05,6.89
TXN-103930,13/06/2025 18:00,West,Industrial Machinery,7,169.04,7.84
TXN-103931,13/06/2025 19:00,North,Electronics,10,366.84,47.41
TXN-103932,13/06/2025 20:00,North,Home Appliances,9,117.97,49.3
TXN-103933,13/06/2025 21:00,West,Industrial Machinery,15,215.92,9.27
TXN-103934,13/06/2025 22:00,North,Industrial Machinery,5,220.81,20.08
TXN-103935,13/06/2025 23:00,South,Office Supplies,12,163.58,10.15
TXN-103936,14/06/2025 00:00,South,Office Supplies,1,430.3,42.54
TXN-103937,14/06/2025 01:00,East,Home Appliances,12,318.21,27.33
TXN-103938,14/06/2025 02:00,North,Electronics,6,249.78,32.96
TXN-103939,14/06/2025 03:00,East,Home Appliances,19,237.32,29.3
TXN-103940,14/06/2025 04:00,North,Industrial Machinery,19,84.71,36.96
TXN-103941,14/06/2025 05:00,South,Electronics,16,177.22,19.36
TXN-103942,14/06/2025 06:00,South,Electronics,19,307.82,11.19
TXN-103943,14/06/2025 07:00,South,Electronics,3,417.23,5.79
TXN-103944,14/06/2025 08:00,North,Electronics,10,370.25,25.06
TXN-103945,14/06/2025 09:00,South,Home Appliances,18,146.02,45.85
TXN-103946,14/06/2025 10:00,North,Office Supplies,13,204.05,18.74
TXN-103947,14/06/2025 11:00,East,Office Supplies,18,51.53,13.82
TXN-103948,14/06/2025 12:00,North,Industrial Machinery,3,59.89,46.67
TXN-103949,14/06/2025 13:00,East,Office Supplies,3,219.82,9.75
TXN-103950,14/06/2025 14:00,North,Office Supplies,12,245.88,7.33
TXN-103951,14/06/2025 15:00,East,Office Supplies,7,130.22,44.57
TXN-103952,14/06/2025 16:00,South,Office Supplies,8,294.79,36.54
TXN-103953,14/06/2025 17:00,East,Industrial Machinery,9,321.12,23.99
TXN-103954,14/06/2025 18:00,South,Home Appliances,14,145.47,38.86
TXN-103955,14/06/2025 19:00,South,Electronics,5,345.04,38.36
TXN-103956,14/06/2025 20:00,East,Office Supplies,19,104.84,6.8
TXN-103957,14/06/2025 21:00,North,Home Appliances,16,251.98,35.43
TXN-103958,14/06/2025 22:00,North,Office Supplies,12,364.96,33.84
TXN-103959,14/06/2025 23:00,West,Office Supplies,4,248.83,48.37
TXN-103960,15/06/2025 00:00,North,Electronics,8,410.01,48.5
TXN-103961,15/06/2025 01:00,West,Electronics,7,40.92,22
TXN-103962,15/06/2025 02:00,North,Electronics,15,271.12,31.54
TXN-103963,15/06/2025 03:00,North,Office Supplies,6,259.58,11.36
TXN-103964,15/06/2025 04:00,South,Office Supplies,5,302.42,7.99
TXN-103965,15/06/2025 05:00,West,Office Supplies,14,377.62,24.48
TXN-103966,15/06/2025 06:00,North,Electronics,13,330.88,36.04
TXN-103967,15/06/2025 07:00,West,Industrial Machinery,10,358.88,30.55
TXN-103968,15/06/2025 08:00,South,Home Appliances,18,140.99,24.33
TXN-103969,15/06/2025 09:00,South,Industrial Machinery,4,183.87,41.82
TXN-103970,15/06/2025 10:00,West,Office Supplies,8,287.83,40.75
TXN-103971,15/06/2025 11:00,South,Office Supplies,11,255.98,37.94
TXN-103972,15/06/2025 12:00,East,Industrial Machinery,17,433.1,8.47
TXN-103973,15/06/2025 13:00,East,Office Supplies,18,96.68,40.84
TXN-103974,15/06/2025 14:00,South,Home Appliances,11,168.13,46.37
TXN-103975,15/06/2025 15:00,East,Office Supplies,16,264.36,7.67
TXN-103976,15/06/2025 16:00,North,Home Appliances,12,392.63,23.08
TXN-103977,15/06/2025 17:00,West,Industrial Machinery,13,419.3,49.48
TXN-103978,15/06/2025 18:00,North,Industrial Machinery,16,161.51,31.97
TXN-103979,15/06/2025 19:00,West,Office Supplies,1,44.66,28.11
TXN-103980,15/06/2025 20:00,South,Home Appliances,16,198.69,12.99
TXN-103981,15/06/2025 21:00,North,Office Supplies,15,186.84,30.45
TXN-103982,15/06/2025 22:00,South,Electronics,6,444.13,24.76
TXN-103983,15/06/2025 23:00,South,Electronics,12,202.8,10.73
TXN-103984,16/06/2025 00:00,West,Electronics,8,148.34,25.89
TXN-103985,16/06/2025 01:00,West,Electronics,7,174.26,12.4
TXN-103986,16/06/2025 02:00,West,Office Supplies,2,187.96,37.88
TXN-103987,16/06/2025 03:00,North,Electronics,12,372.46,48.81
TXN-103988,16/06/2025 04:00,East,Home Appliances,14,50.7,26.13
TXN-103989,16/06/2025 05:00,West,Industrial Machinery,16,153.02,33.46
TXN-103990,16/06/2025 06:00,West,Industrial Machinery,11,435.37,24.39
TXN-103991,16/06/2025 07:00,North,Electronics,9,82.02,11.23
TXN-103992,16/06/2025 08:00,West,Electronics,10,338.16,48.67
TXN-103993,16/06/2025 09:00,North,Electronics,17,170.35,10.83
TXN-103994,16/06/2025 10:00,South,Office Supplies,12,268.29,10.02
TXN-103995,16/06/2025 11:00,West,Industrial Machinery,6,58.75,25.66
TXN-103996,16/06/2025 12:00,West,Electronics,19,148.64,34.65
TXN-103997,16/06/2025 13:00,South,Home Appliances,11,233.13,20.97
TXN-103998,16/06/2025 14:00,South,Electronics,9,116.17,13.66
TXN-103999,16/06/2025 15:00,South,Industrial Machinery,6,250.94,41.85
TXN-104000,16/06/2025 16:00,West,Electronics,16,110.99,21.34
TXN-104001,16/06/2025 17:00,East,Industrial Machinery,16,297.97,13.74
TXN-104002,16/06/2025 18:00,East,Electronics,6,408.44,21.43
TXN-104003,16/06/2025 19:00,East,Home Appliances,5,52.64,14.65
TXN-104004,16/06/2025 20:00,West,Electronics,4,109.62,28.38
TXN-104005,16/06/2025 21:00,South,Home Appliances,2,382.4,35.07
TXN-104006,16/06/2025 22:00,West,Home Appliances,6,289.91,40.98
TXN-104007,16/06/2025 23:00,South,Electronics,9,49.7,15.24
TXN-104008,17/06/2025 00:00,West,Home Appliances,17,226.82,12.51
TXN-104009,17/06/2025 01:00,West,Office Supplies,14,106.64,5.88
TXN-104010,17/06/2025 02:00,South,Electronics,7,102.01,15.26
TXN-104011,17/06/2025 03:00,East,Electronics,19,424.21,6.08
TXN-104012,17/06/2025 04:00,South,Home Appliances,1,346.39,20.55
TXN-104013,17/06/2025 05:00,North,Home Appliances,15,318.01,11.56
TXN-104014,17/06/2025 06:00,North,Electronics,18,119.31,31.1
TXN-104015,17/06/2025 07:00,South,Office Supplies,3,67.02,22.27
TXN-104016,17/06/2025 08:00,West,Home Appliances,18,393.88,9.21
TXN-104017,17/06/2025 09:00,North,Home Appliances,2,18.05,22.99
TXN-104018,17/06/2025 10:00,North,Industrial Machinery,10,184.13,14.42
TXN-104019,17/06/2025 11:00,West,Office Supplies,11,136.12,35.61
TXN-104020,17/06/2025 12:00,West,Office Supplies,3,263.33,21.4
TXN-104021,17/06/2025 13:00,East,Electronics,7,124.35,11.62
TXN-104022,17/06/2025 14:00,West,Office Supplies,8,150.72,20.73
TXN-104023,17/06/2025 15:00,South,Electronics,19,384.84,15.1
TXN-104024,17/06/2025 16:00,South,Industrial Machinery,18,277.59,40.81
TXN-104025,17/06/2025 17:00,East,Office Supplies,13,78.8,49.25
TXN-104026,17/06/2025 18:00,North,Home Appliances,13,331.15,6.15
TXN-104027,17/06/2025 19:00,North,Industrial Machinery,19,105.64,36.05
TXN-104028,17/06/2025 20:00,West,Electronics,12,203.64,16.88
TXN-104029,17/06/2025 21:00,South,Industrial Machinery,17,296.45,7.99
TXN-104030,17/06/2025 22:00,North,Electronics,12,133.65,5.65
TXN-104031,17/06/2025 23:00,East,Industrial Machinery,13,182.39,44.65
TXN-104032,18/06/2025 00:00,East,Electronics,12,334.49,20.91
TXN-104033,18/06/2025 01:00,South,Office Supplies,19,423.02,49.75
TXN-104034,18/06/2025 02:00,East,Home Appliances,14,245.46,24.91
TXN-104035,18/06/2025 03:00,East,Electronics,7,19.83,13.44
TXN-104036,18/06/2025 04:00,South,Industrial Machinery,13,162.56,39.97
TXN-104037,18/06/2025 05:00,West,Electronics,6,188.71,46.69
TXN-104038,18/06/2025 06:00,West,Electronics,19,162.87,41.7
TXN-104039,18/06/2025 07:00,East,Electronics,19,205.06,38.53
TXN-104040,18/06/2025 08:00,West,Industrial Machinery,4,290.39,20.06
TXN-104041,18/06/2025 09:00,West,Home Appliances,19,68.13,7.9
TXN-104042,18/06/2025 10:00,East,Office Supplies,9,133.96,14.06
TXN-104043,18/06/2025 11:00,West,Home Appliances,16,236.07,25.11
TXN-104044,18/06/2025 12:00,East,Electronics,4,152.62,48.03
TXN-104045,18/06/2025 13:00,North,Industrial Machinery,6,446.13,37.53
TXN-104046,18/06/2025 14:00,South,Home Appliances,8,202.96,42.27
TXN-104047,18/06/2025 15:00,South,Electronics,16,393.43,17.48
TXN-104048,18/06/2025 16:00,West,Office Supplies,5,405.03,35.77
TXN-104049,18/06/2025 17:00,West,Office Supplies,10,378.75,43.81
TXN-104050,18/06/2025 18:00,West,Office Supplies,13,35.88,26.57
TXN-104051,18/06/2025 19:00,South,Electronics,14,427.3,24.35
TXN-104052,18/06/2025 20:00,North,Industrial Machinery,7,71.44,37.37
TXN-104053,18/06/2025 21:00,North,Home Appliances,6,30.45,30.2
TXN-104054,18/06/2025 22:00,South,Office Supplies,7,195.54,49.69
TXN-104055,18/06/2025 23:00,North,Electronics,5,100.07,24.13
TXN-104056,19/06/2025 00:00,South,Electronics,18,95.53,12.92
TXN-104057,19/06/2025 01:00,North,Home Appliances,12,140.56,26.24
TXN-104058,19/06/2025 02:00,East,Office Supplies,6,123.43,15.58
TXN-104059,19/06/2025 03:00,East,Electronics,1,313.04,30.26
TXN-104060,19/06/2025 04:00,South,Home Appliances,4,96.65,10.66
TXN-104061,19/06/2025 05:00,North,Industrial Machinery,19,251.48,47.75
TXN-104062,19/06/2025 06:00,West,Industrial Machinery,12,444.1,43.69
TXN-104063,19/06/2025 07:00,North,Industrial Machinery,15,203.37,12
TXN-104064,19/06/2025 08:00,East,Office Supplies,3,294.39,12.76
TXN-104065,19/06/2025 09:00,East,Home Appliances,8,436.69,28.06
TXN-104066,19/06/2025 10:00,North,Home Appliances,11,75.3,39.78
TXN-104067,19/06/2025 11:00,North,Electronics,16,197.38,14.86
TXN-104068,19/06/2025 12:00,West,Electronics,9,384.91,7.74
TXN-104069,19/06/2025 13:00,West,Electronics,3,420.59,29.55
TXN-104070,19/06/2025 14:00,North,Home Appliances,5,276.74,36.12
TXN-104071,19/06/2025 15:00,North,Electronics,14,77.82,16
TXN-104072,19/06/2025 16:00,North,Home Appliances,15,407.19,38.29
TXN-104073,19/06/2025 17:00,North,Home Appliances,6,91.3,47.78
TXN-104074,19/06/2025 18:00,South,Industrial Machinery,4,168.83,11.17
TXN-104075,19/06/2025 19:00,North,Electronics,8,178.66,28
TXN-104076,19/06/2025 20:00,West,Industrial Machinery,19,209.85,7.56
TXN-104077,19/06/2025 21:00,East,Office Supplies,5,358.83,14.3
TXN-104078,19/06/2025 22:00,South,Office Supplies,13,364.03,9.04
TXN-104079,19/06/2025 23:00,North,Office Supplies,16,328.19,23.18
TXN-104080,20/06/2025 00:00,East,Home Appliances,1,25.11,41.94
TXN-104081,20/06/2025 01:00,South,Home Appliances,13,260.93,30.97
TXN-104082,20/06/2025 02:00,East,Home Appliances,11,340.29,15.02
TXN-104083,20/06/2025 03:00,North,Electronics,8,208.69,6.8
TXN-104084,20/06/2025 04:00,North,Industrial Machinery,8,426.07,29.9
TXN-104085,20/06/2025 05:00,West,Home Appliances,14,373.45,10.98
TXN-104086,20/06/2025 06:00,North,Industrial Machinery,13,292.78,20.42
TXN-104087,20/06/2025 07:00,North,Industrial Machinery,3,42.62,27.96
TXN-104088,20/06/2025 08:00,South,Industrial Machinery,4,298.94,45.67
TXN-104089,20/06/2025 09:00,West,Electronics,15,411.58,8.68
TXN-104090,20/06/2025 10:00,South,Electronics,15,180.37,35.09
TXN-104091,20/06/2025 11:00,East,Office Supplies,13,379.67,5.63
TXN-104092,20/06/2025 12:00,North,Office Supplies,9,151.57,33.35
TXN-104093,20/06/2025 13:00,East,Industrial Machinery,10,263.21,29.82
TXN-104094,20/06/2025 14:00,South,Office Supplies,12,297.24,41.53
TXN-104095,20/06/2025 15:00,North,Industrial Machinery,14,310.09,28.92
TXN-104096,20/06/2025 16:00,North,Electronics,1,398.97,20.87
TXN-104097,20/06/2025 17:00,South,Electronics,14,117.44,15.92
TXN-104098,20/06/2025 18:00,South,Electronics,14,129.5,8.84
TXN-104099,20/06/2025 19:00,South,Home Appliances,8,321.41,29.06
TXN-104100,20/06/2025 20:00,South,Industrial Machinery,16,92.49,44.97
TXN-104101,20/06/2025 21:00,South,Electronics,14,217.23,28.16
TXN-104102,20/06/2025 22:00,North,Industrial Machinery,1,24.2,38.26
TXN-104103,20/06/2025 23:00,South,Office Supplies,16,76.76,18.43
TXN-104104,21/06/2025 00:00,North,Office Supplies,18,310.46,25.17
TXN-104105,21/06/2025 01:00,North,Electronics,7,340.27,19.61
TXN-104106,21/06/2025 02:00,South,Industrial Machinery,15,65.61,9.92
TXN-104107,21/06/2025 03:00,South,Electronics,17,114.44,23.76
TXN-104108,21/06/2025 04:00,West,Office Supplies,19,58.47,39.39
TXN-104109,21/06/2025 05:00,North,Electronics,13,203.82,22.77
TXN-104110,21/06/2025 06:00,South,Industrial Machinery,9,70.3,34.26
TXN-104111,21/06/2025 07:00,South,Office Supplies,15,205.51,39.14
TXN-104112,21/06/2025 08:00,South,Home Appliances,3,333.6,19.52
TXN-104113,21/06/2025 09:00,West,Office Supplies,1,312.43,40.89
TXN-104114,21/06/2025 10:00,West,Home Appliances,16,137.36,20.25
TXN-104115,21/06/2025 11:00,East,Electronics,8,308.25,16.52
TXN-104116,21/06/2025 12:00,North,Electronics,13,418.59,15.01
TXN-104117,21/06/2025 13:00,East,Industrial Machinery,8,166.5,14
TXN-104118,21/06/2025 14:00,South,Home Appliances,17,158.5,38.17
TXN-104119,21/06/2025 15:00,West,Electronics,14,263.79,44.94
TXN-104120,21/06/2025 16:00,West,Home Appliances,7,122.17,15.38
TXN-104121,21/06/2025 17:00,East,Electronics,15,298.61,8.84
TXN-104122,21/06/2025 18:00,West,Office Supplies,16,377.12,19.12
TXN-104123,21/06/2025 19:00,South,Electronics,19,215.07,34.6
TXN-104124,21/06/2025 20:00,West,Industrial Machinery,6,310.75,21.58
TXN-104125,21/06/2025 21:00,East,Office Supplies,1,298.74,29.71
TXN-104126,21/06/2025 22:00,South,Industrial Machinery,12,32.3,38.49
TXN-104127,21/06/2025 23:00,East,Office Supplies,18,95.19,23.38
TXN-104128,22/06/2025 00:00,West,Home Appliances,16,403.74,49.99
TXN-104129,22/06/2025 01:00,East,Industrial Machinery,12,423.45,18.41
TXN-104130,22/06/2025 02:00,East,Electronics,13,354.6,49.02
TXN-104131,22/06/2025 03:00,North,Home Appliances,8,415.78,14.14
TXN-104132,22/06/2025 04:00,West,Electronics,1,148.52,9.99
TXN-104133,22/06/2025 05:00,West,Office Supplies,7,123.13,38.79
TXN-104134,22/06/2025 06:00,East,Office Supplies,15,182.48,36.6
TXN-104135,22/06/2025 07:00,North,Electronics,13,39.55,41.5
TXN-104136,22/06/2025 08:00,West,Electronics,13,367.39,20.46
TXN-104137,22/06/2025 09:00,South,Home Appliances,9,443.12,46.89
TXN-104138,22/06/2025 10:00,East,Electronics,15,373.54,10.38
TXN-104139,22/06/2025 11:00,West,Industrial Machinery,4,256.64,6.36
TXN-104140,22/06/2025 12:00,South,Industrial Machinery,13,143.8,18.53
TXN-104141,22/06/2025 13:00,West,Electronics,12,101.4,40.88
TXN-104142,22/06/2025 14:00,South,Industrial Machinery,5,173.69,35.28
TXN-104143,22/06/2025 15:00,East,Electronics,7,305.3,24.63
TXN-104144,22/06/2025 16:00,West,Home Appliances,8,209.75,16.53
TXN-104145,22/06/2025 17:00,West,Industrial Machinery,5,421.35,7.67
TXN-104146,22/06/2025 18:00,North,Industrial Machinery,9,386.66,20.19
TXN-104147,22/06/2025 19:00,East,Electronics,14,59.99,25.7
TXN-104148,22/06/2025 20:00,South,Industrial Machinery,12,72.65,35.92
TXN-104149,22/06/2025 21:00,West,Office Supplies,4,309.33,34.07
TXN-104150,22/06/2025 22:00,West,Home Appliances,8,115.77,47.63
TXN-104151,22/06/2025 23:00,South,Home Appliances,17,359.2,9.52
TXN-104152,23/06/2025 00:00,East,Industrial Machinery,8,272.45,20.14
TXN-104153,23/06/2025 01:00,North,Industrial Machinery,1,115.36,26.67
TXN-104154,23/06/2025 02:00,North,Office Supplies,2,223.49,35.18
TXN-104155,23/06/2025 03:00,West,Office Supplies,4,191.94,27.3
TXN-104156,23/06/2025 04:00,South,Industrial Machinery,1,394.89,46.07
TXN-104157,23/06/2025 05:00,West,Industrial Machinery,7,29.47,32.39
TXN-104158,23/06/2025 06:00,South,Office Supplies,1,404.74,6.78
TXN-104159,23/06/2025 07:00,North,Electronics,9,298.83,10.11
TXN-104160,23/06/2025 08:00,East,Office Supplies,3,335.96,38.91
TXN-104161,23/06/2025 09:00,South,Electronics,12,16.63,37.21
TXN-104162,23/06/2025 10:00,North,Home Appliances,19,288.47,11.91
TXN-104163,23/06/2025 11:00,West,Home Appliances,15,271.2,7.65
TXN-104164,23/06/2025 12:00,South,Office Supplies,16,248.92,31.04
TXN-104165,23/06/2025 13:00,East,Electronics,10,356.96,33.61
TXN-104166,23/06/2025 14:00,West,Office Supplies,6,257.03,11.09
TXN-104167,23/06/2025 15:00,West,Office Supplies,17,387.91,26.31
TXN-104168,23/06/2025 16:00,North,Electronics,17,116.58,18.76
TXN-104169,23/06/2025 17:00,South,Office Supplies,19,365.7,46.91
TXN-104170,23/06/2025 18:00,West,Home Appliances,18,93.41,14.86
TXN-104171,23/06/2025 19:00,East,Industrial Machinery,11,368.8,38
TXN-104172,23/06/2025 20:00,South,Industrial Machinery,7,424.13,28.32
TXN-104173,23/06/2025 21:00,East,Office Supplies,10,161.36,5.52
TXN-104174,23/06/2025 22:00,West,Electronics,7,245.74,28.26
TXN-104175,23/06/2025 23:00,East,Electronics,5,301.54,9.48
TXN-104176,24/06/2025 00:00,North,Home Appliances,12,50.03,34.66
TXN-104177,24/06/2025 01:00,East,Electronics,16,230.18,30.45
TXN-104178,24/06/2025 02:00,South,Electronics,18,172.17,5.47
TXN-104179,24/06/2025 03:00,East,Home Appliances,3,394.58,14.21
TXN-104180,24/06/2025 04:00,East,Office Supplies,15,396.42,39.93
TXN-104181,24/06/2025 05:00,North,Industrial Machinery,5,319.99,17.41
TXN-104182,24/06/2025 06:00,East,Home Appliances,13,300.41,27.47
TXN-104183,24/06/2025 07:00,East,Office Supplies,19,334.29,19.04
TXN-104184,24/06/2025 08:00,West,Home Appliances,12,174.52,46.47
TXN-104185,24/06/2025 09:00,West,Office Supplies,5,191.26,29.15
TXN-104186,24/06/2025 10:00,South,Home Appliances,6,256.08,36.33
TXN-104187,24/06/2025 11:00,West,Office Supplies,7,423.07,8.76
TXN-104188,24/06/2025 12:00,West,Home Appliances,10,330.08,6.82
TXN-104189,24/06/2025 13:00,West,Office Supplies,16,254.9,16.67
TXN-104190,24/06/2025 14:00,West,Home Appliances,8,350.24,18.91
TXN-104191,24/06/2025 15:00,North,Industrial Machinery,9,176.65,35.95
TXN-104192,24/06/2025 16:00,West,Industrial Machinery,4,332.89,30.61
TXN-104193,24/06/2025 17:00,North,Electronics,8,193.94,21.86
TXN-104194,24/06/2025 18:00,North,Office Supplies,7,137.01,34.44
TXN-104195,24/06/2025 19:00,West,Home Appliances,15,280.43,12.36
TXN-104196,24/06/2025 20:00,East,Office Supplies,3,313.95,7.86
TXN-104197,24/06/2025 21:00,North,Industrial Machinery,17,215.06,43.45
TXN-104198,24/06/2025 22:00,East,Office Supplies,11,261.21,30.38
TXN-104199,24/06/2025 23:00,East,Home Appliances,9,317.07,34.21
TXN-104200,25/06/2025 00:00,West,Office Supplies,5,349.07,18.83
TXN-104201,25/06/2025 01:00,South,Home Appliances,10,404.63,21.74
TXN-104202,25/06/2025 02:00,West,Industrial Machinery,15,169.55,8.71
TXN-104203,25/06/2025 03:00,South,Industrial Machinery,14,428.92,43.56
TXN-104204,25/06/2025 04:00,South,Industrial Machinery,4,292.4,31.66
TXN-104205,25/06/2025 05:00,West,Electronics,2,357.76,8.76
TXN-104206,25/06/2025 06:00,West,Industrial Machinery,12,319.55,41.2
TXN-104207,25/06/2025 07:00,South,Office Supplies,1,104.82,24.99
TXN-104208,25/06/2025 08:00,West,Electronics,5,46.54,39.43
TXN-104209,25/06/2025 09:00,South,Industrial Machinery,6,331.07,5.57
TXN-104210,25/06/2025 10:00,East,Office Supplies,11,237.55,6.29
TXN-104211,25/06/2025 11:00,West,Office Supplies,8,320.61,12.69
TXN-104212,25/06/2025 12:00,East,Office Supplies,7,222.69,14.49
TXN-104213,25/06/2025 13:00,North,Home Appliances,4,151.17,39.38
TXN-104214,25/06/2025 14:00,East,Electronics,6,139.34,36.8
TXN-104215,25/06/2025 15:00,East,Office Supplies,16,332.92,32.72
TXN-104216,25/06/2025 16:00,South,Home Appliances,15,135.76,44.82
TXN-104217,25/06/2025 17:00,East,Industrial Machinery,14,326.03,16.12
TXN-104218,25/06/2025 18:00,West,Office Supplies,12,182.33,45.7
TXN-104219,25/06/2025 19:00,South,Home Appliances,12,350.46,45.93
TXN-104220,25/06/2025 20:00,North,Office Supplies,16,77.55,24.54
TXN-104221,25/06/2025 21:00,West,Electronics,15,104.56,9.25
TXN-104222,25/06/2025 22:00,North,Electronics,13,313.53,37.7
TXN-104223,25/06/2025 23:00,East,Industrial Machinery,11,258.92,20.16
TXN-104224,26/06/2025 00:00,West,Office Supplies,17,104.09,40.77
TXN-104225,26/06/2025 01:00,West,Home Appliances,15,407.78,12.37
TXN-104226,26/06/2025 02:00,North,Industrial Machinery,14,135.4,29.28
TXN-104227,26/06/2025 03:00,West,Office Supplies,10,198.46,27.86
TXN-104228,26/06/2025 04:00,West,Industrial Machinery,12,103.39,9.51
TXN-104229,26/06/2025 05:00,West,Home Appliances,16,184.1,21.35
TXN-104230,26/06/2025 06:00,East,Industrial Machinery,15,229.12,8.81
TXN-104231,26/06/2025 07:00,North,Industrial Machinery,10,143.78,25.91
TXN-104232,26/06/2025 08:00,West,Industrial Machinery,4,349.67,42.93
TXN-104233,26/06/2025 09:00,South,Office Supplies,9,186.66,17.16
TXN-104234,26/06/2025 10:00,South,Home Appliances,9,332.47,39.42
TXN-104235,26/06/2025 11:00,South,Electronics,11,105.47,13.25
TXN-104236,26/06/2025 12:00,South,Office Supplies,11,179.32,35.32
TXN-104237,26/06/2025 13:00,East,Electronics,7,19,46.2
TXN-104238,26/06/2025 14:00,West,Electronics,10,345.13,19.58
TXN-104239,26/06/2025 15:00,North,Office Supplies,4,287.45,45.52
TXN-104240,26/06/2025 16:00,West,Office Supplies,5,370.84,27.74
TXN-104241,26/06/2025 17:00,East,Home Appliances,5,213.46,19.26
TXN-104242,26/06/2025 18:00,South,Home Appliances,11,362.99,45.34
TXN-104243,26/06/2025 19:00,East,Industrial Machinery,9,296.87,6.44
TXN-104244,26/06/2025 20:00,West,Electronics,16,17.07,6.26
TXN-104245,26/06/2025 21:00,North,Home Appliances,9,125.73,31.99
TXN-104246,26/06/2025 22:00,East,Industrial Machinery,4,230.1,40.85
TXN-104247,26/06/2025 23:00,North,Home Appliances,2,284.32,38.82
TXN-104248,27/06/2025 00:00,East,Office Supplies,14,44,8.58
TXN-104249,27/06/2025 01:00,North,Home Appliances,3,321.86,47.76
TXN-104250,27/06/2025 02:00,North,Electronics,18,251.67,36.64
TXN-104251,27/06/2025 03:00,South,Home Appliances,6,243.95,47.71
TXN-104252,27/06/2025 04:00,North,Electronics,11,142.39,19.81
TXN-104253,27/06/2025 05:00,South,Office Supplies,18,273.95,36.23
TXN-104254,27/06/2025 06:00,West,Electronics,12,27.45,43.7
TXN-104255,27/06/2025 07:00,West,Home Appliances,5,43.61,22.12
TXN-104256,27/06/2025 08:00,South,Industrial Machinery,9,334.37,48.42
TXN-104257,27/06/2025 09:00,South,Office Supplies,18,155.36,16.92
TXN-104258,27/06/2025 10:00,East,Home Appliances,19,166.26,19.2
TXN-104259,27/06/2025 11:00,East,Office Supplies,3,106.04,46.41
TXN-104260,27/06/2025 12:00,East,Office Supplies,9,209.12,48.63
TXN-104261,27/06/2025 13:00,West,Home Appliances,4,38.09,17.83
TXN-104262,27/06/2025 14:00,East,Home Appliances,17,146.01,11.14
TXN-104263,27/06/2025 15:00,North,Industrial Machinery,17,244.54,39.16
TXN-104264,27/06/2025 16:00,North,Office Supplies,2,217.82,46.83
TXN-104265,27/06/2025 17:00,East,Office Supplies,9,449.86,32.03
TXN-104266,27/06/2025 18:00,North,Home Appliances,9,184.42,33.55
TXN-104267,27/06/2025 19:00,West,Electronics,5,183.65,39.33
TXN-104268,27/06/2025 20:00,North,Home Appliances,15,234.31,11.89
TXN-104269,27/06/2025 21:00,West,Office Supplies,15,98.19,48.81
TXN-104270,27/06/2025 22:00,South,Home Appliances,3,396.25,21.39
TXN-104271,27/06/2025 23:00,South,Industrial Machinery,19,264.15,33.27
TXN-104272,28/06/2025 00:00,South,Electronics,3,98.97,26.09
TXN-104273,28/06/2025 01:00,South,Home Appliances,6,360.25,26.07
TXN-104274,28/06/2025 02:00,North,Industrial Machinery,4,30.42,36.62
TXN-104275,28/06/2025 03:00,East,Office Supplies,13,442.42,49.76
TXN-104276,28/06/2025 04:00,North,Home Appliances,13,391.41,34.66
TXN-104277,28/06/2025 05:00,West,Office Supplies,11,267.35,40.73
TXN-104278,28/06/2025 06:00,North,Industrial Machinery,5,63.86,6.24
TXN-104279,28/06/2025 07:00,North,Office Supplies,1,109.04,41.47
TXN-104280,28/06/2025 08:00,West,Industrial Machinery,9,136.91,18.5
TXN-104281,28/06/2025 09:00,South,Industrial Machinery,17,120.23,10.7
TXN-104282,28/06/2025 10:00,South,Industrial Machinery,1,231.67,10.1
TXN-104283,28/06/2025 11:00,South,Home Appliances,3,425.91,35.59
TXN-104284,28/06/2025 12:00,East,Office Supplies,15,208.49,49.89
TXN-104285,28/06/2025 13:00,West,Office Supplies,10,302.95,34.98
TXN-104286,28/06/2025 14:00,West,Electronics,8,314.69,16.81
TXN-104287,28/06/2025 15:00,North,Electronics,12,394.2,14.15
TXN-104288,28/06/2025 16:00,East,Electronics,15,30.2,28.67
TXN-104289,28/06/2025 17:00,South,Electronics,9,191.18,7.93
TXN-104290,28/06/2025 18:00,East,Office Supplies,10,356.47,22.97
TXN-104291,28/06/2025 19:00,West,Industrial Machinery,9,369.56,34.98
TXN-104292,28/06/2025 20:00,West,Industrial Machinery,15,418.43,48.54
TXN-104293,28/06/2025 21:00,North,Home Appliances,1,320.86,24.15
TXN-104294,28/06/2025 22:00,North,Industrial Machinery,2,122.02,14.01
TXN-104295,28/06/2025 23:00,West,Office Supplies,19,235.21,41.78
TXN-104296,29/06/2025 00:00,South,Office Supplies,14,29.55,38.49
TXN-104297,29/06/2025 01:00,South,Office Supplies,8,296.59,43.69
TXN-104298,29/06/2025 02:00,East,Home Appliances,6,256.34,14.66
TXN-104299,29/06/2025 03:00,West,Electronics,12,305.24,23.22
TXN-104300,29/06/2025 04:00,West,Industrial Machinery,15,419.65,49.17
TXN-104301,29/06/2025 05:00,South,Office Supplies,14,314.12,12.11
TXN-104302,29/06/2025 06:00,South,Office Supplies,1,154.74,35.22
TXN-104303,29/06/2025 07:00,West,Electronics,11,101.85,15.67
TXN-104304,29/06/2025 08:00,North,Office Supplies,3,386.84,27.51
TXN-104305,29/06/2025 09:00,West,Industrial Machinery,19,99.94,41.02
TXN-104306,29/06/2025 10:00,West,Home Appliances,18,85.72,26.99
TXN-104307,29/06/2025 11:00,South,Office Supplies,2,105.27,41.25
TXN-104308,29/06/2025 12:00,South,Industrial Machinery,7,236.59,24.19
TXN-104309,29/06/2025 13:00,North,Office Supplies,8,69.46,49.97
TXN-104310,29/06/2025 14:00,North,Electronics,19,423.11,24.61
TXN-104311,29/06/2025 15:00,East,Office Supplies,15,435.34,11.72
TXN-104312,29/06/2025 16:00,West,Office Supplies,10,438.62,23.08
TXN-104313,29/06/2025 17:00,South,Home Appliances,1,32.5,38.42
TXN-104314,29/06/2025 18:00,North,Electronics,6,426.62,43.16
TXN-104315,29/06/2025 19:00,East,Electronics,13,448.88,25.7
TXN-104316,29/06/2025 20:00,East,Home Appliances,14,424.99,31.75
TXN-104317,29/06/2025 21:00,South,Office Supplies,3,307.02,43.02
TXN-104318,29/06/2025 22:00,South,Industrial Machinery,11,320.18,41.61
TXN-104319,29/06/2025 23:00,East,Electronics,3,68.62,34.6
TXN-104320,30/06/2025 00:00,North,Electronics,19,395.38,41.68
TXN-104321,30/06/2025 01:00,East,Office Supplies,10,41.41,30.92
TXN-104322,30/06/2025 02:00,West,Office Supplies,15,153.55,5.21
TXN-104323,30/06/2025 03:00,West,Electronics,11,446.16,6.86
TXN-104324,30/06/2025 04:00,South,Office Supplies,15,199,49.09
TXN-104325,30/06/2025 05:00,North,Industrial Machinery,13,72.49,11.52
TXN-104326,30/06/2025 06:00,North,Electronics,5,436.66,23.2
TXN-104327,30/06/2025 07:00,West,Industrial Machinery,4,443.11,47.02
TXN-104328,30/06/2025 08:00,East,Industrial Machinery,13,96.77,13.78
TXN-104329,30/06/2025 09:00,South,Office Supplies,9,391.26,42.97
TXN-104330,30/06/2025 10:00,East,Industrial Machinery,17,185.14,41.82
TXN-104331,30/06/2025 11:00,East,Office Supplies,2,181.2,49.38
TXN-104332,30/06/2025 12:00,East,Home Appliances,5,129.64,17.68
TXN-104333,30/06/2025 13:00,North,Office Supplies,16,34.93,19.19
TXN-104334,30/06/2025 14:00,West,Industrial Machinery,7,131.95,45.63
TXN-104335,30/06/2025 15:00,North,Home Appliances,1,38.87,15.53
TXN-104336,30/06/2025 16:00,West,Office Supplies,12,417.14,29.66
TXN-104337,30/06/2025 17:00,South,Industrial Machinery,11,303.02,36.83
TXN-104338,30/06/2025 18:00,South,Electronics,12,400.74,17.23
TXN-104339,30/06/2025 19:00,East,Electronics,19,327.16,47.23
TXN-104340,30/06/2025 20:00,West,Office Supplies,12,72.54,34.96
TXN-104341,30/06/2025 21:00,West,Office Supplies,12,424.18,7.12
TXN-104342,30/06/2025 22:00,West,Electronics,14,406.5,11.11
TXN-104343,30/06/2025 23:00,East,Industrial Machinery,2,166.74,13.59
TXN-104344,01/07/2025 00:00,East,Industrial Machinery,2,63.96,16.02
TXN-104345,01/07/2025 01:00,South,Industrial Machinery,4,321.46,37.88
TXN-104346,01/07/2025 02:00,North,Office Supplies,16,331.97,9
TXN-104347,01/07/2025 03:00,West,Home Appliances,10,405.17,20.78
TXN-104348,01/07/2025 04:00,West,Home Appliances,13,38.38,46.01
TXN-104349,01/07/2025 05:00,North,Home Appliances,2,77.07,30.05
TXN-104350,01/07/2025 06:00,West,Home Appliances,3,275.44,16.95
TXN-104351,01/07/2025 07:00,East,Home Appliances,19,284.51,48.07
TXN-104352,01/07/2025 08:00,East,Office Supplies,6,30.1,15.99
TXN-104353,01/07/2025 09:00,West,Office Supplies,19,187.97,45.73
TXN-104354,01/07/2025 10:00,East,Home Appliances,19,269.32,37.66
TXN-104355,01/07/2025 11:00,East,Office Supplies,8,336.12,38.32
TXN-104356,01/07/2025 12:00,West,Office Supplies,14,152.87,39.42
TXN-104357,01/07/2025 13:00,South,Home Appliances,10,225.76,27.8
TXN-104358,01/07/2025 14:00,North,Industrial Machinery,3,369.21,41.66
TXN-104359,01/07/2025 15:00,East,Office Supplies,6,429.97,42.63
TXN-104360,01/07/2025 16:00,South,Industrial Machinery,15,115.57,21.22
TXN-104361,01/07/2025 17:00,East,Office Supplies,18,125.45,23.02
TXN-104362,01/07/2025 18:00,East,Office Supplies,14,423.85,44.99
TXN-104363,01/07/2025 19:00,North,Home Appliances,19,187.52,28.61
TXN-104364,01/07/2025 20:00,East,Office Supplies,10,327.62,44.01
TXN-104365,01/07/2025 21:00,North,Electronics,15,281.53,33.2
TXN-104366,01/07/2025 22:00,North,Electronics,4,139.59,31.71
TXN-104367,01/07/2025 23:00,North,Home Appliances,2,299.47,6.39
TXN-104368,02/07/2025 00:00,South,Industrial Machinery,3,300.34,17.51
TXN-104369,02/07/2025 01:00,West,Industrial Machinery,7,272.92,27.59
TXN-104370,02/07/2025 02:00,South,Industrial Machinery,16,58.8,31.43
TXN-104371,02/07/2025 03:00,West,Electronics,10,447.9,33.37
TXN-104372,02/07/2025 04:00,West,Industrial Machinery,19,189.48,37.23
TXN-104373,02/07/2025 05:00,North,Industrial Machinery,17,292.82,34.53
TXN-104374,02/07/2025 06:00,East,Home Appliances,19,400.36,43.19
TXN-104375,02/07/2025 07:00,North,Industrial Machinery,5,199.42,18.3
TXN-104376,02/07/2025 08:00,East,Electronics,13,351.77,33.87
TXN-104377,02/07/2025 09:00,West,Electronics,13,437.76,7.3
TXN-104378,02/07/2025 10:00,North,Electronics,11,171.46,26.61
TXN-104379,02/07/2025 11:00,East,Home Appliances,11,191.59,17.06
TXN-104380,02/07/2025 12:00,South,Home Appliances,16,408.97,22.14
TXN-104381,02/07/2025 13:00,East,Office Supplies,15,84.86,20.96
TXN-104382,02/07/2025 14:00,North,Industrial Machinery,17,27.92,7.72
TXN-104383,02/07/2025 15:00,South,Home Appliances,18,410.41,26
TXN-104384,02/07/2025 16:00,East,Electronics,19,372.48,49.76
TXN-104385,02/07/2025 17:00,East,Electronics,4,438.09,18.45
TXN-104386,02/07/2025 18:00,East,Home Appliances,5,40.8,38.13
TXN-104387,02/07/2025 19:00,East,Home Appliances,7,83.36,29.65
TXN-104388,02/07/2025 20:00,East,Home Appliances,2,61.26,19.64
TXN-104389,02/07/2025 21:00,South,Office Supplies,1,312.44,9.03
TXN-104390,02/07/2025 22:00,West,Electronics,12,278.81,14.71
TXN-104391,02/07/2025 23:00,South,Office Supplies,10,171.63,40.18
TXN-104392,03/07/2025 00:00,South,Office Supplies,8,40.45,17.56
TXN-104393,03/07/2025 01:00,South,Industrial Machinery,1,293.43,11.49
TXN-104394,03/07/2025 02:00,West,Electronics,12,263.22,19.91
TXN-104395,03/07/2025 03:00,North,Electronics,2,64.56,31.28
TXN-104396,03/07/2025 04:00,West,Home Appliances,10,410.42,36.66
TXN-104397,03/07/2025 05:00,South,Home Appliances,17,101.94,22.43
TXN-104398,03/07/2025 06:00,East,Industrial Machinery,3,338.55,27.42
TXN-104399,03/07/2025 07:00,East,Office Supplies,7,400.07,25.47
TXN-104400,03/07/2025 08:00,South,Home Appliances,12,267.28,5.41
TXN-104401,03/07/2025 09:00,East,Home Appliances,8,122.76,22.8
TXN-104402,03/07/2025 10:00,South,Electronics,12,149.87,31.43
TXN-104403,03/07/2025 11:00,East,Electronics,3,400.36,30.65
TXN-104404,03/07/2025 12:00,West,Home Appliances,17,145.09,38.74
TXN-104405,03/07/2025 13:00,North,Electronics,9,339.72,35.17
TXN-104406,03/07/2025 14:00,North,Industrial Machinery,10,445.73,17.46
TXN-104407,03/07/2025 15:00,West,Home Appliances,6,449.92,16.5
TXN-104408,03/07/2025 16:00,West,Electronics,1,247.3,25.89
TXN-104409,03/07/2025 17:00,South,Industrial Machinery,12,374.64,37.98
TXN-104410,03/07/2025 18:00,South,Electronics,5,445.76,9.22
TXN-104411,03/07/2025 19:00,South,Electronics,13,178.3,47.67
TXN-104412,03/07/2025 20:00,East,Electronics,15,125.17,29.44
TXN-104413,03/07/2025 21:00,South,Home Appliances,11,65.13,18.79
TXN-104414,03/07/2025 22:00,West,Office Supplies,8,76.72,36.2
TXN-104415,03/07/2025 23:00,North,Electronics,5,386.37,7.01
TXN-104416,04/07/2025 00:00,East,Industrial Machinery,2,271.3,26.8
TXN-104417,04/07/2025 01:00,South,Home Appliances,12,395.13,26.87
TXN-104418,04/07/2025 02:00,East,Home Appliances,2,358.52,12.29
TXN-104419,04/07/2025 03:00,East,Industrial Machinery,16,308.24,42.68
TXN-104420,04/07/2025 04:00,South,Electronics,3,280.25,40.86
TXN-104421,04/07/2025 05:00,East,Office Supplies,10,36.5,11.87
TXN-104422,04/07/2025 06:00,North,Electronics,19,394.5,21.37
TXN-104423,04/07/2025 07:00,West,Industrial Machinery,8,197.05,9.52
TXN-104424,04/07/2025 08:00,West,Home Appliances,7,258.73,43.19
TXN-104425,04/07/2025 09:00,North,Office Supplies,1,25.04,19.55
TXN-104426,04/07/2025 10:00,East,Home Appliances,12,422.22,24.77
TXN-104427,04/07/2025 11:00,South,Industrial Machinery,5,407.74,19.57
TXN-104428,04/07/2025 12:00,East,Electronics,16,251.55,18.95
TXN-104429,04/07/2025 13:00,North,Office Supplies,4,266.34,38.63
TXN-104430,04/07/2025 14:00,East,Home Appliances,17,321.83,38.64
TXN-104431,04/07/2025 15:00,West,Home Appliances,2,130.51,28.3
TXN-104432,04/07/2025 16:00,East,Home Appliances,12,111.92,34.59
TXN-104433,04/07/2025 17:00,North,Electronics,1,308.36,28.02
TXN-104434,04/07/2025 18:00,West,Office Supplies,12,60.87,6.29
TXN-104435,04/07/2025 19:00,East,Electronics,12,212.79,7.97
TXN-104436,04/07/2025 20:00,East,Electronics,12,229.6,22.27
TXN-104437,04/07/2025 21:00,West,Electronics,19,181.19,38.74
TXN-104438,04/07/2025 22:00,South,Industrial Machinery,17,96,46.1
TXN-104439,04/07/2025 23:00,West,Industrial Machinery,11,169.88,6.34
TXN-104440,05/07/2025 00:00,South,Industrial Machinery,13,162.17,21.56
TXN-104441,05/07/2025 01:00,North,Office Supplies,8,232.43,15.07
TXN-104442,05/07/2025 02:00,North,Electronics,10,308.65,41.68
TXN-104443,05/07/2025 03:00,West,Electronics,8,436.2,43.07
TXN-104444,05/07/2025 04:00,West,Industrial Machinery,8,78.14,14.29
TXN-104445,05/07/2025 05:00,North,Electronics,9,394.83,36.99
TXN-104446,05/07/2025 06:00,South,Electronics,7,138.98,37.93
TXN-104447,05/07/2025 07:00,North,Home Appliances,14,272.45,12.97
TXN-104448,05/07/2025 08:00,West,Electronics,2,253.06,24.52
TXN-104449,05/07/2025 09:00,North,Home Appliances,11,257.49,32.92
TXN-104450,05/07/2025 10:00,West,Electronics,8,329.8,6.17
TXN-104451,05/07/2025 11:00,West,Office Supplies,13,181.34,23.21
TXN-104452,05/07/2025 12:00,North,Industrial Machinery,15,154.15,11.97
TXN-104453,05/07/2025 13:00,South,Home Appliances,3,386.06,29.39
TXN-104454,05/07/2025 14:00,East,Industrial Machinery,14,111.13,42.93
TXN-104455,05/07/2025 15:00,North,Home Appliances,15,93.82,28.61
TXN-104456,05/07/2025 16:00,East,Home Appliances,2,22.28,6.62
TXN-104457,05/07/2025 17:00,North,Home Appliances,19,107,6.33
TXN-104458,05/07/2025 18:00,East,Office Supplies,12,240.8,32.25
TXN-104459,05/07/2025 19:00,South,Electronics,4,249.48,19.76
TXN-104460,05/07/2025 20:00,South,Home Appliances,3,126.05,30.77
TXN-104461,05/07/2025 21:00,North,Office Supplies,5,46.9,12.36
TXN-104462,05/07/2025 22:00,West,Home Appliances,3,339.05,39.96
TXN-104463,05/07/2025 23:00,East,Electronics,15,344.84,43.73
TXN-104464,06/07/2025 00:00,West,Home Appliances,19,449.06,45.02
TXN-104465,06/07/2025 01:00,West,Office Supplies,2,406.56,18.68
TXN-104466,06/07/2025 02:00,West,Electronics,12,417.87,34.73
TXN-104467,06/07/2025 03:00,South,Office Supplies,5,362.32,17.56
TXN-104468,06/07/2025 04:00,North,Electronics,17,282.94,39.32
TXN-104469,06/07/2025 05:00,North,Electronics,14,71.35,10.42
TXN-104470,06/07/2025 06:00,South,Industrial Machinery,10,285.9,39.32
TXN-104471,06/07/2025 07:00,South,Industrial Machinery,3,39.81,24.79
TXN-104472,06/07/2025 08:00,North,Industrial Machinery,4,400.16,43.5
TXN-104473,06/07/2025 09:00,West,Electronics,6,224.85,38.25
TXN-104474,06/07/2025 10:00,East,Home Appliances,16,318.55,21.94
TXN-104475,06/07/2025 11:00,East,Office Supplies,7,38.2,45.66
TXN-104476,06/07/2025 12:00,East,Office Supplies,15,247.63,17.75
TXN-104477,06/07/2025 13:00,West,Office Supplies,11,146.4,48.51
TXN-104478,06/07/2025 14:00,North,Industrial Machinery,1,139.32,39.52
TXN-104479,06/07/2025 15:00,South,Electronics,5,184.81,49.58
TXN-104480,06/07/2025 16:00,North,Industrial Machinery,13,15.78,7.43
TXN-104481,06/07/2025 17:00,West,Home Appliances,14,218.26,17.33
TXN-104482,06/07/2025 18:00,South,Electronics,9,226.91,38.36
TXN-104483,06/07/2025 19:00,West,Office Supplies,17,390.53,46.5
TXN-104484,06/07/2025 20:00,East,Industrial Machinery,15,210.38,6.29
TXN-104485,06/07/2025 21:00,East,Industrial Machinery,7,173.47,5
TXN-104486,06/07/2025 22:00,West,Home Appliances,12,447.72,16.53
TXN-104487,06/07/2025 23:00,South,Home Appliances,6,263.69,43.38
TXN-104488,07/07/2025 00:00,South,Industrial Machinery,16,220.85,39.52
TXN-104489,07/07/2025 01:00,North,Home Appliances,5,230.98,20.31
TXN-104490,07/07/2025 02:00,East,Office Supplies,9,367.09,5.09
TXN-104491,07/07/2025 03:00,North,Home Appliances,14,163.52,29.96
TXN-104492,07/07/2025 04:00,North,Home Appliances,8,184.59,15.71
TXN-104493,07/07/2025 05:00,West,Industrial Machinery,14,343.93,38.55
TXN-104494,07/07/2025 06:00,West,Industrial Machinery,12,47.21,25.09
TXN-104495,07/07/2025 07:00,North,Electronics,10,391.42,35.54
TXN-104496,07/07/2025 08:00,East,Electronics,13,202.42,43.35
TXN-104497,07/07/2025 09:00,West,Industrial Machinery,19,268.07,29.11
TXN-104498,07/07/2025 10:00,North,Home Appliances,15,344.62,20.12
TXN-104499,07/07/2025 11:00,North,Home Appliances,8,131.1,39.63
TXN-104500,07/07/2025 12:00,North,Electronics,10,402.34,16.93
TXN-104501,07/07/2025 13:00,North,Electronics,3,440.97,45.12
TXN-104502,07/07/2025 14:00,North,Electronics,3,230.26,8.21
TXN-104503,07/07/2025 15:00,North,Office Supplies,5,422.6,42.6
TXN-104504,07/07/2025 16:00,West,Office Supplies,16,15.99,9.12
TXN-104505,07/07/2025 17:00,East,Electronics,17,404.05,7.53
TXN-104506,07/07/2025 18:00,North,Home Appliances,6,150.65,21.35
TXN-104507,07/07/2025 19:00,South,Electronics,16,150.84,48.04
TXN-104508,07/07/2025 20:00,West,Office Supplies,2,114.6,49.26
TXN-104509,07/07/2025 21:00,West,Home Appliances,15,153.24,14.09
TXN-104510,07/07/2025 22:00,North,Office Supplies,18,108.26,11.69
TXN-104511,07/07/2025 23:00,West,Home Appliances,1,409.1,20.88
TXN-104512,08/07/2025 00:00,North,Office Supplies,19,406.13,20.17
TXN-104513,08/07/2025 01:00,East,Home Appliances,12,59.91,39.18
TXN-104514,08/07/2025 02:00,East,Home Appliances,8,77.57,24.98
TXN-104515,08/07/2025 03:00,West,Home Appliances,6,390.05,40.09
TXN-104516,08/07/2025 04:00,West,Home Appliances,12,188.84,38.69
TXN-104517,08/07/2025 05:00,South,Industrial Machinery,7,89.05,31.02
TXN-104518,08/07/2025 06:00,West,Office Supplies,18,237.39,42.51
TXN-104519,08/07/2025 07:00,South,Office Supplies,14,196.54,13.8
TXN-104520,08/07/2025 08:00,East,Industrial Machinery,8,110.73,12.28
TXN-104521,08/07/2025 09:00,East,Home Appliances,14,328.67,38.78
TXN-104522,08/07/2025 10:00,North,Home Appliances,5,289.8,16.02
TXN-104523,08/07/2025 11:00,East,Office Supplies,9,58.8,5.13
TXN-104524,08/07/2025 12:00,South,Industrial Machinery,8,417.58,46.04
TXN-104525,08/07/2025 13:00,West,Home Appliances,2,258.16,33.03
TXN-104526,08/07/2025 14:00,North,Home Appliances,16,124.21,25.02
TXN-104527,08/07/2025 15:00,South,Home Appliances,13,105.13,37.66
TXN-104528,08/07/2025 16:00,West,Electronics,7,74.57,20
TXN-104529,08/07/2025 17:00,North,Industrial Machinery,16,200,47.91
TXN-104530,08/07/2025 18:00,East,Home Appliances,7,74.39,8.09
TXN-104531,08/07/2025 19:00,South,Electronics,14,196.17,33.84
TXN-104532,08/07/2025 20:00,West,Industrial Machinery,14,80.14,39.98
TXN-104533,08/07/2025 21:00,North,Home Appliances,12,300.88,26.11
TXN-104534,08/07/2025 22:00,North,Office Supplies,1,356.69,38.97
TXN-104535,08/07/2025 23:00,East,Electronics,1,254.27,46.71
TXN-104536,09/07/2025 00:00,West,Electronics,12,310.98,38.48
TXN-104537,09/07/2025 01:00,East,Home Appliances,15,423.23,18.92
TXN-104538,09/07/2025 02:00,East,Home Appliances,4,292.87,30.28
TXN-104539,09/07/2025 03:00,West,Electronics,7,173.73,46.02
TXN-104540,09/07/2025 04:00,West,Office Supplies,16,210.8,25.21
TXN-104541,09/07/2025 05:00,West,Office Supplies,3,389.4,35.68
TXN-104542,09/07/2025 06:00,South,Industrial Machinery,7,72.3,25.95
TXN-104543,09/07/2025 07:00,West,Home Appliances,6,157.03,10.46
TXN-104544,09/07/2025 08:00,North,Office Supplies,16,266.33,7.64
TXN-104545,09/07/2025 09:00,East,Industrial Machinery,8,309.39,47.85
TXN-104546,09/07/2025 10:00,South,Office Supplies,6,347.24,32.56
TXN-104547,09/07/2025 11:00,West,Home Appliances,10,153.76,9.67
TXN-104548,09/07/2025 12:00,South,Industrial Machinery,16,78.88,43.58
TXN-104549,09/07/2025 13:00,West,Industrial Machinery,11,430.38,28.52
TXN-104550,09/07/2025 14:00,South,Industrial Machinery,13,48.69,39.74
TXN-104551,09/07/2025 15:00,East,Office Supplies,6,57.13,10.7
TXN-104552,09/07/2025 16:00,East,Home Appliances,1,230.55,45.81
TXN-104553,09/07/2025 17:00,North,Industrial Machinery,19,371.47,31.57
TXN-104554,09/07/2025 18:00,North,Electronics,12,352.02,38.22
TXN-104555,09/07/2025 19:00,West,Home Appliances,6,422.93,6.41
TXN-104556,09/07/2025 20:00,East,Electronics,18,77.03,19.19
TXN-104557,09/07/2025 21:00,South,Electronics,13,178.75,17.04
TXN-104558,09/07/2025 22:00,South,Industrial Machinery,7,138.09,47.73
TXN-104559,09/07/2025 23:00,South,Industrial Machinery,13,389.55,13.34
TXN-104560,10/07/2025 00:00,North,Office Supplies,8,227.69,36.82
TXN-104561,10/07/2025 01:00,South,Office Supplies,17,27.17,6.92
TXN-104562,10/07/2025 02:00,North,Office Supplies,9,323.11,13.9
TXN-104563,10/07/2025 03:00,North,Home Appliances,13,184.39,20.24
TXN-104564,10/07/2025 04:00,West,Office Supplies,2,246.28,40.75
TXN-104565,10/07/2025 05:00,South,Electronics,4,403.85,40.55
TXN-104566,10/07/2025 06:00,South,Office Supplies,2,127.05,47.87
TXN-104567,10/07/2025 07:00,East,Industrial Machinery,4,119.9,46.25
TXN-104568,10/07/2025 08:00,West,Office Supplies,18,129.86,8.67
TXN-104569,10/07/2025 09:00,East,Home Appliances,5,162.41,42.34
TXN-104570,10/07/2025 10:00,West,Home Appliances,19,62.15,25.3
TXN-104571,10/07/2025 11:00,South,Electronics,10,318.44,43.96
TXN-104572,10/07/2025 12:00,North,Home Appliances,18,105.61,9.02
TXN-104573,10/07/2025 13:00,North,Office Supplies,10,417.91,42.02
TXN-104574,10/07/2025 14:00,North,Industrial Machinery,5,109.22,12.18
TXN-104575,10/07/2025 15:00,North,Home Appliances,17,126.58,20.02
TXN-104576,10/07/2025 16:00,North,Electronics,13,144.56,6.3
TXN-104577,10/07/2025 17:00,East,Office Supplies,17,349.43,10.57
TXN-104578,10/07/2025 18:00,West,Electronics,9,201.3,25.06
TXN-104579,10/07/2025 19:00,South,Home Appliances,12,371.5,41.83
TXN-104580,10/07/2025 20:00,East,Home Appliances,14,356.52,39.82
TXN-104581,10/07/2025 21:00,West,Electronics,14,419.36,15.59
TXN-104582,10/07/2025 22:00,North,Office Supplies,8,344.24,11.83
TXN-104583,10/07/2025 23:00,West,Home Appliances,5,38.06,22.52
TXN-104584,11/07/2025 00:00,West,Industrial Machinery,19,379.3,44.75
TXN-104585,11/07/2025 01:00,North,Home Appliances,14,423.09,9.11
TXN-104586,11/07/2025 02:00,North,Office Supplies,9,447.26,29.43
TXN-104587,11/07/2025 03:00,North,Home Appliances,7,69.93,9
TXN-104588,11/07/2025 04:00,South,Electronics,8,281.97,26.16
TXN-104589,11/07/2025 05:00,North,Home Appliances,14,102.16,10.71
TXN-104590,11/07/2025 06:00,South,Home Appliances,14,129.56,8.62
TXN-104591,11/07/2025 07:00,North,Office Supplies,11,339.46,13.59
TXN-104592,11/07/2025 08:00,South,Electronics,14,440.3,16.49
TXN-104593,11/07/2025 09:00,West,Office Supplies,8,273.96,17.43
TXN-104594,11/07/2025 10:00,East,Home Appliances,3,385.08,34.04
TXN-104595,11/07/2025 11:00,West,Industrial Machinery,18,19.36,7.47
TXN-104596,11/07/2025 12:00,West,Home Appliances,3,31.42,8.64
TXN-104597,11/07/2025 13:00,North,Office Supplies,13,274.78,13.49
TXN-104598,11/07/2025 14:00,South,Industrial Machinery,12,184.51,44.24
TXN-104599,11/07/2025 15:00,East,Office Supplies,15,402.1,33.29
TXN-104600,11/07/2025 16:00,North,Office Supplies,18,146.71,37.87
TXN-104601,11/07/2025 17:00,North,Electronics,5,203.23,21.67
TXN-104602,11/07/2025 18:00,North,Industrial Machinery,7,244.88,14.59
TXN-104603,11/07/2025 19:00,West,Home Appliances,11,134.14,6.71
TXN-104604,11/07/2025 20:00,South,Office Supplies,11,410.24,26.98
TXN-104605,11/07/2025 21:00,South,Home Appliances,15,217.34,30.84
TXN-104606,11/07/2025 22:00,East,Electronics,10,199.8,45.37
TXN-104607,11/07/2025 23:00,South,Electronics,15,384.72,44.69
TXN-104608,12/07/2025 00:00,South,Industrial Machinery,13,151.05,24.11
TXN-104609,12/07/2025 01:00,North,Electronics,14,370.69,24.06
TXN-104610,12/07/2025 02:00,North,Electronics,17,68.63,12.25
TXN-104611,12/07/2025 03:00,West,Home Appliances,13,94.92,16.59
TXN-104612,12/07/2025 04:00,North,Electronics,10,428.64,46.65
TXN-104613,12/07/2025 05:00,North,Electronics,1,381.54,11.35
TXN-104614,12/07/2025 06:00,North,Office Supplies,1,184.04,48.59
TXN-104615,12/07/2025 07:00,North,Electronics,15,292.91,27.71
TXN-104616,12/07/2025 08:00,West,Office Supplies,16,425.22,25.55
TXN-104617,12/07/2025 09:00,North,Electronics,12,107.55,12.86
TXN-104618,12/07/2025 10:00,East,Electronics,6,41.14,34.77
TXN-104619,12/07/2025 11:00,East,Industrial Machinery,6,249.03,25.69
TXN-104620,12/07/2025 12:00,East,Industrial Machinery,12,77.46,21.68
TXN-104621,12/07/2025 13:00,East,Office Supplies,15,96.89,16.9
TXN-104622,12/07/2025 14:00,North,Electronics,4,402.87,7.99
TXN-104623,12/07/2025 15:00,East,Home Appliances,4,18.72,28.37
TXN-104624,12/07/2025 16:00,North,Industrial Machinery,2,370.41,19.08
TXN-104625,12/07/2025 17:00,West,Home Appliances,12,240.12,36.85
TXN-104626,12/07/2025 18:00,East,Industrial Machinery,7,258.51,37.56
TXN-104627,12/07/2025 19:00,South,Industrial Machinery,9,307.38,19.94
TXN-104628,12/07/2025 20:00,East,Electronics,9,202.96,35.11
TXN-104629,12/07/2025 21:00,East,Industrial Machinery,8,65.73,16.64
TXN-104630,12/07/2025 22:00,North,Home Appliances,14,60.18,37.72
TXN-104631,12/07/2025 23:00,East,Industrial Machinery,1,343.27,5.72
TXN-104632,13/07/2025 00:00,South,Office Supplies,12,111.54,11.82
TXN-104633,13/07/2025 01:00,North,Electronics,2,27.71,16.03
TXN-104634,13/07/2025 02:00,North,Electronics,13,441.14,39.78
TXN-104635,13/07/2025 03:00,West,Office Supplies,4,441.48,7.99
TXN-104636,13/07/2025 04:00,West,Office Supplies,18,179.8,13.46
TXN-104637,13/07/2025 05:00,East,Office Supplies,19,26.59,21.14
TXN-104638,13/07/2025 06:00,West,Industrial Machinery,16,331.5,5.41
TXN-104639,13/07/2025 07:00,West,Electronics,14,376.57,39.3
TXN-104640,13/07/2025 08:00,West,Office Supplies,8,69.82,30.2
TXN-104641,13/07/2025 09:00,North,Industrial Machinery,12,74.36,45.53
TXN-104642,13/07/2025 10:00,North,Office Supplies,9,372.76,6.4
TXN-104643,13/07/2025 11:00,North,Home Appliances,6,416.07,17.21
TXN-104644,13/07/2025 12:00,West,Home Appliances,18,359.08,37.91
TXN-104645,13/07/2025 13:00,North,Electronics,2,102.72,35.38
TXN-104646,13/07/2025 14:00,West,Industrial Machinery,8,194.31,15.94
TXN-104647,13/07/2025 15:00,North,Home Appliances,14,276.57,31.81
TXN-104648,13/07/2025 16:00,North,Home Appliances,6,85.15,40.72
TXN-104649,13/07/2025 17:00,South,Industrial Machinery,10,107.01,6.5
TXN-104650,13/07/2025 18:00,East,Office Supplies,8,138.41,37.29
TXN-104651,13/07/2025 19:00,West,Industrial Machinery,17,236.88,16.34
TXN-104652,13/07/2025 20:00,South,Office Supplies,12,237.44,47.65
TXN-104653,13/07/2025 21:00,North,Home Appliances,17,369.31,29.22
TXN-104654,13/07/2025 22:00,West,Home Appliances,13,342.68,6.5
TXN-104655,13/07/2025 23:00,North,Home Appliances,19,412.52,23.15
TXN-104656,14/07/2025 00:00,East,Electronics,12,377.4,48.48
TXN-104657,14/07/2025 01:00,South,Electronics,16,125.81,37.87
TXN-104658,14/07/2025 02:00,East,Electronics,5,159.45,18.52
TXN-104659,14/07/2025 03:00,South,Industrial Machinery,16,232.93,30.89
TXN-104660,14/07/2025 04:00,North,Home Appliances,6,21.7,31.96
TXN-104661,14/07/2025 05:00,East,Home Appliances,11,408.25,6.05
TXN-104662,14/07/2025 06:00,East,Industrial Machinery,17,34.77,13.05
TXN-104663,14/07/2025 07:00,North,Electronics,14,155.6,29.83
TXN-104664,14/07/2025 08:00,East,Industrial Machinery,6,262.81,23.12
TXN-104665,14/07/2025 09:00,West,Electronics,11,240.5,13.55
TXN-104666,14/07/2025 10:00,South,Home Appliances,12,299.86,39.77
TXN-104667,14/07/2025 11:00,South,Office Supplies,13,244.71,27
TXN-104668,14/07/2025 12:00,South,Electronics,4,115,18.95
TXN-104669,14/07/2025 13:00,West,Home Appliances,7,102.87,12.28
TXN-104670,14/07/2025 14:00,South,Home Appliances,2,409.7,32.5
TXN-104671,14/07/2025 15:00,North,Office Supplies,6,130.19,34.98
TXN-104672,14/07/2025 16:00,East,Home Appliances,6,137.58,35.13
TXN-104673,14/07/2025 17:00,West,Home Appliances,18,194.93,14.91
TXN-104674,14/07/2025 18:00,South,Electronics,8,76.09,31.79
TXN-104675,14/07/2025 19:00,North,Electronics,8,235.91,45.74
TXN-104676,14/07/2025 20:00,East,Office Supplies,8,304.46,20.89
TXN-104677,14/07/2025 21:00,East,Office Supplies,8,357.02,14.48
TXN-104678,14/07/2025 22:00,West,Home Appliances,1,324.63,39.75
TXN-104679,14/07/2025 23:00,West,Electronics,2,79.65,12.96
TXN-104680,15/07/2025 00:00,West,Office Supplies,12,213.66,16.42
TXN-104681,15/07/2025 01:00,North,Office Supplies,15,32.27,9.53
TXN-104682,15/07/2025 02:00,North,Industrial Machinery,4,23.23,17.05
TXN-104683,15/07/2025 03:00,West,Office Supplies,3,206.74,23.47
TXN-104684,15/07/2025 04:00,South,Home Appliances,14,125.41,7.89
TXN-104685,15/07/2025 05:00,East,Electronics,8,312.42,44.23
TXN-104686,15/07/2025 06:00,East,Office Supplies,13,330.18,28.12
TXN-104687,15/07/2025 07:00,North,Industrial Machinery,19,404.55,31.46
TXN-104688,15/07/2025 08:00,East,Electronics,5,346.02,21.71
TXN-104689,15/07/2025 09:00,South,Office Supplies,13,36.46,35.14
TXN-104690,15/07/2025 10:00,East,Industrial Machinery,1,176.97,24.43
TXN-104691,15/07/2025 11:00,North,Office Supplies,16,134.13,39.26
TXN-104692,15/07/2025 12:00,North,Electronics,2,183.27,41.96
TXN-104693,15/07/2025 13:00,South,Electronics,7,85.05,35.23
TXN-104694,15/07/2025 14:00,South,Electronics,6,57.95,27.11
TXN-104695,15/07/2025 15:00,East,Home Appliances,5,241.87,40.2
TXN-104696,15/07/2025 16:00,East,Office Supplies,4,328.51,27.24
TXN-104697,15/07/2025 17:00,North,Home Appliances,2,320.48,10.02
TXN-104698,15/07/2025 18:00,South,Electronics,10,211.44,10.24
TXN-104699,15/07/2025 19:00,South,Industrial Machinery,5,242.43,47.69
TXN-104700,15/07/2025 20:00,South,Office Supplies,18,239.84,14.61
TXN-104701,15/07/2025 21:00,East,Home Appliances,10,315.99,41.72
TXN-104702,15/07/2025 22:00,South,Office Supplies,15,36.32,16.1
TXN-104703,15/07/2025 23:00,North,Industrial Machinery,9,323.95,24.39
TXN-104704,16/07/2025 00:00,North,Home Appliances,11,268.47,34.47
TXN-104705,16/07/2025 01:00,East,Electronics,17,101.58,12.15
TXN-104706,16/07/2025 02:00,West,Home Appliances,9,36.82,38.18
TXN-104707,16/07/2025 03:00,East,Office Supplies,16,62.66,36.05
TXN-104708,16/07/2025 04:00,West,Office Supplies,6,243.48,29.44
TXN-104709,16/07/2025 05:00,South,Office Supplies,11,345.03,30.47
TXN-104710,16/07/2025 06:00,East,Office Supplies,17,160.91,9.76
TXN-104711,16/07/2025 07:00,North,Electronics,4,180.23,24.62
TXN-104712,16/07/2025 08:00,South,Home Appliances,15,421.39,8.9
TXN-104713,16/07/2025 09:00,North,Electronics,1,108.05,18.85
TXN-104714,16/07/2025 10:00,South,Electronics,1,60.58,45.51
TXN-104715,16/07/2025 11:00,East,Electronics,9,164.71,30.85
TXN-104716,16/07/2025 12:00,West,Office Supplies,12,339.6,38.42
TXN-104717,16/07/2025 13:00,South,Office Supplies,4,287.53,30.82
TXN-104718,16/07/2025 14:00,West,Office Supplies,13,196.16,13.74
TXN-104719,16/07/2025 15:00,South,Home Appliances,7,434.68,31.77
TXN-104720,16/07/2025 16:00,North,Industrial Machinery,8,334.86,38.99
TXN-104721,16/07/2025 17:00,North,Office Supplies,13,42.38,11.23
TXN-104722,16/07/2025 18:00,South,Home Appliances,11,339.04,41.76
TXN-104723,16/07/2025 19:00,West,Office Supplies,9,25.94,29.99
TXN-104724,16/07/2025 20:00,East,Office Supplies,16,298.07,5.19
TXN-104725,16/07/2025 21:00,East,Electronics,10,106.95,28.39
TXN-104726,16/07/2025 22:00,North,Electronics,11,318.1,22.81
TXN-104727,16/07/2025 23:00,East,Electronics,12,150.1,18.34
TXN-104728,17/07/2025 00:00,North,Home Appliances,14,394.82,39.71
TXN-104729,17/07/2025 01:00,East,Industrial Machinery,19,161.89,45.48
TXN-104730,17/07/2025 02:00,South,Industrial Machinery,12,284.76,39.32
TXN-104731,17/07/2025 03:00,North,Home Appliances,18,139.74,43.1
TXN-104732,17/07/2025 04:00,North,Office Supplies,17,414.03,45.9
TXN-104733,17/07/2025 05:00,South,Home Appliances,3,354.84,46.07
TXN-104734,17/07/2025 06:00,North,Office Supplies,1,121.22,10.16
TXN-104735,17/07/2025 07:00,East,Home Appliances,19,427.75,25.54
TXN-104736,17/07/2025 08:00,East,Home Appliances,4,170.68,5.01
TXN-104737,17/07/2025 09:00,North,Home Appliances,16,298.74,27.79
TXN-104738,17/07/2025 10:00,East,Industrial Machinery,12,338.27,46.59
TXN-104739,17/07/2025 11:00,West,Electronics,13,25.45,13.96
TXN-104740,17/07/2025 12:00,North,Home Appliances,17,432.17,33.79
TXN-104741,17/07/2025 13:00,South,Industrial Machinery,8,165.16,34
TXN-104742,17/07/2025 14:00,West,Electronics,13,97.96,12.22
TXN-104743,17/07/2025 15:00,North,Electronics,5,385.13,15.73
TXN-104744,17/07/2025 16:00,South,Home Appliances,18,320.91,25.79
TXN-104745,17/07/2025 17:00,East,Office Supplies,15,53.19,13.47
TXN-104746,17/07/2025 18:00,South,Office Supplies,12,66.36,31.32
TXN-104747,17/07/2025 19:00,West,Office Supplies,17,326.25,26.8
TXN-104748,17/07/2025 20:00,East,Home Appliances,15,47.99,28.36
TXN-104749,17/07/2025 21:00,North,Office Supplies,2,414.01,11.05
TXN-104750,17/07/2025 22:00,East,Industrial Machinery,6,337.7,28.28
TXN-104751,17/07/2025 23:00,North,Industrial Machinery,17,161.27,7.23
TXN-104752,18/07/2025 00:00,North,Industrial Machinery,16,173.2,44.67
TXN-104753,18/07/2025 01:00,South,Industrial Machinery,17,235.57,20.45
TXN-104754,18/07/2025 02:00,South,Electronics,9,172.34,43.54
TXN-104755,18/07/2025 03:00,South,Industrial Machinery,5,355.92,36.57
TXN-104756,18/07/2025 04:00,West,Office Supplies,1,439.02,39.48
TXN-104757,18/07/2025 05:00,West,Home Appliances,6,269.47,19.15
TXN-104758,18/07/2025 06:00,South,Office Supplies,14,209.3,15.25
TXN-104759,18/07/2025 07:00,West,Industrial Machinery,17,112.3,23.3
TXN-104760,18/07/2025 08:00,East,Electronics,19,299.42,6.09
TXN-104761,18/07/2025 09:00,East,Industrial Machinery,1,313.38,46.34
TXN-104762,18/07/2025 10:00,West,Home Appliances,1,313.22,22.42
TXN-104763,18/07/2025 11:00,West,Office Supplies,13,27.22,49.49
TXN-104764,18/07/2025 12:00,East,Home Appliances,14,406.17,39.27
TXN-104765,18/07/2025 13:00,North,Home Appliances,6,162.41,8.62
TXN-104766,18/07/2025 14:00,East,Home Appliances,6,338.84,34.71
TXN-104767,18/07/2025 15:00,East,Office Supplies,1,345.64,17.19
TXN-104768,18/07/2025 16:00,West,Industrial Machinery,14,298.17,15.97
TXN-104769,18/07/2025 17:00,East,Home Appliances,3,187.07,16.55
TXN-104770,18/07/2025 18:00,West,Office Supplies,10,279.84,46.22
TXN-104771,18/07/2025 19:00,West,Electronics,19,32.97,27.5
TXN-104772,18/07/2025 20:00,South,Office Supplies,19,346.54,35.13
TXN-104773,18/07/2025 21:00,East,Electronics,19,58.77,17.64
TXN-104774,18/07/2025 22:00,North,Office Supplies,4,187.89,28.53
TXN-104775,18/07/2025 23:00,South,Industrial Machinery,19,60.52,20.75
TXN-104776,19/07/2025 00:00,West,Home Appliances,10,379.21,19.45
TXN-104777,19/07/2025 01:00,West,Industrial Machinery,2,254.61,16.11
TXN-104778,19/07/2025 02:00,North,Office Supplies,4,315.72,23.41
TXN-104779,19/07/2025 03:00,West,Home Appliances,6,312.08,34.7
TXN-104780,19/07/2025 04:00,East,Electronics,7,381.18,14.99
TXN-104781,19/07/2025 05:00,South,Office Supplies,16,73.1,48.44
TXN-104782,19/07/2025 06:00,West,Home Appliances,7,302.15,10.61
TXN-104783,19/07/2025 07:00,West,Electronics,18,265.4,26.61
TXN-104784,19/07/2025 08:00,North,Electronics,19,28.92,8.83
TXN-104785,19/07/2025 09:00,East,Industrial Machinery,9,103.02,6.02
TXN-104786,19/07/2025 10:00,West,Office Supplies,10,131.76,46.52
TXN-104787,19/07/2025 11:00,North,Electronics,13,47.03,41.47
TXN-104788,19/07/2025 12:00,West,Home Appliances,18,169.63,36.24
TXN-104789,19/07/2025 13:00,North,Electronics,16,27.32,43.93
TXN-104790,19/07/2025 14:00,North,Electronics,17,255.86,41.13
TXN-104791,19/07/2025 15:00,East,Industrial Machinery,13,107.4,34.13
TXN-104792,19/07/2025 16:00,West,Industrial Machinery,12,140.2,43.13
TXN-104793,19/07/2025 17:00,East,Home Appliances,10,411.1,22.59
TXN-104794,19/07/2025 18:00,North,Industrial Machinery,1,233.97,29.87
TXN-104795,19/07/2025 19:00,South,Electronics,8,132.39,39.93
TXN-104796,19/07/2025 20:00,West,Electronics,18,275.53,8.82
TXN-104797,19/07/2025 21:00,South,Industrial Machinery,2,103.13,43.64
TXN-104798,19/07/2025 22:00,West,Electronics,16,47.82,12.06
TXN-104799,19/07/2025 23:00,East,Electronics,12,24.58,43.9
TXN-104800,20/07/2025 00:00,East,Home Appliances,9,428.94,19.01
TXN-104801,20/07/2025 01:00,East,Industrial Machinery,3,330.34,19.71
TXN-104802,20/07/2025 02:00,East,Electronics,4,363.08,8.33
TXN-104803,20/07/2025 03:00,East,Industrial Machinery,2,441.71,44.87
TXN-104804,20/07/2025 04:00,South,Home Appliances,8,420.29,12.85
TXN-104805,20/07/2025 05:00,East,Industrial Machinery,10,335.69,33.35
TXN-104806,20/07/2025 06:00,North,Electronics,16,317.04,33.98
TXN-104807,20/07/2025 07:00,North,Industrial Machinery,11,161.86,17.65
TXN-104808,20/07/2025 08:00,South,Electronics,18,60.7,49.35
TXN-104809,20/07/2025 09:00,West,Electronics,14,264.78,7.89
TXN-104810,20/07/2025 10:00,North,Electronics,8,265.88,32.35
TXN-104811,20/07/2025 11:00,West,Home Appliances,15,429.25,26.58
TXN-104812,20/07/2025 12:00,South,Industrial Machinery,17,207.8,16.05
TXN-104813,20/07/2025 13:00,West,Home Appliances,18,315.66,12.36
TXN-104814,20/07/2025 14:00,West,Industrial Machinery,6,265.32,38.17
TXN-104815,20/07/2025 15:00,West,Home Appliances,14,92.3,46.23
TXN-104816,20/07/2025 16:00,West,Office Supplies,3,272.75,9.84
TXN-104817,20/07/2025 17:00,South,Electronics,7,250.18,13.73
TXN-104818,20/07/2025 18:00,North,Electronics,15,230.1,49.38
TXN-104819,20/07/2025 19:00,East,Home Appliances,16,238.58,5.68
TXN-104820,20/07/2025 20:00,West,Office Supplies,16,86.75,27.87
TXN-104821,20/07/2025 21:00,North,Electronics,8,216.88,28.23
TXN-104822,20/07/2025 22:00,North,Industrial Machinery,7,278.66,16.84
TXN-104823,20/07/2025 23:00,South,Home Appliances,6,228.17,34.84
TXN-104824,21/07/2025 00:00,North,Electronics,2,227.83,47.52
TXN-104825,21/07/2025 01:00,South,Electronics,13,49.18,25.26
TXN-104826,21/07/2025 02:00,West,Home Appliances,12,98.39,38.72
TXN-104827,21/07/2025 03:00,West,Home Appliances,15,154.96,34.07
TXN-104828,21/07/2025 04:00,East,Industrial Machinery,9,197.71,26.28
TXN-104829,21/07/2025 05:00,East,Industrial Machinery,2,273.57,7.24
TXN-104830,21/07/2025 06:00,East,Electronics,17,390.62,38.38
TXN-104831,21/07/2025 07:00,North,Electronics,5,84.66,21.35
TXN-104832,21/07/2025 08:00,West,Home Appliances,11,22.06,15.1
TXN-104833,21/07/2025 09:00,South,Electronics,19,210.69,47.67
TXN-104834,21/07/2025 10:00,East,Electronics,7,203.25,39.81
TXN-104835,21/07/2025 11:00,South,Home Appliances,2,255.3,48.3
TXN-104836,21/07/2025 12:00,South,Electronics,16,377.53,16.53
TXN-104837,21/07/2025 13:00,East,Electronics,12,364.13,42.61
TXN-104838,21/07/2025 14:00,West,Office Supplies,15,58.97,32.35
TXN-104839,21/07/2025 15:00,East,Industrial Machinery,1,421.32,49.17
TXN-104840,21/07/2025 16:00,South,Home Appliances,13,63.48,47.58
TXN-104841,21/07/2025 17:00,East,Office Supplies,6,291.22,48.78
TXN-104842,21/07/2025 18:00,South,Industrial Machinery,13,307.66,47.83
TXN-104843,21/07/2025 19:00,South,Industrial Machinery,18,310.91,5.34
TXN-104844,21/07/2025 20:00,East,Industrial Machinery,3,130.8,38.35
TXN-104845,21/07/2025 21:00,North,Office Supplies,1,159.03,17.24
TXN-104846,21/07/2025 22:00,East,Office Supplies,15,253.9,36.73
TXN-104847,21/07/2025 23:00,North,Industrial Machinery,13,102.22,49.13
TXN-104848,22/07/2025 00:00,South,Electronics,5,24.32,6.77
TXN-104849,22/07/2025 01:00,South,Electronics,13,259.75,30.51
TXN-104850,22/07/2025 02:00,North,Office Supplies,5,217.66,38.07
TXN-104851,22/07/2025 03:00,South,Office Supplies,19,300.85,16.4
TXN-104852,22/07/2025 04:00,North,Office Supplies,18,79.24,15.13
TXN-104853,22/07/2025 05:00,North,Industrial Machinery,10,380.88,7.72
TXN-104854,22/07/2025 06:00,South,Electronics,8,79.03,9.23
TXN-104855,22/07/2025 07:00,West,Office Supplies,15,402.79,34.55
TXN-104856,22/07/2025 08:00,North,Office Supplies,4,210.82,27.73
TXN-104857,22/07/2025 09:00,East,Home Appliances,2,254.39,6.35
TXN-104858,22/07/2025 10:00,East,Industrial Machinery,6,405.06,48.63
TXN-104859,22/07/2025 11:00,South,Home Appliances,3,145.81,34.52
TXN-104860,22/07/2025 12:00,West,Electronics,7,94.5,28.2
TXN-104861,22/07/2025 13:00,South,Home Appliances,10,209.18,17.27
TXN-104862,22/07/2025 14:00,West,Home Appliances,6,121.68,34.61
TXN-104863,22/07/2025 15:00,North,Home Appliances,16,244.85,21.39
TXN-104864,22/07/2025 16:00,North,Industrial Machinery,2,135.1,36.61
TXN-104865,22/07/2025 17:00,North,Electronics,17,391.12,35.72
TXN-104866,22/07/2025 18:00,North,Home Appliances,13,279.38,9.17
TXN-104867,22/07/2025 19:00,East,Industrial Machinery,1,15.6,45.92
TXN-104868,22/07/2025 20:00,East,Electronics,6,365.48,26.91
TXN-104869,22/07/2025 21:00,South,Office Supplies,5,158.98,22.68
TXN-104870,22/07/2025 22:00,West,Home Appliances,13,154.63,48
TXN-104871,22/07/2025 23:00,North,Electronics,18,181.94,24.72
TXN-104872,23/07/2025 00:00,North,Home Appliances,12,289.35,37.45
TXN-104873,23/07/2025 01:00,West,Office Supplies,7,207.58,34.48
TXN-104874,23/07/2025 02:00,West,Electronics,15,288.64,12.43
TXN-104875,23/07/2025 03:00,South,Industrial Machinery,3,79.28,49.6
TXN-104876,23/07/2025 04:00,West,Electronics,16,437.04,25.86
TXN-104877,23/07/2025 05:00,North,Industrial Machinery,1,332.51,22.77
TXN-104878,23/07/2025 06:00,North,Electronics,16,124.21,46.38
TXN-104879,23/07/2025 07:00,North,Industrial Machinery,12,330.15,28.82
TXN-104880,23/07/2025 08:00,North,Office Supplies,19,265.35,36.73
TXN-104881,23/07/2025 09:00,North,Office Supplies,8,62.94,43.08
TXN-104882,23/07/2025 10:00,South,Office Supplies,12,92.93,15.6
TXN-104883,23/07/2025 11:00,North,Electronics,15,33.45,12.63
TXN-104884,23/07/2025 12:00,South,Office Supplies,2,367.11,8.08
TXN-104885,23/07/2025 13:00,North,Home Appliances,17,255.22,45.37
TXN-104886,23/07/2025 14:00,East,Office Supplies,7,153.13,14.02
TXN-104887,23/07/2025 15:00,East,Industrial Machinery,13,70.4,18.85
TXN-104888,23/07/2025 16:00,East,Industrial Machinery,1,225.82,17.86
TXN-104889,23/07/2025 17:00,East,Industrial Machinery,6,243.73,18.71
TXN-104890,23/07/2025 18:00,South,Electronics,13,320.5,35.06
TXN-104891,23/07/2025 19:00,South,Home Appliances,11,436.94,47.94
TXN-104892,23/07/2025 20:00,West,Office Supplies,10,204.48,19.83
TXN-104893,23/07/2025 21:00,North,Home Appliances,16,191.92,23.34
TXN-104894,23/07/2025 22:00,East,Home Appliances,17,176.23,39.7
TXN-104895,23/07/2025 23:00,South,Industrial Machinery,17,374.8,24.46
TXN-104896,24/07/2025 00:00,North,Industrial Machinery,4,83.42,46.67
TXN-104897,24/07/2025 01:00,North,Industrial Machinery,5,164.89,27.64
TXN-104898,24/07/2025 02:00,South,Electronics,14,330.5,20.65
TXN-104899,24/07/2025 03:00,East,Home Appliances,10,22.32,48.72
TXN-104900,24/07/2025 04:00,West,Home Appliances,14,141.24,24.16
TXN-104901,24/07/2025 05:00,North,Electronics,1,294.21,15.4
TXN-104902,24/07/2025 06:00,West,Electronics,11,96.3,13
TXN-104903,24/07/2025 07:00,East,Electronics,18,147.03,49.78
TXN-104904,24/07/2025 08:00,East,Home Appliances,16,226.69,38.88
TXN-104905,24/07/2025 09:00,West,Home Appliances,18,198.87,23.39
TXN-104906,24/07/2025 10:00,East,Industrial Machinery,8,61.57,42.19
TXN-104907,24/07/2025 11:00,North,Industrial Machinery,10,423.16,29.61
TXN-104908,24/07/2025 12:00,West,Home Appliances,10,34.75,19.28
TXN-104909,24/07/2025 13:00,East,Industrial Machinery,5,341.26,38.45
TXN-104910,24/07/2025 14:00,West,Electronics,10,46.53,38.57
TXN-104911,24/07/2025 15:00,North,Office Supplies,18,218.54,27.51
TXN-104912,24/07/2025 16:00,East,Industrial Machinery,6,91.72,7.03
TXN-104913,24/07/2025 17:00,North,Home Appliances,3,76.81,8.47
TXN-104914,24/07/2025 18:00,East,Industrial Machinery,8,70.2,40.49
TXN-104915,24/07/2025 19:00,South,Industrial Machinery,9,212.24,42.06
TXN-104916,24/07/2025 20:00,East,Industrial Machinery,5,239.48,35.52
TXN-104917,24/07/2025 21:00,West,Office Supplies,2,73.46,42.76
TXN-104918,24/07/2025 22:00,East,Electronics,2,441.05,37.38
TXN-104919,24/07/2025 23:00,North,Home Appliances,7,127.5,45.36
TXN-104920,25/07/2025 00:00,North,Office Supplies,17,214.87,11.77
TXN-104921,25/07/2025 01:00,East,Home Appliances,10,109.47,22.45
TXN-104922,25/07/2025 02:00,West,Home Appliances,12,230.11,25.88
TXN-104923,25/07/2025 03:00,South,Home Appliances,2,343.99,18.39
TXN-104924,25/07/2025 04:00,West,Office Supplies,10,241.92,37.64
TXN-104925,25/07/2025 05:00,South,Electronics,1,139.61,46.06
TXN-104926,25/07/2025 06:00,North,Home Appliances,4,123.43,23.56
TXN-104927,25/07/2025 07:00,West,Electronics,13,345.26,47.37
TXN-104928,25/07/2025 08:00,South,Electronics,12,66.87,28.25
TXN-104929,25/07/2025 09:00,East,Industrial Machinery,11,176.25,28.51
TXN-104930,25/07/2025 10:00,North,Office Supplies,10,81.32,32.01
TXN-104931,25/07/2025 11:00,East,Office Supplies,15,127.59,17.07
TXN-104932,25/07/2025 12:00,North,Industrial Machinery,5,81.84,22.25
TXN-104933,25/07/2025 13:00,West,Industrial Machinery,17,400.8,29.9
TXN-104934,25/07/2025 14:00,West,Electronics,5,333.51,47.39
TXN-104935,25/07/2025 15:00,North,Home Appliances,2,259.22,33.92
TXN-104936,25/07/2025 16:00,North,Office Supplies,9,113.01,19.99
TXN-104937,25/07/2025 17:00,North,Home Appliances,6,237.19,5.47
TXN-104938,25/07/2025 18:00,West,Home Appliances,18,241.8,49.17
TXN-104939,25/07/2025 19:00,South,Industrial Machinery,14,272.03,27.18
TXN-104940,25/07/2025 20:00,East,Home Appliances,19,41.61,47.23
TXN-104941,25/07/2025 21:00,East,Electronics,14,438.23,29.72
TXN-104942,25/07/2025 22:00,West,Industrial Machinery,8,217.73,32.25
TXN-104943,25/07/2025 23:00,East,Home Appliances,17,418.08,37.04
TXN-104944,26/07/2025 00:00,North,Industrial Machinery,3,19.76,19.44
TXN-104945,26/07/2025 01:00,South,Electronics,10,123.06,36.45
TXN-104946,26/07/2025 02:00,East,Electronics,17,60.69,28.71
TXN-104947,26/07/2025 03:00,South,Home Appliances,11,349.9,35.26
TXN-104948,26/07/2025 04:00,North,Industrial Machinery,8,154.59,42.61
TXN-104949,26/07/2025 05:00,East,Home Appliances,1,380.69,13.29
TXN-104950,26/07/2025 06:00,West,Home Appliances,13,377.17,32.61
TXN-104951,26/07/2025 07:00,South,Industrial Machinery,4,305.66,7.35
TXN-104952,26/07/2025 08:00,North,Home Appliances,7,304.78,9.6
TXN-104953,26/07/2025 09:00,South,Electronics,14,319.72,35.36
TXN-104954,26/07/2025 10:00,East,Industrial Machinery,5,308.25,8.19
TXN-104955,26/07/2025 11:00,East,Industrial Machinery,11,183.61,31.79
TXN-104956,26/07/2025 12:00,West,Industrial Machinery,17,312.19,14.9
TXN-104957,26/07/2025 13:00,North,Industrial Machinery,5,405.42,18.68
TXN-104958,26/07/2025 14:00,North,Home Appliances,3,160,10.83
TXN-104959,26/07/2025 15:00,West,Home Appliances,5,426.05,16.19
TXN-104960,26/07/2025 16:00,West,Electronics,15,21.4,41.96
TXN-104961,26/07/2025 17:00,North,Office Supplies,19,167.18,33.75
TXN-104962,26/07/2025 18:00,South,Office Supplies,16,72.9,47.74
TXN-104963,26/07/2025 19:00,South,Electronics,8,70.52,7.19
TXN-104964,26/07/2025 20:00,West,Office Supplies,13,369.8,40.66
TXN-104965,26/07/2025 21:00,South,Electronics,16,414.53,36.46
TXN-104966,26/07/2025 22:00,North,Home Appliances,3,353.44,16.74
TXN-104967,26/07/2025 23:00,East,Industrial Machinery,1,439.84,37.81
TXN-104968,27/07/2025 00:00,East,Industrial Machinery,9,109.49,37.24
TXN-104969,27/07/2025 01:00,South,Home Appliances,9,76.68,25.67
TXN-104970,27/07/2025 02:00,West,Industrial Machinery,17,241.75,35.99
TXN-104971,27/07/2025 03:00,West,Industrial Machinery,2,375.72,25.01
TXN-104972,27/07/2025 04:00,West,Office Supplies,9,32.81,20.1
TXN-104973,27/07/2025 05:00,West,Home Appliances,19,448.07,25.99
TXN-104974,27/07/2025 06:00,West,Office Supplies,13,277.18,45.28
TXN-104975,27/07/2025 07:00,South,Office Supplies,5,440.85,22.31
TXN-104976,27/07/2025 08:00,East,Industrial Machinery,9,174.13,23.17
TXN-104977,27/07/2025 09:00,East,Industrial Machinery,13,214.51,32.38
TXN-104978,27/07/2025 10:00,South,Home Appliances,1,342.4,38.88
TXN-104979,27/07/2025 11:00,West,Industrial Machinery,15,359.93,38.06
TXN-104980,27/07/2025 12:00,South,Industrial Machinery,4,116.75,5.89
TXN-104981,27/07/2025 13:00,East,Home Appliances,4,419.5,35.93
TXN-104982,27/07/2025 14:00,North,Industrial Machinery,10,392.4,25.27
TXN-104983,27/07/2025 15:00,South,Office Supplies,6,23.41,28.58
TXN-104984,27/07/2025 16:00,West,Home Appliances,12,71.36,30.27
TXN-104985,27/07/2025 17:00,East,Industrial Machinery,16,231.05,37.93
TXN-104986,27/07/2025 18:00,East,Electronics,3,215.79,42.41
TXN-104987,27/07/2025 19:00,East,Home Appliances,14,323.3,34.08
TXN-104988,27/07/2025 20:00,East,Home Appliances,1,54.48,30.38
TXN-104989,27/07/2025 21:00,West,Electronics,10,295.69,21.82
TXN-104990,27/07/2025 22:00,North,Industrial Machinery,15,283.31,11.2
TXN-104991,27/07/2025 23:00,East,Industrial Machinery,7,117.01,48.14
TXN-104992,28/07/2025 00:00,South,Home Appliances,4,251.17,25.78
TXN-104993,28/07/2025 01:00,North,Home Appliances,14,112.05,30.48
TXN-104994,28/07/2025 02:00,East,Industrial Machinery,16,79.34,38.8
TXN-104995,28/07/2025 03:00,North,Industrial Machinery,14,264.53,8.08
TXN-104996,28/07/2025 04:00,South,Office Supplies,3,440.21,43.48
TXN-104997,28/07/2025 05:00,East,Home Appliances,17,118.45,40.87
TXN-104998,28/07/2025 06:00,South,Home Appliances,14,169.89,39.85
TXN-104999,28/07/2025 07:00,West,Electronics,18,126.98,5.99
